[0m13:49:09.091861 [debug] [MainThread]: Sending event: {'category': 'dbt', 'action': 'invocation', 'label': 'start', 'context': [<snowplow_tracker.self_describing_json.SelfDescribingJson object at 0x000001F0A38B4470>, <snowplow_tracker.self_describing_json.SelfDescribingJson object at 0x000001F0A84420C0>, <snowplow_tracker.self_describing_json.SelfDescribingJson object at 0x000001F0A8441670>]}


============================== 13:49:09.100988 | afbbf372-a5ba-4e3a-a2e1-828bfe6c7582 ==============================
[0m13:49:09.100988 [info ] [MainThread]: Running with dbt=1.11.11
[0m13:49:09.103128 [debug] [MainThread]: running dbt with arguments {'version_check': 'True', 'no_print': 'None', 'static_parser': 'True', 'target_path': 'None', 'warn_error_options': 'WarnErrorOptionsV2(error=[], warn=[], silence=[])', 'printer_width': '80', 'write_json': 'True', 'empty': 'None', 'log_cache_events': 'False', 'introspect': 'True', 'cache_selected_only': 'False', 'log_format': 'default', 'debug': 'False', 'fail_fast': 'False', 'profiles_dir': 'C:\\Users\\KaelThas\\.dbt', 'send_anonymous_usage_stats': 'True', 'quiet': 'False', 'warn_error': 'None', 'partial_parse': 'True', 'invocation_command': 'dbt debug --profile databricks_free', 'use_colors': 'True', 'indirect_selection': 'eager', 'use_experimental_parser': 'False', 'log_path': 'C:\\Users\\KaelThas\\Documents\\steam_analytics_api\\dbt_steam_api\\logs'}
[0m13:49:09.154425 [info ] [MainThread]: dbt version: 1.11.11
[0m13:49:09.155424 [info ] [MainThread]: python version: 3.12.10
[0m13:49:09.156426 [info ] [MainThread]: python path: C:\Users\KaelThas\AppData\Local\Microsoft\WindowsApps\PythonSoftwareFoundation.Python.3.12_qbz5n2kfra8p0\python.exe
[0m13:49:09.157426 [info ] [MainThread]: os info: Windows-10-10.0.19045-SP0
[0m13:49:14.501012 [debug] [MainThread]: Spark adapter: Setting pyhive.hive logging to ERROR
[0m13:49:14.502011 [debug] [MainThread]: Spark adapter: Setting thrift.transport logging to ERROR
[0m13:49:14.503010 [debug] [MainThread]: Spark adapter: Setting thrift.protocol logging to ERROR
[0m13:49:16.359709 [info ] [MainThread]: Using profiles dir at C:\Users\KaelThas\.dbt
[0m13:49:16.360712 [info ] [MainThread]: Using profiles.yml file at C:\Users\KaelThas\.dbt\profiles.yml
[0m13:49:16.361726 [info ] [MainThread]: Using dbt_project.yml file at C:\Users\KaelThas\Documents\steam_analytics_api\dbt_steam_api\dbt_project.yml
[0m13:49:16.362726 [info ] [MainThread]: adapter type: databricks
[0m13:49:16.363709 [info ] [MainThread]: adapter version: 1.12.1
[0m13:49:16.600769 [info ] [MainThread]: Configuration:
[0m13:49:16.601749 [info ] [MainThread]:   profiles.yml file [[32mOK found and valid[0m]
[0m13:49:16.602751 [info ] [MainThread]:   dbt_project.yml file [[32mOK found and valid[0m]
[0m13:49:16.603873 [info ] [MainThread]: Required dependencies:
[0m13:49:16.603873 [debug] [MainThread]: Executing "git --help"
[0m13:49:16.715668 [debug] [MainThread]: STDOUT: "b"usage: git [-v | --version] [-h | --help] [-C <path>] [-c <name>=<value>]\n           [--exec-path[=<path>]] [--html-path] [--man-path] [--info-path]\n           [-p | --paginate | -P | --no-pager] [--no-replace-objects] [--no-lazy-fetch]\n           [--no-optional-locks] [--no-advice] [--bare] [--git-dir=<path>]\n           [--work-tree=<path>] [--namespace=<name>] [--config-env=<name>=<envvar>]\n           <command> [<args>]\n\nThese are common Git commands used in various situations:\n\nstart a working area (see also: git help tutorial)\n   clone      Clone a repository into a new directory\n   init       Create an empty Git repository or reinitialize an existing one\n\nwork on the current change (see also: git help everyday)\n   add        Add file contents to the index\n   mv         Move or rename a file, a directory, or a symlink\n   restore    Restore working tree files\n   rm         Remove files from the working tree and from the index\n\nexamine the history and state (see also: git help revisions)\n   bisect     Use binary search to find the commit that introduced a bug\n   diff       Show changes between commits, commit and working tree, etc\n   grep       Print lines matching a pattern\n   log        Show commit logs\n   show       Show various types of objects\n   status     Show the working tree status\n\ngrow, mark and tweak your common history\n   backfill   Download missing objects in a partial clone\n   branch     List, create, or delete branches\n   commit     Record changes to the repository\n   history    EXPERIMENTAL: Rewrite history\n   merge      Join two or more development histories together\n   rebase     Reapply commits on top of another base tip\n   reset      Set `HEAD` or the index to a known state\n   switch     Switch branches\n   tag        Create, list, delete or verify tags\n\ncollaborate (see also: git help workflows)\n   fetch      Download objects and refs from another repository\n   pull       Fetch from and integrate with another repository or a local branch\n   push       Update remote refs along with associated objects\n\n'git help -a' and 'git help -g' list available subcommands and some\nconcept guides. See 'git help <command>' or 'git help <concept>'\nto read about a specific subcommand or concept.\nSee 'git help git' for an overview of the system.\n""
[0m13:49:16.717671 [debug] [MainThread]: STDERR: "b''"
[0m13:49:16.717671 [info ] [MainThread]:  - git [[32mOK found[0m]

[0m13:49:16.718671 [info ] [MainThread]: Connection:
[0m13:49:16.719671 [info ] [MainThread]:   host: dbc-91c90cd7-354c.cloud.databricks.com
[0m13:49:16.720669 [info ] [MainThread]:   http_path: /sql/1.0/warehouses/f04b2f7e45c720ea
[0m13:49:16.721668 [info ] [MainThread]:   catalog: hive_metastore
[0m13:49:16.722904 [info ] [MainThread]:   schema: raw_steam
[0m13:49:16.724904 [info ] [MainThread]: Registered adapter: databricks=1.12.1
[0m13:49:18.279006 [debug] [MainThread]: Databricks adapter: DatabricksDBTConnection(session-id=None, name=debug) - Creating connection
[0m13:49:18.280020 [debug] [MainThread]: Acquiring new databricks connection 'debug'
[0m13:49:19.281191 [info ] [MainThread]: Databricks adapter:   SPOG host (host_type='workspace'): no
[0m13:49:19.282189 [info ] [MainThread]: Databricks adapter:   workspace_id (from ?o= in http_path): None
[0m13:49:19.283316 [info ] [MainThread]: Databricks adapter:   databricks-sql-connector version: 4.2.6 (supported)
[0m13:49:19.284317 [info ] [MainThread]: Databricks adapter:   databricks-sdk version: 0.104.0 (supported)
[0m13:49:19.285315 [debug] [MainThread]: Using databricks connection "debug"
[0m13:49:19.285315 [debug] [MainThread]: On debug: select 1 as id
[0m13:49:19.286318 [debug] [MainThread]: Opening a new connection, currently in state init
[0m13:49:21.600880 [debug] [MainThread]: Databricks adapter: Connection(session-id=01f17b8c-393a-16c7-91f0-59b455790446) - Created
[0m13:49:22.063011 [debug] [MainThread]: SQL status: OK in 2.780 seconds
[0m13:49:22.065010 [debug] [MainThread]: Databricks adapter: Cursor(session-id=01f17b8c-393a-16c7-91f0-59b455790446, command-id=01f17b8c-39a8-1cab-a1b9-59a28b1f4fa6) - Closing
[0m13:49:22.065994 [debug] [MainThread]: On debug: Close
[0m13:49:22.067009 [debug] [MainThread]: Databricks adapter: Connection(session-id=01f17b8c-393a-16c7-91f0-59b455790446) - Closing
[0m13:49:22.252694 [info ] [MainThread]:   Connection test: [[32mOK connection ok[0m]

[0m13:49:22.254694 [info ] [MainThread]: [32mAll checks passed![0m
[0m13:49:22.256710 [debug] [MainThread]: Command `dbt debug` succeeded at 13:49:22.256710 after 13.42 seconds
[0m13:49:22.257709 [debug] [MainThread]: Sending event: {'category': 'dbt', 'action': 'invocation', 'label': 'end', 'context': [<snowplow_tracker.self_describing_json.SelfDescribingJson object at 0x000001F0A89A6000>, <snowplow_tracker.self_describing_json.SelfDescribingJson object at 0x000001F0A880DDC0>, <snowplow_tracker.self_describing_json.SelfDescribingJson object at 0x000001F0A880CF20>]}
[0m13:49:22.258709 [debug] [MainThread]: Flushing usage events
[0m13:49:23.146649 [debug] [MainThread]: An error was encountered while trying to flush usage events
[0m15:29:31.829998 [debug] [MainThread]: Sending event: {'category': 'dbt', 'action': 'invocation', 'label': 'start', 'context': [<snowplow_tracker.self_describing_json.SelfDescribingJson object at 0x0000024F50474EC0>, <snowplow_tracker.self_describing_json.SelfDescribingJson object at 0x0000024F4C2C3FE0>, <snowplow_tracker.self_describing_json.SelfDescribingJson object at 0x0000024F501D4DD0>]}


============================== 15:29:31.836316 | 366ec935-7603-445f-82dd-e9d42b813db8 ==============================
[0m15:29:31.836316 [info ] [MainThread]: Running with dbt=1.11.12
[0m15:29:31.836316 [debug] [MainThread]: running dbt with arguments {'static_parser': 'True', 'no_print': 'None', 'version_check': 'True', 'target_path': 'None', 'warn_error_options': 'WarnErrorOptionsV2(error=[], warn=[], silence=[])', 'printer_width': '80', 'write_json': 'True', 'empty': 'None', 'log_cache_events': 'False', 'introspect': 'True', 'cache_selected_only': 'False', 'log_format': 'default', 'debug': 'False', 'fail_fast': 'False', 'partial_parse': 'True', 'send_anonymous_usage_stats': 'True', 'quiet': 'False', 'warn_error': 'None', 'profiles_dir': 'C:\\Users\\KaelThas\\.dbt', 'use_colors': 'True', 'invocation_command': 'dbt clean', 'indirect_selection': 'eager', 'use_experimental_parser': 'False', 'log_path': 'C:\\Users\\KaelThas\\Documents\\steam_analytics_api\\dbt_steam_api\\logs'}
[0m15:29:32.186313 [debug] [MainThread]: Sending event: {'category': 'dbt', 'action': 'project_id', 'label': '366ec935-7603-445f-82dd-e9d42b813db8', 'context': [<snowplow_tracker.self_describing_json.SelfDescribingJson object at 0x0000024F50906CC0>]}
[0m15:29:32.236646 [debug] [MainThread]: Command `dbt clean` succeeded at 15:29:32.236646 after 0.68 seconds
[0m15:29:32.236646 [debug] [MainThread]: Sending event: {'category': 'dbt', 'action': 'invocation', 'label': 'end', 'context': [<snowplow_tracker.self_describing_json.SelfDescribingJson object at 0x0000024F50474EC0>, <snowplow_tracker.self_describing_json.SelfDescribingJson object at 0x0000024F50E813D0>, <snowplow_tracker.self_describing_json.SelfDescribingJson object at 0x0000024F50F45940>]}
[0m15:29:32.236646 [debug] [MainThread]: Flushing usage events
[0m15:29:33.236360 [debug] [MainThread]: An error was encountered while trying to flush usage events
[0m16:23:44.965633 [debug] [MainThread]: Sending event: {'category': 'dbt', 'action': 'invocation', 'label': 'start', 'context': [<snowplow_tracker.self_describing_json.SelfDescribingJson object at 0x0000020C8387B440>, <snowplow_tracker.self_describing_json.SelfDescribingJson object at 0x0000020C84DFB9B0>, <snowplow_tracker.self_describing_json.SelfDescribingJson object at 0x0000020C80884380>]}


============================== 16:23:44.973639 | 8bd0aa49-37c6-4cf6-b073-573aa487149a ==============================
[0m16:23:44.973639 [info ] [MainThread]: Running with dbt=1.11.12
[0m16:23:44.973639 [debug] [MainThread]: running dbt with arguments {'version_check': 'True', 'no_print': 'None', 'static_parser': 'True', 'warn_error_options': 'WarnErrorOptionsV2(error=[], warn=[], silence=[])', 'target_path': 'None', 'printer_width': '80', 'write_json': 'True', 'empty': 'False', 'log_cache_events': 'False', 'introspect': 'True', 'cache_selected_only': 'False', 'fail_fast': 'False', 'debug': 'False', 'log_format': 'default', 'partial_parse': 'True', 'send_anonymous_usage_stats': 'True', 'quiet': 'False', 'warn_error': 'None', 'profiles_dir': 'C:\\Users\\KaelThas\\.dbt', 'use_colors': 'True', 'indirect_selection': 'eager', 'invocation_command': 'dbt build --profile databricks_free', 'use_experimental_parser': 'False', 'log_path': 'C:\\Users\\KaelThas\\Documents\\steam_analytics_api\\dbt_steam_api\\logs'}
[0m16:23:50.642316 [debug] [MainThread]: Spark adapter: Setting pyhive.hive logging to ERROR
[0m16:23:50.650322 [debug] [MainThread]: Spark adapter: Setting thrift.transport logging to ERROR
[0m16:23:50.650322 [debug] [MainThread]: Spark adapter: Setting thrift.protocol logging to ERROR
[0m16:23:52.804360 [debug] [MainThread]: Sending event: {'category': 'dbt', 'action': 'project_id', 'label': '8bd0aa49-37c6-4cf6-b073-573aa487149a', 'context': [<snowplow_tracker.self_describing_json.SelfDescribingJson object at 0x0000020C8FD1F320>]}
[0m16:23:52.950423 [debug] [MainThread]: Sending event: {'category': 'dbt', 'action': 'adapter_info', 'label': '8bd0aa49-37c6-4cf6-b073-573aa487149a', 'context': [<snowplow_tracker.self_describing_json.SelfDescribingJson object at 0x0000020C8F41E120>]}
[0m16:23:52.958425 [info ] [MainThread]: Registered adapter: databricks=1.12.1
[0m16:23:54.634154 [debug] [MainThread]: checksum: 45e2f83721850e743bd0f768476d4ea2a0d55c5933c39c88efe5bb30eb62a789, vars: {}, profile: databricks_free, target: , version: 1.11.12
[0m16:23:54.642328 [info ] [MainThread]: Unable to do partial parsing because saved manifest not found. Starting full parse.
[0m16:23:54.642328 [debug] [MainThread]: Sending event: {'category': 'dbt', 'action': 'partial_parser', 'label': '8bd0aa49-37c6-4cf6-b073-573aa487149a', 'context': [<snowplow_tracker.self_describing_json.SelfDescribingJson object at 0x0000020C90634C80>]}
[0m16:24:00.341235 [debug] [MainThread]: Sending event: {'category': 'dbt', 'action': 'load_project', 'label': '8bd0aa49-37c6-4cf6-b073-573aa487149a', 'context': [<snowplow_tracker.self_describing_json.SelfDescribingJson object at 0x0000020C91401520>]}
[0m16:24:00.661307 [debug] [MainThread]: Wrote artifact WritableManifest to C:\Users\KaelThas\Documents\steam_analytics_api\dbt_steam_api\target\manifest.json
[0m16:24:00.669309 [debug] [MainThread]: Wrote artifact SemanticManifest to C:\Users\KaelThas\Documents\steam_analytics_api\dbt_steam_api\target\semantic_manifest.json
[0m16:24:00.816514 [debug] [MainThread]: Sending event: {'category': 'dbt', 'action': 'resource_counts', 'label': '8bd0aa49-37c6-4cf6-b073-573aa487149a', 'context': [<snowplow_tracker.self_describing_json.SelfDescribingJson object at 0x0000020C91862C30>]}
[0m16:24:00.816514 [info ] [MainThread]: Found 7 models, 5 data tests, 1 source, 758 macros
[0m16:24:00.824935 [info ] [MainThread]: 
[0m16:24:00.824935 [info ] [MainThread]: Concurrency: 1 threads (target='dev')
[0m16:24:00.824935 [info ] [MainThread]: 
[0m16:24:00.824935 [debug] [MainThread]: Databricks adapter: DatabricksDBTConnection(session-id=None, name=master) - Creating connection
[0m16:24:00.824935 [debug] [MainThread]: Acquiring new databricks connection 'master'
[0m16:24:00.851694 [debug] [ThreadPool]: Databricks adapter: DatabricksDBTConnection(session-id=None, name=list_hive_metastore) - Creating connection
[0m16:24:00.859695 [debug] [ThreadPool]: Acquiring new databricks connection 'list_hive_metastore'
[0m16:24:00.892452 [debug] [ThreadPool]: Using databricks connection "list_hive_metastore"
[0m16:24:00.892452 [debug] [ThreadPool]: On list_hive_metastore: /* {"app": "dbt", "dbt_version": "1.11.12", "dbt_databricks_version": "1.12.1", "databricks_sql_connector_version": "4.2.6", "profile_name": "databricks_free", "target_name": "dev", "invocation_id": "8bd0aa49-37c6-4cf6-b073-573aa487149a", "connection_name": "list_hive_metastore"} */

    

  SHOW SCHEMAS IN `hive_metastore`


  
[0m16:24:00.892452 [debug] [ThreadPool]: Opening a new connection, currently in state init
[0m16:24:04.939712 [debug] [ThreadPool]: Databricks adapter: Connection(session-id=01f17ba1-d642-17c1-9043-acabcd625c68) - Created
[0m16:24:20.668078 [debug] [ThreadPool]: Databricks adapter: Exception while trying to execute query
/* {"app": "dbt", "dbt_version": "1.11.12", "dbt_databricks_version": "1.12.1", "databricks_sql_connector_version": "4.2.6", "profile_name": "databricks_free", "target_name": "dev", "invocation_id": "8bd0aa49-37c6-4cf6-b073-573aa487149a", "connection_name": "list_hive_metastore"} */

    

  SHOW SCHEMAS IN `hive_metastore`


  
: [UC_HIVE_METASTORE_DISABLED_EXCEPTION] The operation attempted to use Hive Metastore, which is disabled due to legacy access being turned off in your account or workspace. Please double check the default catalog in current session and default namespace setting. If you need to access the Hive Metastore, please ask your admin to set up Hive Metastore federation through Unity Catalog. SQLSTATE: 0A000
Error properties: diagnostic-info=org.apache.hive.service.cli.HiveSQLException: Error running query: [UC_HIVE_METASTORE_DISABLED_EXCEPTION] org.apache.spark.sql.catalyst.analysis.HiveMetastoreDisabledException: [UC_HIVE_METASTORE_DISABLED_EXCEPTION] The operation attempted to use Hive Metastore, which is disabled due to legacy access being turned off in your account or workspace. Please double check the default catalog in current session and default namespace setting. If you need to access the Hive Metastore, please ask your admin to set up Hive Metastore federation through Unity Catalog. SQLSTATE: 0A000
	at org.apache.spark.sql.hive.thriftserver.HiveThriftServerErrors$.runningQueryError(HiveThriftServerErrors.scala:58)
	at org.apache.spark.sql.hive.thriftserver.SparkExecuteStatementOperation.$anonfun$execute$1(SparkExecuteStatementOperation.scala:1184)
	at scala.runtime.java8.JFunction0$mcV$sp.apply(JFunction0$mcV$sp.scala:18)
	at com.databricks.unity.UCSEphemeralState$Handle.runWith(UCSEphemeralState.scala:51)
	at com.databricks.unity.HandleImpl.runWith(UCSHandle.scala:128)
	at org.apache.spark.sql.hive.thriftserver.SparkExecuteStatementOperation.org$apache$spark$sql$hive$thriftserver$SparkExecuteStatementOperation$$execute(SparkExecuteStatementOperation.scala:877)
	at org.apache.spark.sql.hive.thriftserver.SparkExecuteStatementOperation$$anon$2$$anon$3.$anonfun$run$6(SparkExecuteStatementOperation.scala:636)
	at scala.runtime.java8.JFunction0$mcV$sp.apply(JFunction0$mcV$sp.scala:18)
	at org.apache.spark.sql.execution.SQLExecution$.withRootExecution(SQLExecution.scala:1468)
	at org.apache.spark.sql.hive.thriftserver.SparkExecuteStatementOperation$$anon$2$$anon$3.$anonfun$run$3(SparkExecuteStatementOperation.scala:636)
	at scala.runtime.java8.JFunction0$mcV$sp.apply(JFunction0$mcV$sp.scala:18)
	at com.databricks.util.TracingSpanUtils$.withTracing(TracingSpanUtils.scala:251)
	at com.databricks.spark.util.DatabricksTracingHelper.withSpan(DatabricksSparkTracingHelper.scala:154)
	at com.databricks.spark.util.DBRTracing$.withSpan(DBRTracing.scala:87)
	at org.apache.spark.sql.hive.thriftserver.ThriftLocalProperties.$anonfun$withLocalProperties$18(ThriftLocalProperties.scala:366)
	at com.databricks.logging.AttributionContextTracing.$anonfun$withAttributionContext$1(AttributionContextTracing.scala:146)
	at com.databricks.logging.AttributionContext$.$anonfun$withValue$1(AttributionContext.scala:349)
	at scala.util.DynamicVariable.withValue(DynamicVariable.scala:59)
	at com.databricks.logging.AttributionContext$.withValue(AttributionContext.scala:345)
	at com.databricks.logging.AttributionContextTracing.withAttributionContext(AttributionContextTracing.scala:144)
	at com.databricks.logging.AttributionContextTracing.withAttributionContext$(AttributionContextTracing.scala:141)
	at com.databricks.spark.util.PublicDBLogging.withAttributionContext(DatabricksSparkUsageLogger.scala:29)
	at com.databricks.logging.AttributionContextTracing.withAttributionTags(AttributionContextTracing.scala:201)
	at com.databricks.logging.AttributionContextTracing.withAttributionTags$(AttributionContextTracing.scala:182)
	at com.databricks.spark.util.PublicDBLogging.withAttributionTags(DatabricksSparkUsageLogger.scala:29)
	at com.databricks.spark.util.PublicDBLogging.withAttributionTags0(DatabricksSparkUsageLogger.scala:108)
	at com.databricks.spark.util.DatabricksSparkUsageLogger.withAttributionTags(DatabricksSparkUsageLogger.scala:215)
	at com.databricks.spark.util.UsageLogging.$anonfun$withAttributionTags$1(UsageLogger.scala:668)
	at com.databricks.spark.util.UsageLogging$.withAttributionTags(UsageLogger.scala:780)
	at com.databricks.spark.util.UsageLogging$.withAttributionTags(UsageLogger.scala:789)
	at com.databricks.spark.util.UsageLogging.withAttributionTags(UsageLogger.scala:668)
	at com.databricks.spark.util.UsageLogging.withAttributionTags$(UsageLogger.scala:666)
	at org.apache.spark.sql.hive.thriftserver.SparkExecuteStatementOperation.withAttributionTags(SparkExecuteStatementOperation.scala:78)
	at org.apache.spark.sql.hive.thriftserver.ThriftLocalProperties.$anonfun$withLocalProperties$15(ThriftLocalProperties.scala:365)
	at com.databricks.spark.util.IdentityClaim$.withClaim(IdentityClaim.scala:48)
	at org.apache.spark.sql.hive.thriftserver.ThriftLocalProperties.withLocalProperties(ThriftLocalProperties.scala:360)
	at org.apache.spark.sql.hive.thriftserver.ThriftLocalProperties.withLocalProperties$(ThriftLocalProperties.scala:180)
	at org.apache.spark.sql.hive.thriftserver.SparkExecuteStatementOperation.withLocalProperties(SparkExecuteStatementOperation.scala:78)
	at org.apache.spark.sql.hive.thriftserver.SparkExecuteStatementOperation$$anon$2$$anon$3.$anonfun$run$2(SparkExecuteStatementOperation.scala:612)
	at scala.runtime.java8.JFunction0$mcV$sp.apply(JFunction0$mcV$sp.scala:18)
	at com.databricks.spark.util.DBRTracing$.withSpanFromParent(DBRTracing.scala:70)
	at org.apache.spark.sql.hive.thriftserver.SparkExecuteStatementOperation$$anon$2$$anon$3.run(SparkExecuteStatementOperation.scala:612)
	at org.apache.spark.sql.hive.thriftserver.SparkExecuteStatementOperation$$anon$2$$anon$3.run(SparkExecuteStatementOperation.scala:585)
	at java.base/java.security.AccessController.doPrivileged(AccessController.java:712)
	at java.base/javax.security.auth.Subject.doAs(Subject.java:439)
	at org.apache.hadoop.security.UserGroupInformation.doAs(UserGroupInformation.java:1953)
	at org.apache.spark.sql.hive.thriftserver.SparkExecuteStatementOperation$$anon$2.run(SparkExecuteStatementOperation.scala:650)
	at java.base/java.util.concurrent.Executors$RunnableAdapter.call(Executors.java:539)
	at java.base/java.util.concurrent.FutureTask.run(FutureTask.java:264)
	at java.base/java.util.concurrent.ThreadPoolExecutor.runWorker(ThreadPoolExecutor.java:1136)
	at java.base/java.util.concurrent.ThreadPoolExecutor$Worker.run(ThreadPoolExecutor.java:635)
	at java.base/java.lang.Thread.run(Thread.java:840)
Caused by: org.apache.spark.sql.catalyst.analysis.HiveMetastoreDisabledException: [UC_HIVE_METASTORE_DISABLED_EXCEPTION] The operation attempted to use Hive Metastore, which is disabled due to legacy access being turned off in your account or workspace. Please double check the default catalog in current session and default namespace setting. If you need to access the Hive Metastore, please ask your admin to set up Hive Metastore federation through Unity Catalog. SQLSTATE: 0A000
	at com.databricks.sql.managedcatalog.ManagedCatalogSessionCatalog.checkHiveMetastore(ManagedCatalogSessionCatalog.scala:379)
	at com.databricks.sql.managedcatalog.ManagedCatalogSessionCatalog.listDatabasesWithCatalog(ManagedCatalogSessionCatalog.scala:1236)
	at com.databricks.sql.managedcatalog.UnityCatalogV2Proxy.listNamespaces(UnityCatalogV2Proxy.scala:142)
	at org.apache.spark.sql.execution.command.ShowNamespacesCommand.run(ShowNamespacesCommand.scala:56)
	at org.apache.spark.sql.execution.command.ExecutedCommandExec.$anonfun$sideEffectResult$2(commands.scala:87)
	at org.apache.spark.sql.execution.SparkPlan.runCommandInAetherOrSpark(SparkPlan.scala:202)
	at org.apache.spark.sql.execution.command.ExecutedCommandExec.$anonfun$sideEffectResult$1(commands.scala:87)
	at com.databricks.spark.util.FrameProfiler$.$anonfun$record$1(FrameProfiler.scala:114)
	at com.databricks.spark.util.FrameProfilerExporter$.maybeExportFrameProfiler(FrameProfilerExporter.scala:146)
	at com.databricks.spark.util.FrameProfiler$.record(FrameProfiler.scala:105)
	at org.apache.spark.sql.execution.command.ExecutedCommandExec.sideEffectResult$lzycompute(commands.scala:84)
	at org.apache.spark.sql.execution.command.ExecutedCommandExec.sideEffectResult(commands.scala:83)
	at org.apache.spark.sql.execution.command.ExecutedCommandExec.executeCollect(commands.scala:97)
	at org.apache.spark.sql.execution.QueryExecution$.$anonfun$runCommand$12(QueryExecution.scala:1969)
	at com.databricks.util.LexicalThreadLocal$Handle.runWith(LexicalThreadLocal.scala:63)
	at org.apache.spark.sql.execution.QueryExecution$.$anonfun$runCommand$11(QueryExecution.scala:1963)
	at com.databricks.util.LexicalThreadLocal$Handle.runWith(LexicalThreadLocal.scala:63)
	at org.apache.spark.sql.execution.QueryExecution$.executeWithCaches$1(QueryExecution.scala:1963)
	at org.apache.spark.sql.execution.QueryExecution$.$anonfun$runCommand$10(QueryExecution.scala:1969)
	at org.apache.spark.sql.catalyst.QueryPlanningTracker$.withTracker(QueryPlanningTracker.scala:266)
	at org.apache.spark.sql.execution.QueryExecution$.$anonfun$runCommand$9(QueryExecution.scala:1956)
	at org.apache.spark.sql.execution.SQLExecution$.$anonfun$withNewExecutionId0$23(SQLExecution.scala:1115)
	at com.databricks.sql.util.MemoryTrackerHelper.withMemoryTracking(MemoryTrackerHelper.scala:111)
	at org.apache.spark.sql.execution.SQLExecution$.$anonfun$withNewExecutionId0$21(SQLExecution.scala:1035)
	at com.databricks.unity.UCSManager$.withTemporaryScope(UCSManager.scala:168)
	at org.apache.spark.sql.execution.SQLExecution$.$anonfun$withNewExecutionId0$20(SQLExecution.scala:937)
	at org.apache.spark.sql.execution.SQLExecution$.withSessionTagsApplied(SQLExecution.scala:1542)
	at org.apache.spark.sql.execution.SQLExecution$.$anonfun$withNewExecutionId0$19(SQLExecution.scala:926)
	at org.apache.spark.JobArtifactSet$.withActiveJobArtifactState(JobArtifactSet.scala:97)
	at org.apache.spark.sql.artifact.ArtifactManager.$anonfun$withResources$1(ArtifactManager.scala:124)
	at org.apache.spark.sql.artifact.ArtifactManager.withClassLoaderIfNeeded(ArtifactManager.scala:118)
	at org.apache.spark.sql.artifact.ArtifactManager.withResources(ArtifactManager.scala:123)
	at org.apache.spark.sql.execution.SQLExecution$.$anonfun$withNewExecutionId0$18(SQLExecution.scala:926)
	at org.apache.spark.sql.execution.SQLExecution$.withSQLConfPropagated(SQLExecution.scala:1577)
	at org.apache.spark.sql.execution.SQLExecution$.$anonfun$withNewExecutionId0$1(SQLExecution.scala:925)
	at org.apache.spark.sql.SparkSession.withActive(SparkSession.scala:866)
	at org.apache.spark.sql.execution.SQLExecution$.withNewExecutionId0(SQLExecution.scala:659)
	at org.apache.spark.sql.execution.SQLExecution$.withNewExecutionId(SQLExecution.scala:1495)
	at org.apache.spark.sql.execution.QueryExecution$.$anonfun$runCommand$8(QueryExecution.scala:1956)
	at org.apache.spark.sql.execution.QueryExecution$.withInternalError(QueryExecution.scala:1821)
	at org.apache.spark.sql.execution.QueryExecution$.$anonfun$runCommand$7(QueryExecution.scala:1952)
	at org.apache.spark.sql.execution.QueryExecution.withMVTagsIfNecessary(QueryExecution.scala:709)
	at org.apache.spark.sql.execution.QueryExecution$.$anonfun$runCommand$4(QueryExecution.scala:1937)
	at scala.Option.map(Option.scala:242)
	at org.apache.spark.sql.execution.QueryExecution$.executeWithMVTags$1(QueryExecution.scala:1937)
	at org.apache.spark.sql.execution.QueryExecution$.runCommand(QueryExecution.scala:1950)
	at org.apache.spark.sql.execution.QueryExecution.org$apache$spark$sql$execution$QueryExecution$$eagerlyExecute$1(QueryExecution.scala:746)
	at org.apache.spark.sql.execution.QueryExecution$$anonfun$$nestedInanonfun$eagerlyExecuteCommands$1$1.applyOrElse(QueryExecution.scala:763)
	at org.apache.spark.sql.execution.QueryExecution$$anonfun$$nestedInanonfun$eagerlyExecuteCommands$1$1.applyOrElse(QueryExecution.scala:755)
	at org.apache.spark.sql.catalyst.trees.TreeNode.$anonfun$transformDownWithPruning$1(TreeNode.scala:610)
	at org.apache.spark.sql.catalyst.trees.CurrentOrigin$.withOrigin(origin.scala:142)
	at org.apache.spark.sql.catalyst.trees.TreeNode.transformDownWithPruning(TreeNode.scala:610)
	at org.apache.spark.sql.catalyst.plans.logical.LogicalPlan.org$apache$spark$sql$catalyst$plans$logical$AnalysisHelper$$super$transformDownWithPruning(LogicalPlan.scala:48)
	at org.apache.spark.sql.catalyst.plans.logical.AnalysisHelper.transformDownWithPruning(AnalysisHelper.scala:361)
	at org.apache.spark.sql.catalyst.plans.logical.AnalysisHelper.transformDownWithPruning$(AnalysisHelper.scala:357)
	at org.apache.spark.sql.catalyst.plans.logical.LogicalPlan.transformDownWithPruning(LogicalPlan.scala:48)
	at org.apache.spark.sql.catalyst.plans.logical.LogicalPlan.transformDownWithPruning(LogicalPlan.scala:48)
	at org.apache.spark.sql.catalyst.trees.TreeNode.transformDown(TreeNode.scala:586)
	at org.apache.spark.sql.execution.QueryExecution.$anonfun$eagerlyExecuteCommands$1(QueryExecution.scala:755)
	at org.apache.spark.sql.catalyst.plans.logical.AnalysisHelper$.allowInvokingTransformsInAnalyzer(AnalysisHelper.scala:418)
	at org.apache.spark.sql.execution.QueryExecution.eagerlyExecuteCommands(QueryExecution.scala:755)
	at org.apache.spark.sql.execution.QueryExecution.$anonfun$lazyCommandExecuted$1(QueryExecution.scala:665)
	at scala.util.Try$.apply(Try.scala:217)
	at org.apache.spark.util.Utils$.doTryWithCallerStacktrace(Utils.scala:1796)
	at org.apache.spark.util.Utils$.getTryWithCallerStacktrace(Utils.scala:1846)
	at org.apache.spark.util.LazyTry.get(LazyTry.scala:78)
	at org.apache.spark.sql.execution.QueryExecution.commandExecuted(QueryExecution.scala:670)
	at org.apache.spark.sql.classic.Dataset.<init>(Dataset.scala:437)
	at org.apache.spark.sql.classic.Dataset.<init>(Dataset.scala:417)
	at org.apache.spark.sql.hive.thriftserver.SparkExecuteStatementOperation.$anonfun$analyzeQuery$2(SparkExecuteStatementOperation.scala:809)
	at org.apache.spark.sql.SparkSession.withActive(SparkSession.scala:866)
	at org.apache.spark.sql.hive.thriftserver.SparkExecuteStatementOperation.$anonfun$analyzeQuery$1(SparkExecuteStatementOperation.scala:765)
	at org.apache.spark.sql.hive.thriftserver.SparkExecuteStatementOperation.getOrCreateDF(SparkExecuteStatementOperation.scala:751)
	at org.apache.spark.sql.hive.thriftserver.SparkExecuteStatementOperation.analyzeQuery(SparkExecuteStatementOperation.scala:765)
	at org.apache.spark.sql.hive.thriftserver.SparkExecuteStatementOperation.$anonfun$execute$6(SparkExecuteStatementOperation.scala:953)
	at org.apache.spark.util.Utils$.timeTakenMs(Utils.scala:599)
	at org.apache.spark.sql.hive.thriftserver.SparkExecuteStatementOperation.$anonfun$execute$1(SparkExecuteStatementOperation.scala:953)
	... 50 more
, operation-id=01f17ba1-d6d3-12fa-99da-9e0160a1c9a0
[0m16:24:20.673084 [debug] [ThreadPool]: Databricks adapter: Exception while trying to execute query
macro list_schemas
: Database Error
  [UC_HIVE_METASTORE_DISABLED_EXCEPTION] The operation attempted to use Hive Metastore, which is disabled due to legacy access being turned off in your account or workspace. Please double check the default catalog in current session and default namespace setting. If you need to access the Hive Metastore, please ask your admin to set up Hive Metastore federation through Unity Catalog. SQLSTATE: 0A000
[0m16:24:20.673084 [debug] [ThreadPool]: On list_hive_metastore: Close
[0m16:24:20.673084 [debug] [ThreadPool]: Databricks adapter: Connection(session-id=01f17ba1-d642-17c1-9043-acabcd625c68) - Closing
[0m16:24:20.848415 [debug] [ThreadPool]: Databricks adapter: DatabricksDBTConnection(session-id=None, name=list_hive_metastore) - Creating connection
[0m16:24:20.848415 [debug] [ThreadPool]: Acquiring new databricks connection 'list_hive_metastore'
[0m16:24:20.848415 [debug] [ThreadPool]: Using databricks connection "list_hive_metastore"
[0m16:24:20.857917 [debug] [ThreadPool]: On list_hive_metastore: /* {"app": "dbt", "dbt_version": "1.11.12", "dbt_databricks_version": "1.12.1", "databricks_sql_connector_version": "4.2.6", "profile_name": "databricks_free", "target_name": "dev", "invocation_id": "8bd0aa49-37c6-4cf6-b073-573aa487149a", "connection_name": "list_hive_metastore"} */

    

  SHOW SCHEMAS IN `hive_metastore`


  
[0m16:24:20.857917 [debug] [ThreadPool]: Opening a new connection, currently in state init
[0m16:24:21.778348 [debug] [ThreadPool]: Databricks adapter: Connection(session-id=01f17ba1-e0b1-11ad-9c11-1e682a457869) - Created
[0m16:24:23.673064 [debug] [ThreadPool]: Databricks adapter: Exception while trying to execute query
/* {"app": "dbt", "dbt_version": "1.11.12", "dbt_databricks_version": "1.12.1", "databricks_sql_connector_version": "4.2.6", "profile_name": "databricks_free", "target_name": "dev", "invocation_id": "8bd0aa49-37c6-4cf6-b073-573aa487149a", "connection_name": "list_hive_metastore"} */

    

  SHOW SCHEMAS IN `hive_metastore`


  
: [UC_HIVE_METASTORE_DISABLED_EXCEPTION] The operation attempted to use Hive Metastore, which is disabled due to legacy access being turned off in your account or workspace. Please double check the default catalog in current session and default namespace setting. If you need to access the Hive Metastore, please ask your admin to set up Hive Metastore federation through Unity Catalog. SQLSTATE: 0A000
Error properties: diagnostic-info=org.apache.hive.service.cli.HiveSQLException: Error running query: [UC_HIVE_METASTORE_DISABLED_EXCEPTION] org.apache.spark.sql.catalyst.analysis.HiveMetastoreDisabledException: [UC_HIVE_METASTORE_DISABLED_EXCEPTION] The operation attempted to use Hive Metastore, which is disabled due to legacy access being turned off in your account or workspace. Please double check the default catalog in current session and default namespace setting. If you need to access the Hive Metastore, please ask your admin to set up Hive Metastore federation through Unity Catalog. SQLSTATE: 0A000
	at org.apache.spark.sql.hive.thriftserver.HiveThriftServerErrors$.runningQueryError(HiveThriftServerErrors.scala:58)
	at org.apache.spark.sql.hive.thriftserver.SparkExecuteStatementOperation.$anonfun$execute$1(SparkExecuteStatementOperation.scala:1184)
	at scala.runtime.java8.JFunction0$mcV$sp.apply(JFunction0$mcV$sp.scala:18)
	at com.databricks.unity.UCSEphemeralState$Handle.runWith(UCSEphemeralState.scala:51)
	at com.databricks.unity.HandleImpl.runWith(UCSHandle.scala:128)
	at org.apache.spark.sql.hive.thriftserver.SparkExecuteStatementOperation.org$apache$spark$sql$hive$thriftserver$SparkExecuteStatementOperation$$execute(SparkExecuteStatementOperation.scala:877)
	at org.apache.spark.sql.hive.thriftserver.SparkExecuteStatementOperation$$anon$2$$anon$3.$anonfun$run$6(SparkExecuteStatementOperation.scala:636)
	at scala.runtime.java8.JFunction0$mcV$sp.apply(JFunction0$mcV$sp.scala:18)
	at org.apache.spark.sql.execution.SQLExecution$.withRootExecution(SQLExecution.scala:1468)
	at org.apache.spark.sql.hive.thriftserver.SparkExecuteStatementOperation$$anon$2$$anon$3.$anonfun$run$3(SparkExecuteStatementOperation.scala:636)
	at scala.runtime.java8.JFunction0$mcV$sp.apply(JFunction0$mcV$sp.scala:18)
	at com.databricks.util.TracingSpanUtils$.withTracing(TracingSpanUtils.scala:251)
	at com.databricks.spark.util.DatabricksTracingHelper.withSpan(DatabricksSparkTracingHelper.scala:154)
	at com.databricks.spark.util.DBRTracing$.withSpan(DBRTracing.scala:87)
	at org.apache.spark.sql.hive.thriftserver.ThriftLocalProperties.$anonfun$withLocalProperties$18(ThriftLocalProperties.scala:366)
	at com.databricks.logging.AttributionContextTracing.$anonfun$withAttributionContext$1(AttributionContextTracing.scala:146)
	at com.databricks.logging.AttributionContext$.$anonfun$withValue$1(AttributionContext.scala:349)
	at scala.util.DynamicVariable.withValue(DynamicVariable.scala:59)
	at com.databricks.logging.AttributionContext$.withValue(AttributionContext.scala:345)
	at com.databricks.logging.AttributionContextTracing.withAttributionContext(AttributionContextTracing.scala:144)
	at com.databricks.logging.AttributionContextTracing.withAttributionContext$(AttributionContextTracing.scala:141)
	at com.databricks.spark.util.PublicDBLogging.withAttributionContext(DatabricksSparkUsageLogger.scala:29)
	at com.databricks.logging.AttributionContextTracing.withAttributionTags(AttributionContextTracing.scala:201)
	at com.databricks.logging.AttributionContextTracing.withAttributionTags$(AttributionContextTracing.scala:182)
	at com.databricks.spark.util.PublicDBLogging.withAttributionTags(DatabricksSparkUsageLogger.scala:29)
	at com.databricks.spark.util.PublicDBLogging.withAttributionTags0(DatabricksSparkUsageLogger.scala:108)
	at com.databricks.spark.util.DatabricksSparkUsageLogger.withAttributionTags(DatabricksSparkUsageLogger.scala:215)
	at com.databricks.spark.util.UsageLogging.$anonfun$withAttributionTags$1(UsageLogger.scala:668)
	at com.databricks.spark.util.UsageLogging$.withAttributionTags(UsageLogger.scala:780)
	at com.databricks.spark.util.UsageLogging$.withAttributionTags(UsageLogger.scala:789)
	at com.databricks.spark.util.UsageLogging.withAttributionTags(UsageLogger.scala:668)
	at com.databricks.spark.util.UsageLogging.withAttributionTags$(UsageLogger.scala:666)
	at org.apache.spark.sql.hive.thriftserver.SparkExecuteStatementOperation.withAttributionTags(SparkExecuteStatementOperation.scala:78)
	at org.apache.spark.sql.hive.thriftserver.ThriftLocalProperties.$anonfun$withLocalProperties$15(ThriftLocalProperties.scala:365)
	at com.databricks.spark.util.IdentityClaim$.withClaim(IdentityClaim.scala:48)
	at org.apache.spark.sql.hive.thriftserver.ThriftLocalProperties.withLocalProperties(ThriftLocalProperties.scala:360)
	at org.apache.spark.sql.hive.thriftserver.ThriftLocalProperties.withLocalProperties$(ThriftLocalProperties.scala:180)
	at org.apache.spark.sql.hive.thriftserver.SparkExecuteStatementOperation.withLocalProperties(SparkExecuteStatementOperation.scala:78)
	at org.apache.spark.sql.hive.thriftserver.SparkExecuteStatementOperation$$anon$2$$anon$3.$anonfun$run$2(SparkExecuteStatementOperation.scala:612)
	at scala.runtime.java8.JFunction0$mcV$sp.apply(JFunction0$mcV$sp.scala:18)
	at com.databricks.spark.util.DBRTracing$.withSpanFromParent(DBRTracing.scala:70)
	at org.apache.spark.sql.hive.thriftserver.SparkExecuteStatementOperation$$anon$2$$anon$3.run(SparkExecuteStatementOperation.scala:612)
	at org.apache.spark.sql.hive.thriftserver.SparkExecuteStatementOperation$$anon$2$$anon$3.run(SparkExecuteStatementOperation.scala:585)
	at java.base/java.security.AccessController.doPrivileged(AccessController.java:712)
	at java.base/javax.security.auth.Subject.doAs(Subject.java:439)
	at org.apache.hadoop.security.UserGroupInformation.doAs(UserGroupInformation.java:1953)
	at org.apache.spark.sql.hive.thriftserver.SparkExecuteStatementOperation$$anon$2.run(SparkExecuteStatementOperation.scala:650)
	at java.base/java.util.concurrent.Executors$RunnableAdapter.call(Executors.java:539)
	at java.base/java.util.concurrent.FutureTask.run(FutureTask.java:264)
	at java.base/java.util.concurrent.ThreadPoolExecutor.runWorker(ThreadPoolExecutor.java:1136)
	at java.base/java.util.concurrent.ThreadPoolExecutor$Worker.run(ThreadPoolExecutor.java:635)
	at java.base/java.lang.Thread.run(Thread.java:840)
Caused by: org.apache.spark.sql.catalyst.analysis.HiveMetastoreDisabledException: [UC_HIVE_METASTORE_DISABLED_EXCEPTION] The operation attempted to use Hive Metastore, which is disabled due to legacy access being turned off in your account or workspace. Please double check the default catalog in current session and default namespace setting. If you need to access the Hive Metastore, please ask your admin to set up Hive Metastore federation through Unity Catalog. SQLSTATE: 0A000
	at com.databricks.sql.managedcatalog.ManagedCatalogSessionCatalog.checkHiveMetastore(ManagedCatalogSessionCatalog.scala:379)
	at com.databricks.sql.managedcatalog.ManagedCatalogSessionCatalog.listDatabasesWithCatalog(ManagedCatalogSessionCatalog.scala:1236)
	at com.databricks.sql.managedcatalog.UnityCatalogV2Proxy.listNamespaces(UnityCatalogV2Proxy.scala:142)
	at org.apache.spark.sql.execution.command.ShowNamespacesCommand.run(ShowNamespacesCommand.scala:56)
	at org.apache.spark.sql.execution.command.ExecutedCommandExec.$anonfun$sideEffectResult$2(commands.scala:87)
	at org.apache.spark.sql.execution.SparkPlan.runCommandInAetherOrSpark(SparkPlan.scala:202)
	at org.apache.spark.sql.execution.command.ExecutedCommandExec.$anonfun$sideEffectResult$1(commands.scala:87)
	at com.databricks.spark.util.FrameProfiler$.$anonfun$record$1(FrameProfiler.scala:114)
	at com.databricks.spark.util.FrameProfilerExporter$.maybeExportFrameProfiler(FrameProfilerExporter.scala:146)
	at com.databricks.spark.util.FrameProfiler$.record(FrameProfiler.scala:105)
	at org.apache.spark.sql.execution.command.ExecutedCommandExec.sideEffectResult$lzycompute(commands.scala:84)
	at org.apache.spark.sql.execution.command.ExecutedCommandExec.sideEffectResult(commands.scala:83)
	at org.apache.spark.sql.execution.command.ExecutedCommandExec.executeCollect(commands.scala:97)
	at org.apache.spark.sql.execution.QueryExecution$.$anonfun$runCommand$12(QueryExecution.scala:1969)
	at com.databricks.util.LexicalThreadLocal$Handle.runWith(LexicalThreadLocal.scala:63)
	at org.apache.spark.sql.execution.QueryExecution$.$anonfun$runCommand$11(QueryExecution.scala:1963)
	at com.databricks.util.LexicalThreadLocal$Handle.runWith(LexicalThreadLocal.scala:63)
	at org.apache.spark.sql.execution.QueryExecution$.executeWithCaches$1(QueryExecution.scala:1963)
	at org.apache.spark.sql.execution.QueryExecution$.$anonfun$runCommand$10(QueryExecution.scala:1969)
	at org.apache.spark.sql.catalyst.QueryPlanningTracker$.withTracker(QueryPlanningTracker.scala:266)
	at org.apache.spark.sql.execution.QueryExecution$.$anonfun$runCommand$9(QueryExecution.scala:1956)
	at org.apache.spark.sql.execution.SQLExecution$.$anonfun$withNewExecutionId0$23(SQLExecution.scala:1115)
	at com.databricks.sql.util.MemoryTrackerHelper.withMemoryTracking(MemoryTrackerHelper.scala:111)
	at org.apache.spark.sql.execution.SQLExecution$.$anonfun$withNewExecutionId0$21(SQLExecution.scala:1035)
	at com.databricks.unity.UCSManager$.withTemporaryScope(UCSManager.scala:168)
	at org.apache.spark.sql.execution.SQLExecution$.$anonfun$withNewExecutionId0$20(SQLExecution.scala:937)
	at org.apache.spark.sql.execution.SQLExecution$.withSessionTagsApplied(SQLExecution.scala:1542)
	at org.apache.spark.sql.execution.SQLExecution$.$anonfun$withNewExecutionId0$19(SQLExecution.scala:926)
	at org.apache.spark.JobArtifactSet$.withActiveJobArtifactState(JobArtifactSet.scala:97)
	at org.apache.spark.sql.artifact.ArtifactManager.$anonfun$withResources$1(ArtifactManager.scala:124)
	at org.apache.spark.sql.artifact.ArtifactManager.withClassLoaderIfNeeded(ArtifactManager.scala:118)
	at org.apache.spark.sql.artifact.ArtifactManager.withResources(ArtifactManager.scala:123)
	at org.apache.spark.sql.execution.SQLExecution$.$anonfun$withNewExecutionId0$18(SQLExecution.scala:926)
	at org.apache.spark.sql.execution.SQLExecution$.withSQLConfPropagated(SQLExecution.scala:1577)
	at org.apache.spark.sql.execution.SQLExecution$.$anonfun$withNewExecutionId0$1(SQLExecution.scala:925)
	at org.apache.spark.sql.SparkSession.withActive(SparkSession.scala:866)
	at org.apache.spark.sql.execution.SQLExecution$.withNewExecutionId0(SQLExecution.scala:659)
	at org.apache.spark.sql.execution.SQLExecution$.withNewExecutionId(SQLExecution.scala:1495)
	at org.apache.spark.sql.execution.QueryExecution$.$anonfun$runCommand$8(QueryExecution.scala:1956)
	at org.apache.spark.sql.execution.QueryExecution$.withInternalError(QueryExecution.scala:1821)
	at org.apache.spark.sql.execution.QueryExecution$.$anonfun$runCommand$7(QueryExecution.scala:1952)
	at org.apache.spark.sql.execution.QueryExecution.withMVTagsIfNecessary(QueryExecution.scala:709)
	at org.apache.spark.sql.execution.QueryExecution$.$anonfun$runCommand$4(QueryExecution.scala:1937)
	at scala.Option.map(Option.scala:242)
	at org.apache.spark.sql.execution.QueryExecution$.executeWithMVTags$1(QueryExecution.scala:1937)
	at org.apache.spark.sql.execution.QueryExecution$.runCommand(QueryExecution.scala:1950)
	at org.apache.spark.sql.execution.QueryExecution.org$apache$spark$sql$execution$QueryExecution$$eagerlyExecute$1(QueryExecution.scala:746)
	at org.apache.spark.sql.execution.QueryExecution$$anonfun$$nestedInanonfun$eagerlyExecuteCommands$1$1.applyOrElse(QueryExecution.scala:763)
	at org.apache.spark.sql.execution.QueryExecution$$anonfun$$nestedInanonfun$eagerlyExecuteCommands$1$1.applyOrElse(QueryExecution.scala:755)
	at org.apache.spark.sql.catalyst.trees.TreeNode.$anonfun$transformDownWithPruning$1(TreeNode.scala:610)
	at org.apache.spark.sql.catalyst.trees.CurrentOrigin$.withOrigin(origin.scala:142)
	at org.apache.spark.sql.catalyst.trees.TreeNode.transformDownWithPruning(TreeNode.scala:610)
	at org.apache.spark.sql.catalyst.plans.logical.LogicalPlan.org$apache$spark$sql$catalyst$plans$logical$AnalysisHelper$$super$transformDownWithPruning(LogicalPlan.scala:48)
	at org.apache.spark.sql.catalyst.plans.logical.AnalysisHelper.transformDownWithPruning(AnalysisHelper.scala:361)
	at org.apache.spark.sql.catalyst.plans.logical.AnalysisHelper.transformDownWithPruning$(AnalysisHelper.scala:357)
	at org.apache.spark.sql.catalyst.plans.logical.LogicalPlan.transformDownWithPruning(LogicalPlan.scala:48)
	at org.apache.spark.sql.catalyst.plans.logical.LogicalPlan.transformDownWithPruning(LogicalPlan.scala:48)
	at org.apache.spark.sql.catalyst.trees.TreeNode.transformDown(TreeNode.scala:586)
	at org.apache.spark.sql.execution.QueryExecution.$anonfun$eagerlyExecuteCommands$1(QueryExecution.scala:755)
	at org.apache.spark.sql.catalyst.plans.logical.AnalysisHelper$.allowInvokingTransformsInAnalyzer(AnalysisHelper.scala:418)
	at org.apache.spark.sql.execution.QueryExecution.eagerlyExecuteCommands(QueryExecution.scala:755)
	at org.apache.spark.sql.execution.QueryExecution.$anonfun$lazyCommandExecuted$1(QueryExecution.scala:665)
	at scala.util.Try$.apply(Try.scala:217)
	at org.apache.spark.util.Utils$.doTryWithCallerStacktrace(Utils.scala:1796)
	at org.apache.spark.util.Utils$.getTryWithCallerStacktrace(Utils.scala:1846)
	at org.apache.spark.util.LazyTry.get(LazyTry.scala:78)
	at org.apache.spark.sql.execution.QueryExecution.commandExecuted(QueryExecution.scala:670)
	at org.apache.spark.sql.classic.Dataset.<init>(Dataset.scala:437)
	at org.apache.spark.sql.classic.Dataset.<init>(Dataset.scala:417)
	at org.apache.spark.sql.hive.thriftserver.SparkExecuteStatementOperation.getOrCreateDF(SparkExecuteStatementOperation.scala:738)
	at org.apache.spark.sql.hive.thriftserver.SparkExecuteStatementOperation.analyzeQuery(SparkExecuteStatementOperation.scala:765)
	at org.apache.spark.sql.hive.thriftserver.SparkExecuteStatementOperation.$anonfun$execute$6(SparkExecuteStatementOperation.scala:953)
	at org.apache.spark.util.Utils$.timeTakenMs(Utils.scala:599)
	at org.apache.spark.sql.hive.thriftserver.SparkExecuteStatementOperation.$anonfun$execute$1(SparkExecuteStatementOperation.scala:953)
	... 50 more
, operation-id=01f17ba1-e0db-1557-89b7-d69e51f436a9
[0m16:24:23.673064 [debug] [ThreadPool]: Databricks adapter: Exception while trying to execute query
macro list_schemas
: Database Error
  [UC_HIVE_METASTORE_DISABLED_EXCEPTION] The operation attempted to use Hive Metastore, which is disabled due to legacy access being turned off in your account or workspace. Please double check the default catalog in current session and default namespace setting. If you need to access the Hive Metastore, please ask your admin to set up Hive Metastore federation through Unity Catalog. SQLSTATE: 0A000
[0m16:24:23.673064 [debug] [ThreadPool]: On list_hive_metastore: Close
[0m16:24:23.678413 [debug] [ThreadPool]: Databricks adapter: Connection(session-id=01f17ba1-e0b1-11ad-9c11-1e682a457869) - Closing
[0m16:24:23.863244 [info ] [MainThread]: 
[0m16:24:23.863244 [info ] [MainThread]: Finished running  in 0 hours 0 minutes and 23.04 seconds (23.04s).
[0m16:24:23.867822 [error] [MainThread]: Encountered an error:
Database Error
  Database Error
    [UC_HIVE_METASTORE_DISABLED_EXCEPTION] The operation attempted to use Hive Metastore, which is disabled due to legacy access being turned off in your account or workspace. Please double check the default catalog in current session and default namespace setting. If you need to access the Hive Metastore, please ask your admin to set up Hive Metastore federation through Unity Catalog. SQLSTATE: 0A000
[0m16:24:23.867822 [debug] [MainThread]: Command `dbt build` failed at 16:24:23.867822 after 39.25 seconds
[0m16:24:23.867822 [debug] [MainThread]: Sending event: {'category': 'dbt', 'action': 'invocation', 'label': 'end', 'context': [<snowplow_tracker.self_describing_json.SelfDescribingJson object at 0x0000020C80884380>, <snowplow_tracker.self_describing_json.SelfDescribingJson object at 0x0000020C915D13D0>, <snowplow_tracker.self_describing_json.SelfDescribingJson object at 0x0000020C91485AC0>]}
[0m16:24:23.867822 [debug] [MainThread]: Flushing usage events
[0m16:24:24.877780 [debug] [MainThread]: An error was encountered while trying to flush usage events
[0m16:31:11.179033 [debug] [MainThread]: Sending event: {'category': 'dbt', 'action': 'invocation', 'label': 'start', 'context': [<snowplow_tracker.self_describing_json.SelfDescribingJson object at 0x0000014B23E03E00>, <snowplow_tracker.self_describing_json.SelfDescribingJson object at 0x0000014B2340FDA0>, <snowplow_tracker.self_describing_json.SelfDescribingJson object at 0x0000014B2340EDE0>]}


============================== 16:31:11.189454 | 4cad21a9-e67e-419f-b4e6-fb0c1586cd60 ==============================
[0m16:31:11.189454 [info ] [MainThread]: Running with dbt=1.11.12
[0m16:31:11.189454 [debug] [MainThread]: running dbt with arguments {'static_parser': 'True', 'no_print': 'None', 'version_check': 'True', 'warn_error_options': 'WarnErrorOptionsV2(error=[], warn=[], silence=[])', 'target_path': 'None', 'printer_width': '80', 'write_json': 'True', 'introspect': 'True', 'log_cache_events': 'False', 'empty': 'False', 'cache_selected_only': 'False', 'fail_fast': 'False', 'debug': 'False', 'log_format': 'default', 'partial_parse': 'True', 'send_anonymous_usage_stats': 'True', 'quiet': 'False', 'warn_error': 'None', 'profiles_dir': 'C:\\Users\\KaelThas\\.dbt', 'invocation_command': 'dbt build --profile databricks_free', 'use_colors': 'True', 'indirect_selection': 'eager', 'use_experimental_parser': 'False', 'log_path': 'C:\\Users\\KaelThas\\Documents\\steam_analytics_api\\dbt_steam_api\\logs'}
[0m16:31:16.769140 [debug] [MainThread]: Spark adapter: Setting pyhive.hive logging to ERROR
[0m16:31:16.769140 [debug] [MainThread]: Spark adapter: Setting thrift.transport logging to ERROR
[0m16:31:16.769140 [debug] [MainThread]: Spark adapter: Setting thrift.protocol logging to ERROR
[0m16:31:19.109405 [debug] [MainThread]: Sending event: {'category': 'dbt', 'action': 'project_id', 'label': '4cad21a9-e67e-419f-b4e6-fb0c1586cd60', 'context': [<snowplow_tracker.self_describing_json.SelfDescribingJson object at 0x0000014B2FB94C50>]}
[0m16:31:19.264477 [debug] [MainThread]: Sending event: {'category': 'dbt', 'action': 'adapter_info', 'label': '4cad21a9-e67e-419f-b4e6-fb0c1586cd60', 'context': [<snowplow_tracker.self_describing_json.SelfDescribingJson object at 0x0000014B2FC04E60>]}
[0m16:31:19.269027 [info ] [MainThread]: Registered adapter: databricks=1.12.1
[0m16:31:20.814431 [debug] [MainThread]: checksum: 45e2f83721850e743bd0f768476d4ea2a0d55c5933c39c88efe5bb30eb62a789, vars: {}, profile: databricks_free, target: , version: 1.11.12
[0m16:31:21.102636 [info ] [MainThread]: Unable to do partial parsing because profile has changed
[0m16:31:21.102636 [debug] [MainThread]: Sending event: {'category': 'dbt', 'action': 'partial_parser', 'label': '4cad21a9-e67e-419f-b4e6-fb0c1586cd60', 'context': [<snowplow_tracker.self_describing_json.SelfDescribingJson object at 0x0000014B23E03440>]}
[0m16:31:25.922191 [debug] [MainThread]: Sending event: {'category': 'dbt', 'action': 'load_project', 'label': '4cad21a9-e67e-419f-b4e6-fb0c1586cd60', 'context': [<snowplow_tracker.self_describing_json.SelfDescribingJson object at 0x0000014B30B88710>]}
[0m16:31:26.182000 [debug] [MainThread]: Wrote artifact WritableManifest to C:\Users\KaelThas\Documents\steam_analytics_api\dbt_steam_api\target\manifest.json
[0m16:31:26.182179 [debug] [MainThread]: Wrote artifact SemanticManifest to C:\Users\KaelThas\Documents\steam_analytics_api\dbt_steam_api\target\semantic_manifest.json
[0m16:31:26.255609 [debug] [MainThread]: Sending event: {'category': 'dbt', 'action': 'resource_counts', 'label': '4cad21a9-e67e-419f-b4e6-fb0c1586cd60', 'context': [<snowplow_tracker.self_describing_json.SelfDescribingJson object at 0x0000014B30F309B0>]}
[0m16:31:26.255609 [info ] [MainThread]: Found 7 models, 5 data tests, 1 source, 758 macros
[0m16:31:26.263778 [info ] [MainThread]: 
[0m16:31:26.263778 [info ] [MainThread]: Concurrency: 1 threads (target='dev')
[0m16:31:26.263778 [info ] [MainThread]: 
[0m16:31:26.263778 [debug] [MainThread]: Databricks adapter: DatabricksDBTConnection(session-id=None, name=master) - Creating connection
[0m16:31:26.271796 [debug] [MainThread]: Acquiring new databricks connection 'master'
[0m16:31:26.295931 [debug] [ThreadPool]: Databricks adapter: DatabricksDBTConnection(session-id=None, name=list_workspace) - Creating connection
[0m16:31:26.295931 [debug] [ThreadPool]: Acquiring new databricks connection 'list_workspace'
[0m16:31:26.328576 [debug] [ThreadPool]: Using databricks connection "list_workspace"
[0m16:31:26.328576 [debug] [ThreadPool]: On list_workspace: /* {"app": "dbt", "dbt_version": "1.11.12", "dbt_databricks_version": "1.12.1", "databricks_sql_connector_version": "4.2.6", "profile_name": "databricks_free", "target_name": "dev", "invocation_id": "4cad21a9-e67e-419f-b4e6-fb0c1586cd60", "connection_name": "list_workspace"} */

    

  SHOW SCHEMAS IN `workspace`


  
[0m16:31:26.328576 [debug] [ThreadPool]: Opening a new connection, currently in state init
[0m16:31:30.237337 [debug] [ThreadPool]: Databricks adapter: Connection(session-id=01f17ba2-dfcf-1ca1-9718-de387d6b0273) - Created
[0m16:31:31.447428 [debug] [ThreadPool]: SQL status: OK in 5.120 seconds
[0m16:31:31.514139 [debug] [ThreadPool]: Databricks adapter: Cursor(session-id=01f17ba2-dfcf-1ca1-9718-de387d6b0273, command-id=01f17ba2-e03f-1dc7-8929-2f59904de683) - Closing
[0m16:31:31.514139 [debug] [ThreadPool]: On list_workspace: Close
[0m16:31:31.522175 [debug] [ThreadPool]: Databricks adapter: Connection(session-id=01f17ba2-dfcf-1ca1-9718-de387d6b0273) - Closing
[0m16:31:31.706365 [debug] [ThreadPool]: Databricks adapter: DatabricksDBTConnection(session-id=None, name=list_workspace) - Creating connection
[0m16:31:31.714682 [debug] [ThreadPool]: Acquiring new databricks connection 'list_workspace'
[0m16:31:31.738723 [debug] [ThreadPool]: Using databricks connection "list_workspace"
[0m16:31:31.738723 [debug] [ThreadPool]: On list_workspace: /* {"app": "dbt", "dbt_version": "1.11.12", "dbt_databricks_version": "1.12.1", "databricks_sql_connector_version": "4.2.6", "profile_name": "databricks_free", "target_name": "dev", "invocation_id": "4cad21a9-e67e-419f-b4e6-fb0c1586cd60", "connection_name": "list_workspace"} */

    

  SHOW SCHEMAS IN `workspace`


  
[0m16:31:31.738723 [debug] [ThreadPool]: Opening a new connection, currently in state init
[0m16:31:32.944094 [debug] [ThreadPool]: Databricks adapter: Connection(session-id=01f17ba2-e1ad-1ad7-8a45-2a1516ed7ea1) - Created
[0m16:31:33.779424 [debug] [ThreadPool]: SQL status: OK in 2.040 seconds
[0m16:31:33.787876 [debug] [ThreadPool]: Databricks adapter: Cursor(session-id=01f17ba2-e1ad-1ad7-8a45-2a1516ed7ea1, command-id=01f17ba2-e1dc-186a-bff8-2cf1d914f3ab) - Closing
[0m16:31:33.787876 [debug] [ThreadPool]: On list_workspace: Close
[0m16:31:33.787876 [debug] [ThreadPool]: Databricks adapter: Connection(session-id=01f17ba2-e1ad-1ad7-8a45-2a1516ed7ea1) - Closing
[0m16:31:33.990193 [debug] [ThreadPool]: Databricks adapter: DatabricksDBTConnection(session-id=None, name=create_workspace_raw_steam_staging) - Creating connection
[0m16:31:33.998534 [debug] [ThreadPool]: Acquiring new databricks connection 'create_workspace_raw_steam_staging'
[0m16:31:33.998534 [debug] [ThreadPool]: Creating schema "database: "workspace"
schema: "raw_steam_staging"
"
[0m16:31:34.031073 [debug] [ThreadPool]: Using databricks connection "create_workspace_raw_steam_staging"
[0m16:31:34.031073 [debug] [ThreadPool]: On create_workspace_raw_steam_staging: /* {"app": "dbt", "dbt_version": "1.11.12", "dbt_databricks_version": "1.12.1", "databricks_sql_connector_version": "4.2.6", "profile_name": "databricks_free", "target_name": "dev", "invocation_id": "4cad21a9-e67e-419f-b4e6-fb0c1586cd60", "connection_name": "create_workspace_raw_steam_staging"} */
create schema if not exists `workspace`.`raw_steam_staging`
  
[0m16:31:34.031073 [debug] [ThreadPool]: Opening a new connection, currently in state init
[0m16:31:35.207273 [debug] [ThreadPool]: Databricks adapter: Connection(session-id=01f17ba2-e2f8-136f-ab99-77b465b9001d) - Created
[0m16:31:36.390585 [debug] [ThreadPool]: SQL status: OK in 2.360 seconds
[0m16:31:36.390585 [debug] [ThreadPool]: Databricks adapter: Cursor(session-id=01f17ba2-e2f8-136f-ab99-77b465b9001d, command-id=01f17ba2-e336-1602-8d20-09c96ed3c077) - Closing
[0m16:31:36.398993 [debug] [ThreadPool]: On create_workspace_raw_steam_staging: Close
[0m16:31:36.398993 [debug] [ThreadPool]: Databricks adapter: Connection(session-id=01f17ba2-e2f8-136f-ab99-77b465b9001d) - Closing
[0m16:31:36.597870 [debug] [ThreadPool]: Databricks adapter: DatabricksDBTConnection(session-id=None, name=create_workspace_raw_steam_marts) - Creating connection
[0m16:31:36.605871 [debug] [ThreadPool]: Acquiring new databricks connection 'create_workspace_raw_steam_marts'
[0m16:31:36.605871 [debug] [ThreadPool]: Creating schema "database: "workspace"
schema: "raw_steam_marts"
"
[0m16:31:36.622364 [debug] [ThreadPool]: Using databricks connection "create_workspace_raw_steam_marts"
[0m16:31:36.622364 [debug] [ThreadPool]: On create_workspace_raw_steam_marts: /* {"app": "dbt", "dbt_version": "1.11.12", "dbt_databricks_version": "1.12.1", "databricks_sql_connector_version": "4.2.6", "profile_name": "databricks_free", "target_name": "dev", "invocation_id": "4cad21a9-e67e-419f-b4e6-fb0c1586cd60", "connection_name": "create_workspace_raw_steam_marts"} */
create schema if not exists `workspace`.`raw_steam_marts`
  
[0m16:31:36.630365 [debug] [ThreadPool]: Opening a new connection, currently in state init
[0m16:31:37.724752 [debug] [ThreadPool]: Databricks adapter: Connection(session-id=01f17ba2-e482-1696-9a58-9dd8e68d4266) - Created
[0m16:31:38.420124 [debug] [ThreadPool]: SQL status: OK in 1.800 seconds
[0m16:31:38.428160 [debug] [ThreadPool]: Databricks adapter: Cursor(session-id=01f17ba2-e482-1696-9a58-9dd8e68d4266, command-id=01f17ba2-e4b5-10d7-86ce-719a5ef9e036) - Closing
[0m16:31:38.428160 [debug] [ThreadPool]: On create_workspace_raw_steam_marts: Close
[0m16:31:38.436560 [debug] [ThreadPool]: Databricks adapter: Connection(session-id=01f17ba2-e482-1696-9a58-9dd8e68d4266) - Closing
[0m16:31:38.626752 [debug] [ThreadPool]: Databricks adapter: DatabricksDBTConnection(session-id=None, name=list_workspace_raw_steam_staging) - Creating connection
[0m16:31:38.627631 [debug] [ThreadPool]: Acquiring new databricks connection 'list_workspace_raw_steam_staging'
[0m16:31:38.668720 [debug] [ThreadPool]: Using databricks connection "list_workspace_raw_steam_staging"
[0m16:31:38.668720 [debug] [ThreadPool]: On list_workspace_raw_steam_staging: /* {"app": "dbt", "dbt_version": "1.11.12", "dbt_databricks_version": "1.12.1", "databricks_sql_connector_version": "4.2.6", "profile_name": "databricks_free", "target_name": "dev", "invocation_id": "4cad21a9-e67e-419f-b4e6-fb0c1586cd60", "connection_name": "list_workspace_raw_steam_staging"} */

    
SELECT
  table_name,
  if(table_type IN ('EXTERNAL', 'MANAGED', 'MANAGED_SHALLOW_CLONE', 'EXTERNAL_SHALLOW_CLONE'), 'table', lower(table_type)) AS table_type,
  lower(data_source_format) AS file_format,
  table_owner,
  if(
    table_type IN (
      'EXTERNAL',
      'MANAGED',
      'MANAGED_SHALLOW_CLONE',
      'EXTERNAL_SHALLOW_CLONE'
    ),
    lower(table_type),
    NULL
  ) AS databricks_table_type
FROM `system`.`information_schema`.`tables`
WHERE table_catalog = 'workspace'
  AND table_schema = 'raw_steam_staging'

  
[0m16:31:38.668720 [debug] [ThreadPool]: Opening a new connection, currently in state init
[0m16:31:39.520502 [debug] [ThreadPool]: Databricks adapter: Connection(session-id=01f17ba2-e5a4-197a-846b-ecb0c50c9d3d) - Created
[0m16:31:40.842043 [debug] [ThreadPool]: SQL status: OK in 2.170 seconds
[0m16:31:40.852032 [debug] [ThreadPool]: Databricks adapter: Cursor(session-id=01f17ba2-e5a4-197a-846b-ecb0c50c9d3d, command-id=01f17ba2-e5c7-117a-b683-8a4c260f35c4) - Closing
[0m16:31:40.860081 [debug] [ThreadPool]: On list_workspace_raw_steam_staging: Close
[0m16:31:40.860081 [debug] [ThreadPool]: Databricks adapter: Connection(session-id=01f17ba2-e5a4-197a-846b-ecb0c50c9d3d) - Closing
[0m16:31:41.050912 [debug] [ThreadPool]: Databricks adapter: DatabricksDBTConnection(session-id=None, name=list_workspace_raw_steam_marts) - Creating connection
[0m16:31:41.050912 [debug] [ThreadPool]: Acquiring new databricks connection 'list_workspace_raw_steam_marts'
[0m16:31:41.075872 [debug] [ThreadPool]: Using databricks connection "list_workspace_raw_steam_marts"
[0m16:31:41.075872 [debug] [ThreadPool]: On list_workspace_raw_steam_marts: /* {"app": "dbt", "dbt_version": "1.11.12", "dbt_databricks_version": "1.12.1", "databricks_sql_connector_version": "4.2.6", "profile_name": "databricks_free", "target_name": "dev", "invocation_id": "4cad21a9-e67e-419f-b4e6-fb0c1586cd60", "connection_name": "list_workspace_raw_steam_marts"} */

    
SELECT
  table_name,
  if(table_type IN ('EXTERNAL', 'MANAGED', 'MANAGED_SHALLOW_CLONE', 'EXTERNAL_SHALLOW_CLONE'), 'table', lower(table_type)) AS table_type,
  lower(data_source_format) AS file_format,
  table_owner,
  if(
    table_type IN (
      'EXTERNAL',
      'MANAGED',
      'MANAGED_SHALLOW_CLONE',
      'EXTERNAL_SHALLOW_CLONE'
    ),
    lower(table_type),
    NULL
  ) AS databricks_table_type
FROM `system`.`information_schema`.`tables`
WHERE table_catalog = 'workspace'
  AND table_schema = 'raw_steam_marts'

  
[0m16:31:41.083914 [debug] [ThreadPool]: Opening a new connection, currently in state init
[0m16:31:42.180921 [debug] [ThreadPool]: Databricks adapter: Connection(session-id=01f17ba2-e723-1cc2-a88c-610fecd3302c) - Created
[0m16:31:42.768951 [debug] [ThreadPool]: SQL status: OK in 1.690 seconds
[0m16:31:42.777729 [debug] [ThreadPool]: Databricks adapter: Cursor(session-id=01f17ba2-e723-1cc2-a88c-610fecd3302c, command-id=01f17ba2-e75d-1549-a34d-8629a7136d03) - Closing
[0m16:31:42.777729 [debug] [ThreadPool]: On list_workspace_raw_steam_marts: Close
[0m16:31:42.786149 [debug] [ThreadPool]: Databricks adapter: Connection(session-id=01f17ba2-e723-1cc2-a88c-610fecd3302c) - Closing
[0m16:31:42.963523 [debug] [MainThread]: Sending event: {'category': 'dbt', 'action': 'runnable_timing', 'label': '4cad21a9-e67e-419f-b4e6-fb0c1586cd60', 'context': [<snowplow_tracker.self_describing_json.SelfDescribingJson object at 0x0000014B3139FE00>]}
[0m16:31:43.039638 [debug] [Thread-7 (]: Began running node model.dbt_steam_api.stg_steam_apps
[0m16:31:43.039638 [info ] [Thread-7 (]: 1 of 12 START sql view model raw_steam_staging.stg_steam_apps .................. [RUN]
[0m16:31:43.047645 [debug] [Thread-7 (]: Databricks adapter: DatabricksDBTConnection(session-id=None, name=model.dbt_steam_api.stg_steam_apps) - Creating connection
[0m16:31:43.047645 [debug] [Thread-7 (]: Acquiring new databricks connection 'model.dbt_steam_api.stg_steam_apps'
[0m16:31:43.047645 [debug] [Thread-7 (]: Began compiling node model.dbt_steam_api.stg_steam_apps
[0m16:31:43.140994 [debug] [Thread-7 (]: Writing injected SQL for node "model.dbt_steam_api.stg_steam_apps"
[0m16:31:43.148992 [debug] [Thread-7 (]: Began executing node model.dbt_steam_api.stg_steam_apps
[0m16:31:43.189617 [debug] [Thread-7 (]: MATERIALIZING VIEW
[0m16:31:43.230428 [debug] [Thread-7 (]: Creating view `workspace`.`raw_steam_staging`.`stg_steam_apps`
[0m16:31:43.254219 [debug] [Thread-7 (]: Writing runtime sql for node "model.dbt_steam_api.stg_steam_apps"
[0m16:31:43.254219 [debug] [Thread-7 (]: Using databricks connection "model.dbt_steam_api.stg_steam_apps"
[0m16:31:43.254219 [debug] [Thread-7 (]: On model.dbt_steam_api.stg_steam_apps: /* {"app": "dbt", "dbt_version": "1.11.12", "dbt_databricks_version": "1.12.1", "databricks_sql_connector_version": "4.2.6", "profile_name": "databricks_free", "target_name": "dev", "invocation_id": "4cad21a9-e67e-419f-b4e6-fb0c1586cd60", "node_id": "model.dbt_steam_api.stg_steam_apps"} */

  
  
  
  create or replace view `workspace`.`raw_steam_staging`.`stg_steam_apps`
  
  as (
    WITH parsed AS (
    SELECT
        appid,
        TRIM(name) AS game_name,
        TRIM(developer) AS developer,
        TRIM(publisher) AS publisher,
        score_rank,
        owners,
        average_forever AS avg_playtime_minutes,
        average_2weeks AS avg_playtime_2weeks,
        median_forever AS median_playtime_minutes,
        median_2weeks AS median_playtime_2weeks,
        ccu AS peak_concurrent_users,
        price,
        initialprice AS original_price,
        discount,
        tags,
        languages,
        genre,

        -- Parse owners range into min/max
        CAST(SPLIT_PART(owners, '-', 1) AS BIGINT) AS owners_min,
        CAST(SPLIT_PART(owners, '-', 2) AS BIGINT) AS owners_max,

        -- Calculate derived metrics
        ROUND((CAST(SPLIT_PART(owners, '-', 1) AS BIGINT) + CAST(SPLIT_PART(owners, '-', 2) AS BIGINT)) / 2, 0) AS estimated_owners,

        -- Price categories
        CASE 
            WHEN price = 0 THEN 'Free'
            WHEN price <= 10 THEN 'Budget ($0-10)'
            WHEN price <= 30 THEN 'Mid-tier ($10-30)'
            WHEN price <= 60 THEN 'Premium ($30-60)'
            ELSE 'AAA ($60+)'
        END AS price_tier,

        -- Engagement categories
        CASE
            WHEN average_forever < 60 THEN 'Casual (<1h)'
            WHEN average_forever < 600 THEN 'Moderate (1-10h)'
            WHEN average_forever < 3000 THEN 'Engaged (10-50h)'
            ELSE 'Hardcore (50h+)'
        END AS engagement_tier,

        -- Discount flag
        CASE WHEN discount > 0 THEN TRUE ELSE FALSE END AS is_discounted,

        -- Parse tags into array for analysis
        SPLIT(tags, ',') AS tag_list,

        -- Parse languages
        SPLIT(languages, ',') AS language_list,

        -- Parse genres
        SPLIT(genre, ',') AS genre_list,

        -- Success indicators
        CASE 
            WHEN (CAST(SPLIT_PART(owners, '-', 1) AS BIGINT) + CAST(SPLIT_PART(owners, '-', 2) AS BIGINT)) / 2 > 1000000 AND average_forever > 600 THEN 'Hit'
            WHEN (CAST(SPLIT_PART(owners, '-', 1) AS BIGINT) + CAST(SPLIT_PART(owners, '-', 2) AS BIGINT)) / 2 > 100000 THEN 'Successful'
            WHEN (CAST(SPLIT_PART(owners, '-', 1) AS BIGINT) + CAST(SPLIT_PART(owners, '-', 2) AS BIGINT)) / 2 > 10000 THEN 'Moderate'
            ELSE 'Niche'
        END AS success_category

    FROM `workspace`.`raw_steam`.`raw_apps`
    WHERE name IS NOT NULL AND name != ''
)

SELECT * FROM parsed
  )

[0m16:31:43.262403 [debug] [Thread-7 (]: Opening a new connection, currently in state init
[0m16:31:44.189371 [debug] [Thread-7 (]: Databricks adapter: Connection(session-id=01f17ba2-e863-12ca-8262-21cfb4f78f9f) - Created
[0m16:31:47.046488 [debug] [Thread-7 (]: SQL status: OK in 3.780 seconds
[0m16:31:47.046488 [debug] [Thread-7 (]: Databricks adapter: Cursor(session-id=01f17ba2-e863-12ca-8262-21cfb4f78f9f, command-id=01f17ba2-e891-1330-a14b-6e6717155427) - Closing
[0m16:31:47.142915 [debug] [Thread-7 (]: Applying tags to relation None
[0m16:31:47.158950 [debug] [Thread-7 (]: On model.dbt_steam_api.stg_steam_apps: Close
[0m16:31:47.158950 [debug] [Thread-7 (]: Databricks adapter: Connection(session-id=01f17ba2-e863-12ca-8262-21cfb4f78f9f) - Closing
[0m16:31:47.382569 [debug] [Thread-7 (]: Sending event: {'category': 'dbt', 'action': 'run_model', 'label': '4cad21a9-e67e-419f-b4e6-fb0c1586cd60', 'context': [<snowplow_tracker.self_describing_json.SelfDescribingJson object at 0x0000014B2FC04FB0>]}
[0m16:31:47.382569 [info ] [Thread-7 (]: 1 of 12 OK created sql view model raw_steam_staging.stg_steam_apps ............. [[32mOK[0m in 4.32s]
[0m16:31:47.382569 [debug] [Thread-7 (]: Finished running node model.dbt_steam_api.stg_steam_apps
[0m16:31:47.390595 [debug] [Thread-7 (]: Began running node test.dbt_steam_api.not_null_stg_steam_apps_appid.e8a86d58d6
[0m16:31:47.390595 [info ] [Thread-7 (]: 2 of 12 START test not_null_stg_steam_apps_appid ............................... [RUN]
[0m16:31:47.398572 [debug] [Thread-7 (]: Databricks adapter: DatabricksDBTConnection(session-id=None, name=test.dbt_steam_api.not_null_stg_steam_apps_appid.e8a86d58d6) - Creating connection
[0m16:31:47.398572 [debug] [Thread-7 (]: Acquiring new databricks connection 'test.dbt_steam_api.not_null_stg_steam_apps_appid.e8a86d58d6'
[0m16:31:47.406569 [debug] [Thread-7 (]: Began compiling node test.dbt_steam_api.not_null_stg_steam_apps_appid.e8a86d58d6
[0m16:31:47.462562 [debug] [Thread-7 (]: Writing injected SQL for node "test.dbt_steam_api.not_null_stg_steam_apps_appid.e8a86d58d6"
[0m16:31:47.462562 [debug] [Thread-7 (]: Began executing node test.dbt_steam_api.not_null_stg_steam_apps_appid.e8a86d58d6
[0m16:31:47.518576 [debug] [Thread-7 (]: Writing runtime sql for node "test.dbt_steam_api.not_null_stg_steam_apps_appid.e8a86d58d6"
[0m16:31:47.518576 [debug] [Thread-7 (]: Using databricks connection "test.dbt_steam_api.not_null_stg_steam_apps_appid.e8a86d58d6"
[0m16:31:47.518576 [debug] [Thread-7 (]: On test.dbt_steam_api.not_null_stg_steam_apps_appid.e8a86d58d6: /* {"app": "dbt", "dbt_version": "1.11.12", "dbt_databricks_version": "1.12.1", "databricks_sql_connector_version": "4.2.6", "profile_name": "databricks_free", "target_name": "dev", "invocation_id": "4cad21a9-e67e-419f-b4e6-fb0c1586cd60", "node_id": "test.dbt_steam_api.not_null_stg_steam_apps_appid.e8a86d58d6"} */

    
    select
      count(*) as failures,
      count(*) != 0 as should_warn,
      count(*) != 0 as should_error
    from (
      
    
  
    
    



select appid
from `workspace`.`raw_steam_staging`.`stg_steam_apps`
where appid is null



  
  
      
    ) dbt_internal_test
[0m16:31:47.518576 [debug] [Thread-7 (]: Opening a new connection, currently in state init
[0m16:31:48.417428 [debug] [Thread-7 (]: Databricks adapter: Connection(session-id=01f17ba2-eaee-1c51-9d22-40d44d4feeb9) - Created
[0m16:31:51.115249 [debug] [Thread-7 (]: SQL status: OK in 3.600 seconds
[0m16:31:51.140181 [debug] [Thread-7 (]: Databricks adapter: Cursor(session-id=01f17ba2-eaee-1c51-9d22-40d44d4feeb9, command-id=01f17ba2-eb15-17a0-a64f-afc29b7e222e) - Closing
[0m16:31:51.156979 [debug] [Thread-7 (]: On test.dbt_steam_api.not_null_stg_steam_apps_appid.e8a86d58d6: Close
[0m16:31:51.156979 [debug] [Thread-7 (]: Databricks adapter: Connection(session-id=01f17ba2-eaee-1c51-9d22-40d44d4feeb9) - Closing
[0m16:31:51.357517 [info ] [Thread-7 (]: 2 of 12 PASS not_null_stg_steam_apps_appid ..................................... [[32mPASS[0m in 3.96s]
[0m16:31:51.366202 [debug] [Thread-7 (]: Finished running node test.dbt_steam_api.not_null_stg_steam_apps_appid.e8a86d58d6
[0m16:31:51.366202 [debug] [Thread-7 (]: Began running node test.dbt_steam_api.not_null_stg_steam_apps_estimated_owners.0a3db85ce5
[0m16:31:51.366202 [info ] [Thread-7 (]: 3 of 12 START test not_null_stg_steam_apps_estimated_owners .................... [RUN]
[0m16:31:51.374677 [debug] [Thread-7 (]: Databricks adapter: DatabricksDBTConnection(session-id=None, name=test.dbt_steam_api.not_null_stg_steam_apps_estimated_owners.0a3db85ce5) - Creating connection
[0m16:31:51.382677 [debug] [Thread-7 (]: Acquiring new databricks connection 'test.dbt_steam_api.not_null_stg_steam_apps_estimated_owners.0a3db85ce5'
[0m16:31:51.382677 [debug] [Thread-7 (]: Began compiling node test.dbt_steam_api.not_null_stg_steam_apps_estimated_owners.0a3db85ce5
[0m16:31:51.435723 [debug] [Thread-7 (]: Writing injected SQL for node "test.dbt_steam_api.not_null_stg_steam_apps_estimated_owners.0a3db85ce5"
[0m16:31:51.435723 [debug] [Thread-7 (]: Began executing node test.dbt_steam_api.not_null_stg_steam_apps_estimated_owners.0a3db85ce5
[0m16:31:51.443886 [debug] [Thread-7 (]: Writing runtime sql for node "test.dbt_steam_api.not_null_stg_steam_apps_estimated_owners.0a3db85ce5"
[0m16:31:51.443886 [debug] [Thread-7 (]: Using databricks connection "test.dbt_steam_api.not_null_stg_steam_apps_estimated_owners.0a3db85ce5"
[0m16:31:51.443886 [debug] [Thread-7 (]: On test.dbt_steam_api.not_null_stg_steam_apps_estimated_owners.0a3db85ce5: /* {"app": "dbt", "dbt_version": "1.11.12", "dbt_databricks_version": "1.12.1", "databricks_sql_connector_version": "4.2.6", "profile_name": "databricks_free", "target_name": "dev", "invocation_id": "4cad21a9-e67e-419f-b4e6-fb0c1586cd60", "node_id": "test.dbt_steam_api.not_null_stg_steam_apps_estimated_owners.0a3db85ce5"} */

    
    select
      count(*) as failures,
      count(*) != 0 as should_warn,
      count(*) != 0 as should_error
    from (
      
    
  
    
    



select estimated_owners
from `workspace`.`raw_steam_staging`.`stg_steam_apps`
where estimated_owners is null



  
  
      
    ) dbt_internal_test
[0m16:31:51.452087 [debug] [Thread-7 (]: Opening a new connection, currently in state init
[0m16:31:52.488357 [debug] [Thread-7 (]: Databricks adapter: Connection(session-id=01f17ba2-ed52-1635-a8f1-8935655bbe7d) - Created
[0m16:31:58.912304 [debug] [Thread-7 (]: Databricks adapter: Exception while trying to execute query
/* {"app": "dbt", "dbt_version": "1.11.12", "dbt_databricks_version": "1.12.1", "databricks_sql_connector_version": "4.2.6", "profile_name": "databricks_free", "target_name": "dev", "invocation_id": "4cad21a9-e67e-419f-b4e6-fb0c1586cd60", "node_id": "test.dbt_steam_api.not_null_stg_steam_apps_estimated_owners.0a3db85ce5"} */

    
    select
      count(*) as failures,
      count(*) != 0 as should_warn,
      count(*) != 0 as should_error
    from (
      
    
  
    
    



select estimated_owners
from `workspace`.`raw_steam_staging`.`stg_steam_apps`
where estimated_owners is null



  
  
      
    ) dbt_internal_test
: [CAST_INVALID_INPUT] The value '100,000,000 .. 200,000,000' of the type "STRING" cannot be cast to "BIGINT" because it is malformed. Correct the value as per the syntax, or change its target type. Use `try_cast` to tolerate malformed input and return NULL instead. SQLSTATE: 22018
Error properties: diagnostic-info=org.apache.hive.service.cli.HiveSQLException: Error running query: [CAST_INVALID_INPUT] org.apache.spark.SparkNumberFormatException: [CAST_INVALID_INPUT] The value '100,000,000 .. 200,000,000' of the type "STRING" cannot be cast to "BIGINT" because it is malformed. Correct the value as per the syntax, or change its target type. Use `try_cast` to tolerate malformed input and return NULL instead. SQLSTATE: 22018
	at org.apache.spark.sql.hive.thriftserver.HiveThriftServerErrors$.runningQueryError(HiveThriftServerErrors.scala:58)
	at org.apache.spark.sql.hive.thriftserver.SparkExecuteStatementOperation.$anonfun$execute$1(SparkExecuteStatementOperation.scala:1184)
	at scala.runtime.java8.JFunction0$mcV$sp.apply(JFunction0$mcV$sp.scala:18)
	at com.databricks.unity.UCSEphemeralState$Handle.runWith(UCSEphemeralState.scala:51)
	at com.databricks.unity.HandleImpl.runWith(UCSHandle.scala:128)
	at org.apache.spark.sql.hive.thriftserver.SparkExecuteStatementOperation.org$apache$spark$sql$hive$thriftserver$SparkExecuteStatementOperation$$execute(SparkExecuteStatementOperation.scala:877)
	at org.apache.spark.sql.hive.thriftserver.SparkExecuteStatementOperation$$anon$2$$anon$3.$anonfun$run$6(SparkExecuteStatementOperation.scala:636)
	at scala.runtime.java8.JFunction0$mcV$sp.apply(JFunction0$mcV$sp.scala:18)
	at org.apache.spark.sql.execution.SQLExecution$.withRootExecution(SQLExecution.scala:1468)
	at org.apache.spark.sql.hive.thriftserver.SparkExecuteStatementOperation$$anon$2$$anon$3.$anonfun$run$3(SparkExecuteStatementOperation.scala:636)
	at scala.runtime.java8.JFunction0$mcV$sp.apply(JFunction0$mcV$sp.scala:18)
	at com.databricks.util.TracingSpanUtils$.withTracing(TracingSpanUtils.scala:251)
	at com.databricks.spark.util.DatabricksTracingHelper.withSpan(DatabricksSparkTracingHelper.scala:154)
	at com.databricks.spark.util.DBRTracing$.withSpan(DBRTracing.scala:87)
	at org.apache.spark.sql.hive.thriftserver.ThriftLocalProperties.$anonfun$withLocalProperties$18(ThriftLocalProperties.scala:366)
	at com.databricks.logging.AttributionContextTracing.$anonfun$withAttributionContext$1(AttributionContextTracing.scala:146)
	at com.databricks.logging.AttributionContext$.$anonfun$withValue$1(AttributionContext.scala:349)
	at scala.util.DynamicVariable.withValue(DynamicVariable.scala:59)
	at com.databricks.logging.AttributionContext$.withValue(AttributionContext.scala:345)
	at com.databricks.logging.AttributionContextTracing.withAttributionContext(AttributionContextTracing.scala:144)
	at com.databricks.logging.AttributionContextTracing.withAttributionContext$(AttributionContextTracing.scala:141)
	at com.databricks.spark.util.PublicDBLogging.withAttributionContext(DatabricksSparkUsageLogger.scala:29)
	at com.databricks.logging.AttributionContextTracing.withAttributionTags(AttributionContextTracing.scala:201)
	at com.databricks.logging.AttributionContextTracing.withAttributionTags$(AttributionContextTracing.scala:182)
	at com.databricks.spark.util.PublicDBLogging.withAttributionTags(DatabricksSparkUsageLogger.scala:29)
	at com.databricks.spark.util.PublicDBLogging.withAttributionTags0(DatabricksSparkUsageLogger.scala:108)
	at com.databricks.spark.util.DatabricksSparkUsageLogger.withAttributionTags(DatabricksSparkUsageLogger.scala:215)
	at com.databricks.spark.util.UsageLogging.$anonfun$withAttributionTags$1(UsageLogger.scala:668)
	at com.databricks.spark.util.UsageLogging$.withAttributionTags(UsageLogger.scala:780)
	at com.databricks.spark.util.UsageLogging$.withAttributionTags(UsageLogger.scala:789)
	at com.databricks.spark.util.UsageLogging.withAttributionTags(UsageLogger.scala:668)
	at com.databricks.spark.util.UsageLogging.withAttributionTags$(UsageLogger.scala:666)
	at org.apache.spark.sql.hive.thriftserver.SparkExecuteStatementOperation.withAttributionTags(SparkExecuteStatementOperation.scala:78)
	at org.apache.spark.sql.hive.thriftserver.ThriftLocalProperties.$anonfun$withLocalProperties$15(ThriftLocalProperties.scala:365)
	at com.databricks.spark.util.IdentityClaim$.withClaim(IdentityClaim.scala:48)
	at org.apache.spark.sql.hive.thriftserver.ThriftLocalProperties.withLocalProperties(ThriftLocalProperties.scala:360)
	at org.apache.spark.sql.hive.thriftserver.ThriftLocalProperties.withLocalProperties$(ThriftLocalProperties.scala:180)
	at org.apache.spark.sql.hive.thriftserver.SparkExecuteStatementOperation.withLocalProperties(SparkExecuteStatementOperation.scala:78)
	at org.apache.spark.sql.hive.thriftserver.SparkExecuteStatementOperation$$anon$2$$anon$3.$anonfun$run$2(SparkExecuteStatementOperation.scala:612)
	at scala.runtime.java8.JFunction0$mcV$sp.apply(JFunction0$mcV$sp.scala:18)
	at com.databricks.spark.util.DBRTracing$.withSpanFromParent(DBRTracing.scala:70)
	at org.apache.spark.sql.hive.thriftserver.SparkExecuteStatementOperation$$anon$2$$anon$3.run(SparkExecuteStatementOperation.scala:612)
	at org.apache.spark.sql.hive.thriftserver.SparkExecuteStatementOperation$$anon$2$$anon$3.run(SparkExecuteStatementOperation.scala:585)
	at java.base/java.security.AccessController.doPrivileged(AccessController.java:712)
	at java.base/javax.security.auth.Subject.doAs(Subject.java:439)
	at org.apache.hadoop.security.UserGroupInformation.doAs(UserGroupInformation.java:1953)
	at org.apache.spark.sql.hive.thriftserver.SparkExecuteStatementOperation$$anon$2.run(SparkExecuteStatementOperation.scala:650)
	at java.base/java.util.concurrent.Executors$RunnableAdapter.call(Executors.java:539)
	at java.base/java.util.concurrent.FutureTask.run(FutureTask.java:264)
	at java.base/java.util.concurrent.ThreadPoolExecutor.runWorker(ThreadPoolExecutor.java:1136)
	at java.base/java.util.concurrent.ThreadPoolExecutor$Worker.run(ThreadPoolExecutor.java:635)
	at java.base/java.lang.Thread.run(Thread.java:840)
Caused by: org.apache.spark.SparkNumberFormatException: [CAST_INVALID_INPUT] The value '100,000,000 .. 200,000,000' of the type "STRING" cannot be cast to "BIGINT" because it is malformed. Correct the value as per the syntax, or change its target type. Use `try_cast` to tolerate malformed input and return NULL instead. SQLSTATE: 22018
	at org.apache.spark.sql.errors.QueryExecutionErrors$.invalidInputInCastToNumberError(QueryExecutionErrors.scala:188)
	at com.databricks.photon.PhotonException$.getSparkException(PhotonException.scala:266)
	at org.apache.spark.sql.execution.SQLExecution$.$anonfun$withNewExecutionId0$21(SQLExecution.scala:1124)
	at com.databricks.unity.UCSManager$.withTemporaryScope(UCSManager.scala:168)
	at org.apache.spark.sql.execution.SQLExecution$.$anonfun$withNewExecutionId0$20(SQLExecution.scala:937)
	at org.apache.spark.sql.execution.SQLExecution$.withSessionTagsApplied(SQLExecution.scala:1542)
	at org.apache.spark.sql.execution.SQLExecution$.$anonfun$withNewExecutionId0$19(SQLExecution.scala:926)
	at org.apache.spark.JobArtifactSet$.withActiveJobArtifactState(JobArtifactSet.scala:97)
	at org.apache.spark.sql.artifact.ArtifactManager.$anonfun$withResources$1(ArtifactManager.scala:124)
	at org.apache.spark.sql.artifact.ArtifactManager.withClassLoaderIfNeeded(ArtifactManager.scala:118)
	at org.apache.spark.sql.artifact.ArtifactManager.withResources(ArtifactManager.scala:123)
	at org.apache.spark.sql.execution.SQLExecution$.$anonfun$withNewExecutionId0$18(SQLExecution.scala:926)
	at org.apache.spark.sql.execution.SQLExecution$.withSQLConfPropagated(SQLExecution.scala:1577)
	at org.apache.spark.sql.execution.SQLExecution$.$anonfun$withNewExecutionId0$1(SQLExecution.scala:925)
	at org.apache.spark.sql.SparkSession.withActive(SparkSession.scala:866)
	at org.apache.spark.sql.execution.SQLExecution$.withNewExecutionId0(SQLExecution.scala:659)
	at org.apache.spark.sql.execution.SQLExecution$.withNewExecutionId(SQLExecution.scala:1495)
	at org.apache.spark.sql.classic.Dataset.withAction(Dataset.scala:2891)
	at org.apache.spark.sql.classic.Dataset.collectToHybridCloudStoreResults(Dataset.scala:1855)
	at org.apache.spark.sql.hive.thriftserver.HybridCloudStoreResultHandler.computeResult(HybridCloudStoreResultHandler.scala:64)
	at org.apache.spark.sql.hive.thriftserver.HybridCloudStoreResultHandler.computeResult(HybridCloudStoreResultHandler.scala:34)
	at org.apache.spark.sql.hive.thriftserver.ResultCollector.$anonfun$collectResult$20(ResultCollector.scala:244)
	at org.apache.spark.sql.execution.SQLExecution$.$anonfun$withExecutionPhase$1(SQLExecution.scala:329)
	at com.databricks.util.TracingSpanUtils$.withTracing(TracingSpanUtils.scala:251)
	at com.databricks.spark.util.DatabricksTracingHelper.withSpan(DatabricksSparkTracingHelper.scala:154)
	at com.databricks.spark.util.DBRTracing$.withSpan(DBRTracing.scala:87)
	at org.apache.spark.sql.execution.SQLExecution$.withExecutionPhase(SQLExecution.scala:310)
	at org.apache.spark.sql.hive.thriftserver.ResultCollector.collectResult(ResultCollector.scala:244)
	at org.apache.spark.sql.hive.thriftserver.ResultCollector.collectResult$(ResultCollector.scala:115)
	at org.apache.spark.sql.hive.thriftserver.HybridCloudStoreResultHandler.collectResult(HybridCloudStoreResultHandler.scala:34)
	at org.apache.spark.sql.hive.thriftserver.HybridCloudStoreResultHandler.org$apache$spark$sql$hive$thriftserver$HybridCloudStoreResultHandler$$initFromDataFrame(HybridCloudStoreResultHandler.scala:89)
	at org.apache.spark.sql.hive.thriftserver.HybridCloudStoreResultHandler$.createFromDataFrame(HybridCloudStoreResultHandler.scala:220)
	at org.apache.spark.sql.hive.thriftserver.ResultHandlerFactory.getCollectorHandler(ResultHandlerFactory.scala:541)
	at org.apache.spark.sql.hive.thriftserver.ResultHandlerFactory.createResultHandler(ResultHandlerFactory.scala:514)
	at org.apache.spark.sql.hive.thriftserver.SparkExecuteStatementOperation.$anonfun$execute$14(SparkExecuteStatementOperation.scala:1098)
	at scala.runtime.java8.JFunction0$mcV$sp.apply(JFunction0$mcV$sp.scala:18)
	at org.apache.spark.sql.hive.thriftserver.SparkExecuteStatementOperation.withSuspendedQueryHangingDetection(SparkExecuteStatementOperation.scala:192)
	at org.apache.spark.sql.hive.thriftserver.SparkExecuteStatementOperation.$anonfun$execute$1(SparkExecuteStatementOperation.scala:1095)
	... 50 more
	Suppressed: org.apache.spark.SparkException: Job aborted due to stage failure: com.databricks.photon.PhotonException: Error class: InvalidInputSyntaxForNumericError. Parameters: long,100,000,000 .. 200,000,000
	at 0x4fd25d9 <photon>.InvalidInputSyntaxForNumericError(external/workspace_spark_4_1/photon/common/status.cc:367)
	at 0x4fd25d9 <photon>.OnInvalidInput(external/workspace_spark_4_1/photon/exprs/cast-functions.h:694)
	at 0x4fd21ea <photon>.ProjectBatch(external/workspace_spark_4_1/photon/exprs/compute-function.h:1092)
	at 0x4fd1d3f <photon>.Eval(external/workspace_spark_4_1/photon/exprs/unary-expr.h:122)
	at 0x415dbf4 <photon>.Eval(external/workspace_spark_4_1/photon/exprs/binary-expr.h:140)
	at 0x50800a8 <photon>.Eval(external/workspace_spark_4_1/photon/exprs/unary-expr.h:105)
	at 0x558bb94 <photon>.Eval(external/workspace_spark_4_1/photon/exprs/binary-expr.h:140)
	at 0x4717aa4 <photon>.Eval(external/workspace_spark_4_1/photon/exprs/binary-expr.h:140)
	at 0x5ed26a9 <photon>.EvalImpl(external/workspace_spark_4_1/photon/exprs/is-null-expr.h:90)
	at 0x402fdad <photon>.EvalImpl(external/workspace_spark_4_1/photon/exprs/logical-functions.cc:290)
	at 0x402fdad <photon>.Eval(external/workspace_spark_4_1/photon/io/parquet-reader/data-filter.cc:156)
	at 0x33ff214 <photon>.EvalAllFilters(external/workspace_spark_4_1/photon/io/parquet-reader/data-filter.cc:460)
	at 0x343e131 <photon>.ScanAndFilterRowsUntilNonEmptyBatch(external/workspace_spark_4_1/photon/io/parquet-reader/row-group-reader.cc:1728)
	at 0x343ed48 <photon>.YieldRowsWithFilter(external/workspace_spark_4_1/photon/io/parquet-reader/row-group-reader.cc:1830)
	at 0x344811f <photon>.operator()(external/workspace_spark_4_1/photon/io/parquet-reader/row-group-reader.cc:2044)
	at 0x344077a <photon>.Next(external/workspace_spark_4_1/photon/io/parquet-reader/row-group-reader.cc:1936)
	at 0x3429978 <photon>.Next(external/workspace_spark_4_1/photon/io/parquet-reader/file-reader.cc:444)
	at 0x2987f4d <photon>.operator()(external/workspace_spark_4_1/photon/exec-nodes/file-scan-node.cc:168)
	at 0x2987956 <photon>.TryPullNextBatch(external/workspace_spark_4_1/photon/exec-nodes/file-scan-node.cc:168)
	at 0x2987956 <photon>.DoHasNextImpl(external/workspace_spark_4_1/photon/exec-nodes/file-scan-node.cc:109)
	at 0x2987563 <photon>.HasNextImpl(external/workspace_spark_4_1/photon/exec-nodes/file-scan-node.cc:45)
	at 0x289c7a2 <photon>.OpenImpl(external/workspace_spark_4_1/photon/exec-nodes/agg-node.cc:80)
	at 0x289c501 <photon>.OpenImpl(external/workspace_spark_4_1/photon/exec-nodes/arrow-batch-sink-node.cc:150)
	at com.databricks.photon.JniApiImpl.open(Native Method)
	at com.databricks.photon.JniApi.open(JniApi.scala)
	at com.databricks.photon.JniExecNode.open(JniExecNode.java:93)
	at com.databricks.photon.PhotonArrowResultHandler.$anonfun$getResultImpl$6(PhotonExec.scala:1735)
	at scala.runtime.java8.JFunction0$mcV$sp.apply(JFunction0$mcV$sp.scala:18)
	at com.databricks.photon.PhotonResultHandler.timeit(PhotonResultHandler.scala:33)
	at com.databricks.photon.PhotonResultHandler.timeit$(PhotonResultHandler.scala:31)
	at com.databricks.photon.PhotonArrowResultHandler.timeit(PhotonExec.scala:1729)
	at com.databricks.photon.PhotonArrowResultHandler.getResultImpl(PhotonExec.scala:1735)
	at com.databricks.photon.PhotonResultHandler.$anonfun$getResult$1(PhotonResultHandler.scala:74)
	at com.databricks.photon.PhotonResultHandler.com$databricks$photon$PhotonResultHandler$$convertPhotonOOMIfNeeded(PhotonResultHandler.scala:53)
	at com.databricks.photon.PhotonResultHandler.getResult(PhotonResultHandler.scala:74)
	at com.databricks.photon.PhotonResultHandler.getResult$(PhotonResultHandler.scala:63)
	at com.databricks.photon.PhotonArrowResultHandler.getResult(PhotonExec.scala:1729)
	at com.databricks.photon.PhotonBasicEvaluatorFactory$PhotonBasicEvaluator$$anon$1.open(PhotonBasicEvaluatorFactory.scala:258)
	at com.databricks.photon.PhotonBasicEvaluatorFactory$PhotonBasicEvaluator$$anon$1.hasNextImpl(PhotonBasicEvaluatorFactory.scala:263)
	at com.databricks.photon.PhotonBasicEvaluatorFactory$PhotonBasicEvaluator$$anon$1.$anonfun$hasNext$1(PhotonBasicEvaluatorFactory.scala:283)
	at scala.runtime.java8.JFunction0$mcZ$sp.apply(JFunction0$mcZ$sp.scala:17)
	at org.apache.spark.TaskContext.runFuncAsBillable(TaskContext.scala:274)
	at com.databricks.photon.PhotonBasicEvaluatorFactory$PhotonBasicEvaluator$$anon$1.hasNext(PhotonBasicEvaluatorFactory.scala:283)
	at com.databricks.photon.CloseableIterator$$anon$10.hasNext(CloseableIterator.scala:211)
	at com.databricks.sql.execution.arrowcollect.ArrowConvertersEdge$.toHybridCloudResultIterator(ArrowConvertersEdge.scala:300)
	at com.databricks.sql.execution.arrowcollect.HybridArrowCollector$.$anonfun$executorCollect$2(HybridResultCollector.scala:182)
	at org.apache.spark.rdd.RDD.$anonfun$mapPartitionsInternal$2(RDD.scala:978)
	at org.apache.spark.rdd.RDD.$anonfun$mapPartitionsInternal$2$adapted(RDD.scala:978)
	at org.apache.spark.rdd.MapPartitionsRDD.compute(MapPartitionsRDD.scala:67)
	at org.apache.spark.rdd.RDD.$anonfun$computeOrReadCheckpoint$1(RDD.scala:444)
	at com.databricks.spark.util.ExecutorFrameProfiler$.record(ExecutorFrameProfiler.scala:110)
	at org.apache.spark.rdd.RDD.computeOrReadCheckpoint(RDD.scala:441)
	at org.apache.spark.rdd.RDD.iterator(RDD.scala:408)
	at org.apache.spark.scheduler.ResultTask.$anonfun$runTask$6(ResultTask.scala:107)
	at com.databricks.spark.util.ExecutorFrameProfiler$.record(ExecutorFrameProfiler.scala:110)
	at org.apache.spark.scheduler.ResultTask.$anonfun$runTask$1(ResultTask.scala:107)
	at com.databricks.spark.util.ExecutorFrameProfiler$.record(ExecutorFrameProfiler.scala:110)
	at org.apache.spark.scheduler.ResultTask.runTask(ResultTask.scala:66)
	at org.apache.spark.TaskContext.runTaskWithListeners(TaskContext.scala:233)
	at org.apache.spark.scheduler.Task.doRunTask(Task.scala:226)
	at org.apache.spark.scheduler.Task.$anonfun$run$6(Task.scala:182)
	at com.databricks.unity.UCSEphemeralState$Handle.runWith(UCSEphemeralState.scala:51)
	at com.databricks.unity.HandleImpl.runWith(UCSHandle.scala:128)
	at com.databricks.unity.HandleImpl.$anonfun$runWithAndClose$1(UCSHandle.scala:133)
	at scala.util.Using$.resource(Using.scala:296)
	at com.databricks.unity.HandleImpl.runWithAndClose(UCSHandle.scala:132)
	at org.apache.spark.scheduler.TaskExecutionUtils$.withUCHandleForTaskExecution(Task.scala:394)
	at org.apache.spark.scheduler.Task.$anonfun$run$3(Task.scala:176)
	at org.apache.spark.scheduler.TaskExecutionUtils$.withCredentialsForTaskExecution(Task.scala:371)
	at org.apache.spark.scheduler.Task.$anonfun$run$1(Task.scala:119)
	at com.databricks.spark.util.ExecutorFrameProfiler$.record(ExecutorFrameProfiler.scala:110)
	at org.apache.spark.scheduler.Task.run(Task.scala:114)
	at org.apache.spark.executor.Executor$TaskRunner.$anonfun$run$15(Executor.scala:1613)
	at org.apache.spark.util.SparkErrorUtils.tryWithSafeFinally(SparkErrorUtils.scala:86)
	at org.apache.spark.util.SparkErrorUtils.tryWithSafeFinally$(SparkErrorUtils.scala:83)
	at org.apache.spark.util.Utils$.tryWithSafeFinally(Utils.scala:118)
	at org.apache.spark.executor.Executor$TaskRunner.$anonfun$run$3(Executor.scala:1618)
	at scala.runtime.java8.JFunction0$mcV$sp.apply(JFunction0$mcV$sp.scala:18)
	at com.databricks.spark.util.ExecutorFrameProfiler$.record(ExecutorFrameProfiler.scala:110)
	at org.apache.spark.executor.Executor$TaskRunner.run(Executor.scala:1429)
	at com.databricks.aether.RDDTask.run(RDDTask.scala:296)
	at com.databricks.aether.worker.WorkerTaskAttemptThread.$anonfun$runInternal$1(AetherWorkerImpl.scala:406)
	at scala.runtime.java8.JFunction0$mcV$sp.apply(JFunction0$mcV$sp.scala:18)
	at com.databricks.aether.AetherInt64Gauge.scopedAdd(AetherServiceMetricImpls.scala:129)
	at com.databricks.aether.worker.WorkerTaskAttemptThread.runInternal(AetherWorkerImpl.scala:395)
	at com.databricks.aether.worker.WorkerTaskAttemptThread.run(AetherWorkerImpl.scala:371)
	at com.databricks.aether.FairBlockingQueue$SlotCountingRunnable.run(FairBlockingQueue.java:647)
	at java.base/java.util.concurrent.ThreadPoolExecutor.runWorker(ThreadPoolExecutor.java:1136)
	at java.base/java.util.concurrent.ThreadPoolExecutor$Worker.run(ThreadPoolExecutor.java:635)
	at java.base/java.lang.Thread.run(Thread.java:840)

		at org.apache.spark.scheduler.DAGScheduler.$anonfun$failJobAndIndependentStages$1(DAGScheduler.scala:6028)
		at scala.Option.getOrElse(Option.scala:201)
		at org.apache.spark.scheduler.DAGScheduler.failJobAndIndependentStages(DAGScheduler.scala:6026)
		at org.apache.spark.scheduler.DAGScheduler.$anonfun$abortStage$4(DAGScheduler.scala:5927)
		at org.apache.spark.scheduler.DAGScheduler.$anonfun$abortStage$4$adapted(DAGScheduler.scala:5914)
		at scala.collection.IterableOnceOps.foreach(IterableOnce.scala:619)
		at scala.collection.IterableOnceOps.foreach$(IterableOnce.scala:617)
		at scala.collection.AbstractIterable.foreach(Iterable.scala:935)
		at org.apache.spark.scheduler.DAGScheduler.$anonfun$abortStage$1(DAGScheduler.scala:5914)
		at scala.runtime.java8.JFunction0$mcV$sp.apply(JFunction0$mcV$sp.scala:18)
		at com.databricks.spark.util.FrameProfiler$.$anonfun$record$1(FrameProfiler.scala:114)
		at com.databricks.spark.util.FrameProfilerExporter$.maybeExportFrameProfiler(FrameProfilerExporter.scala:146)
		at com.databricks.spark.util.FrameProfiler$.record(FrameProfiler.scala:105)
		at org.apache.spark.scheduler.DAGScheduler.abortStage(DAGScheduler.scala:5903)
		at org.apache.spark.scheduler.DAGScheduler.$anonfun$handleTaskSetFailed$4(DAGScheduler.scala:2357)
		at org.apache.spark.scheduler.DAGScheduler.$anonfun$handleTaskSetFailed$4$adapted(DAGScheduler.scala:2344)
		at scala.Option.foreach(Option.scala:437)
		at org.apache.spark.scheduler.DAGScheduler.$anonfun$handleTaskSetFailed$1(DAGScheduler.scala:2344)
		at scala.runtime.java8.JFunction0$mcV$sp.apply(JFunction0$mcV$sp.scala:18)
		at com.databricks.spark.util.FrameProfiler$.$anonfun$record$1(FrameProfiler.scala:114)
		at com.databricks.spark.util.FrameProfilerExporter$.maybeExportFrameProfiler(FrameProfilerExporter.scala:146)
		at com.databricks.spark.util.FrameProfiler$.record(FrameProfiler.scala:105)
		at org.apache.spark.scheduler.DAGScheduler.handleTaskSetFailed(DAGScheduler.scala:2332)
		at org.apache.spark.scheduler.DAGSchedulerEventProcessLoop.doOnReceive(DAGScheduler.scala:6499)
		at org.apache.spark.scheduler.DAGSchedulerEventProcessLoop.liftedTree1$1(DAGScheduler.scala:6303)
		at org.apache.spark.scheduler.DAGSchedulerEventProcessLoop.onReceive(DAGScheduler.scala:6294)
		at org.apache.spark.scheduler.DAGSchedulerEventProcessLoop.onReceive(DAGScheduler.scala:6263)
		at org.apache.spark.util.EventLoop$$anon$1.run(EventLoop.scala:56)
		at org.apache.spark.scheduler.DAGScheduler.$anonfun$runJob$1(DAGScheduler.scala:1894)
		at scala.runtime.java8.JFunction0$mcV$sp.apply(JFunction0$mcV$sp.scala:18)
		at com.databricks.spark.util.FrameProfiler$.$anonfun$record$1(FrameProfiler.scala:114)
		at com.databricks.spark.util.FrameProfilerExporter$.maybeExportFrameProfiler(FrameProfilerExporter.scala:146)
		at com.databricks.spark.util.FrameProfiler$.record(FrameProfiler.scala:105)
		at org.apache.spark.scheduler.DAGScheduler.runJob(DAGScheduler.scala:1878)
		at org.apache.spark.SparkContext.runJobInternal(SparkContext.scala:3457)
		at com.databricks.sql.execution.arrowcollect.RDDBatchCollector.$anonfun$runSparkJobs$2(RDDBatchCollector.scala:264)
		at com.databricks.sql.execution.arrowcollect.RDDBatchCollector.$anonfun$runSparkJobs$2$adapted(RDDBatchCollector.scala:261)
		at scala.collection.IterableOnceOps.foreach(IterableOnce.scala:619)
		at scala.collection.IterableOnceOps.foreach$(IterableOnce.scala:617)
		at scala.collection.AbstractIterator.foreach(Iterator.scala:1306)
		at com.databricks.sql.execution.arrowcollect.RDDBatchCollector.runSparkJobs(RDDBatchCollector.scala:261)
		at com.databricks.sql.execution.arrowcollect.RDDBatchCollector.collect(RDDBatchCollector.scala:347)
		at com.databricks.sql.execution.arrowcollect.CloudStoreCollector$.hybridCollect(CloudStoreCollector.scala:159)
		at com.databricks.sql.execution.arrowcollect.CloudStoreCollector$.hybridCollect(CloudStoreCollector.scala:206)
		at org.apache.spark.sql.execution.qrc.CompressedHybridCloudStoreFormat.collect(cachedSparkResults.scala:170)
		at org.apache.spark.sql.execution.qrc.CompressedHybridCloudStoreFormat.collect(cachedSparkResults.scala:160)
		at org.apache.spark.sql.execution.qrc.ResultCacheManager.$anonfun$computeResult$1(ResultCacheManager.scala:627)
		at com.databricks.spark.util.FrameProfiler$.$anonfun$record$1(FrameProfiler.scala:114)
		at com.databricks.spark.util.FrameProfilerExporter$.maybeExportFrameProfiler(FrameProfilerExporter.scala:146)
		at com.databricks.spark.util.FrameProfiler$.record(FrameProfiler.scala:105)
		at org.apache.spark.sql.execution.qrc.ResultCacheManager.collectResult$1(ResultCacheManager.scala:618)
		at org.apache.spark.sql.execution.qrc.ResultCacheManager.$anonfun$computeResult$2(ResultCacheManager.scala:633)
		at org.apache.spark.sql.execution.adaptive.ResultQueryStageExec.$anonfun$doMaterialize$3(QueryStageExec.scala:929)
		at org.apache.spark.sql.SparkSession.withActive(SparkSession.scala:866)
		at org.apache.spark.sql.execution.SQLExecutionThreadLocalCaptured.$anonfun$runWith$9(SQLExecution.scala:145)
		at com.databricks.util.LexicalThreadLocal$Handle.runWith(LexicalThreadLocal.scala:63)
		at org.apache.spark.sql.execution.SQLExecutionThreadLocalCaptured.$anonfun$runWith$8(SQLExecution.scala:145)
		at com.databricks.util.LexicalThreadLocal$Handle.runWith(LexicalThreadLocal.scala:63)
		at org.apache.spark.sql.execution.SQLExecutionThreadLocalCaptured.$anonfun$runWith$7(SQLExecution.scala:145)
		at com.databricks.sql.transaction.tahoe.mst.MSTThreadHelper$.runWithMSTContext(MSTThreadHelper.scala:60)
		at org.apache.spark.sql.execution.SQLExecutionThreadLocalCaptured.$anonfun$runWith$6(SQLExecution.scala:144)
		at com.databricks.util.LexicalThreadLocal$Handle.runWith(LexicalThreadLocal.scala:63)
		at org.apache.spark.sql.execution.SQLExecutionThreadLocalCaptured.$anonfun$runWith$5(SQLExecution.scala:143)
		at scala.util.DynamicVariable.withValue(DynamicVariable.scala:59)
		at org.apache.spark.sql.execution.SQLExecutionThreadLocalCaptured.$anonfun$runWith$4(SQLExecution.scala:142)
		at scala.util.DynamicVariable.withValue(DynamicVariable.scala:59)
		at org.apache.spark.sql.execution.SQLExecutionThreadLocalCaptured.$anonfun$runWith$3(SQLExecution.scala:141)
		at com.databricks.sql.transaction.tahoe.ConcurrencyHelpers$.withOptimisticTransaction(ConcurrencyHelpers.scala:57)
		at org.apache.spark.sql.execution.SQLExecutionThreadLocalCaptured.$anonfun$runWith$2(SQLExecution.scala:140)
		at org.apache.spark.sql.execution.SQLExecution$.withSessionTagsApplied(SQLExecution.scala:1542)
		at org.apache.spark.sql.execution.SQLExecutionThreadLocalCaptured.$anonfun$runWith$1(SQLExecution.scala:131)
		at org.apache.spark.JobArtifactSet$.withActiveJobArtifactState(JobArtifactSet.scala:97)
		at org.apache.spark.sql.execution.SQLExecutionThreadLocalCaptured.runWith(SQLExecution.scala:125)
		at org.apache.spark.sql.execution.SQLExecution$.$anonfun$withThreadLocalCaptured$1(SQLExecution.scala:1691)
		at java.base/java.util.concurrent.CompletableFuture$AsyncSupply.run(CompletableFuture.java:1768)
		at org.apache.spark.util.threads.SparkThreadLocalCapturingRunnable.$anonfun$run$1(SparkThreadLocalForwardingThreadPoolExecutor.scala:171)
		at scala.runtime.java8.JFunction0$mcV$sp.apply(JFunction0$mcV$sp.scala:18)
		at com.databricks.spark.util.DBRTracing$.withSpanFromParent(DBRTracing.scala:70)
		at org.apache.spark.util.threads.SparkThreadLocalCapturingHelper.$anonfun$runWithCaptured$7(SparkThreadLocalForwardingThreadPoolExecutor.scala:124)
		at com.databricks.util.LexicalThreadLocal$Handle.runWith(LexicalThreadLocal.scala:63)
		at org.apache.spark.util.threads.SparkThreadLocalCapturingHelper.$anonfun$runWithCaptured$6(SparkThreadLocalForwardingThreadPoolExecutor.scala:123)
		at com.databricks.sql.transaction.tahoe.mst.MSTThreadHelper$.runWithMSTContext(MSTThreadHelper.scala:60)
		at org.apache.spark.util.threads.SparkThreadLocalCapturingHelper.$anonfun$runWithCaptured$5(SparkThreadLocalForwardingThreadPoolExecutor.scala:120)
		at com.databricks.spark.util.IdentityClaim$.withClaim(IdentityClaim.scala:48)
		at org.apache.spark.util.threads.SparkThreadLocalCapturingHelper.$anonfun$runWithCaptured$4(SparkThreadLocalForwardingThreadPoolExecutor.scala:119)
		at com.databricks.unity.UCSEphemeralState$Handle.runWith(UCSEphemeralState.scala:51)
		at org.apache.spark.util.threads.SparkThreadLocalCapturingHelper.runWithCaptured(SparkThreadLocalForwardingThreadPoolExecutor.scala:118)
		at org.apache.spark.util.threads.SparkThreadLocalCapturingHelper.runWithCaptured$(SparkThreadLocalForwardingThreadPoolExecutor.scala:95)
		at org.apache.spark.util.threads.SparkThreadLocalCapturingRunnable.runWithCaptured(SparkThreadLocalForwardingThreadPoolExecutor.scala:168)
		at org.apache.spark.util.threads.SparkThreadLocalCapturingRunnable.run(SparkThreadLocalForwardingThreadPoolExecutor.scala:171)
		... 3 more
	Caused by: com.databricks.photon.PhotonException: Error class: InvalidInputSyntaxForNumericError. Parameters: long,100,000,000 .. 200,000,000
		at 0x4fd25d9 <photon>.InvalidInputSyntaxForNumericError(external/workspace_spark_4_1/photon/common/status.cc:367)
		at 0x4fd25d9 <photon>.OnInvalidInput(external/workspace_spark_4_1/photon/exprs/cast-functions.h:694)
		at 0x4fd21ea <photon>.ProjectBatch(external/workspace_spark_4_1/photon/exprs/compute-function.h:1092)
		at 0x4fd1d3f <photon>.Eval(external/workspace_spark_4_1/photon/exprs/unary-expr.h:122)
		at 0x415dbf4 <photon>.Eval(external/workspace_spark_4_1/photon/exprs/binary-expr.h:140)
		at 0x50800a8 <photon>.Eval(external/workspace_spark_4_1/photon/exprs/unary-expr.h:105)
		at 0x558bb94 <photon>.Eval(external/workspace_spark_4_1/photon/exprs/binary-expr.h:140)
		at 0x4717aa4 <photon>.Eval(external/workspace_spark_4_1/photon/exprs/binary-expr.h:140)
		at 0x5ed26a9 <photon>.EvalImpl(external/workspace_spark_4_1/photon/exprs/is-null-expr.h:90)
		at 0x402fdad <photon>.EvalImpl(external/workspace_spark_4_1/photon/exprs/logical-functions.cc:290)
		at 0x402fdad <photon>.Eval(external/workspace_spark_4_1/photon/io/parquet-reader/data-filter.cc:156)
		at 0x33ff214 <photon>.EvalAllFilters(external/workspace_spark_4_1/photon/io/parquet-reader/data-filter.cc:460)
		at 0x343e131 <photon>.ScanAndFilterRowsUntilNonEmptyBatch(external/workspace_spark_4_1/photon/io/parquet-reader/row-group-reader.cc:1728)
		at 0x343ed48 <photon>.YieldRowsWithFilter(external/workspace_spark_4_1/photon/io/parquet-reader/row-group-reader.cc:1830)
		at 0x344811f <photon>.operator()(external/workspace_spark_4_1/photon/io/parquet-reader/row-group-reader.cc:2044)
		at 0x344077a <photon>.Next(external/workspace_spark_4_1/photon/io/parquet-reader/row-group-reader.cc:1936)
		at 0x3429978 <photon>.Next(external/workspace_spark_4_1/photon/io/parquet-reader/file-reader.cc:444)
		at 0x2987f4d <photon>.operator()(external/workspace_spark_4_1/photon/exec-nodes/file-scan-node.cc:168)
		at 0x2987956 <photon>.TryPullNextBatch(external/workspace_spark_4_1/photon/exec-nodes/file-scan-node.cc:168)
		at 0x2987956 <photon>.DoHasNextImpl(external/workspace_spark_4_1/photon/exec-nodes/file-scan-node.cc:109)
		at 0x2987563 <photon>.HasNextImpl(external/workspace_spark_4_1/photon/exec-nodes/file-scan-node.cc:45)
		at 0x289c7a2 <photon>.OpenImpl(external/workspace_spark_4_1/photon/exec-nodes/agg-node.cc:80)
		at 0x289c501 <photon>.OpenImpl(external/workspace_spark_4_1/photon/exec-nodes/arrow-batch-sink-node.cc:150)
		at com.databricks.photon.JniApiImpl.open(Native Method)
		at com.databricks.photon.JniApi.open(JniApi.scala)
		at com.databricks.photon.JniExecNode.open(JniExecNode.java:93)
		at com.databricks.photon.PhotonArrowResultHandler.$anonfun$getResultImpl$6(PhotonExec.scala:1735)
		at scala.runtime.java8.JFunction0$mcV$sp.apply(JFunction0$mcV$sp.scala:18)
		at com.databricks.photon.PhotonResultHandler.timeit(PhotonResultHandler.scala:33)
		at com.databricks.photon.PhotonResultHandler.timeit$(PhotonResultHandler.scala:31)
		at com.databricks.photon.PhotonArrowResultHandler.timeit(PhotonExec.scala:1729)
		at com.databricks.photon.PhotonArrowResultHandler.getResultImpl(PhotonExec.scala:1735)
		at com.databricks.photon.PhotonResultHandler.$anonfun$getResult$1(PhotonResultHandler.scala:74)
		at com.databricks.photon.PhotonResultHandler.com$databricks$photon$PhotonResultHandler$$convertPhotonOOMIfNeeded(PhotonResultHandler.scala:53)
		at com.databricks.photon.PhotonResultHandler.getResult(PhotonResultHandler.scala:74)
		at com.databricks.photon.PhotonResultHandler.getResult$(PhotonResultHandler.scala:63)
		at com.databricks.photon.PhotonArrowResultHandler.getResult(PhotonExec.scala:1729)
		at com.databricks.photon.PhotonBasicEvaluatorFactory$PhotonBasicEvaluator$$anon$1.open(PhotonBasicEvaluatorFactory.scala:258)
		at com.databricks.photon.PhotonBasicEvaluatorFactory$PhotonBasicEvaluator$$anon$1.hasNextImpl(PhotonBasicEvaluatorFactory.scala:263)
		at com.databricks.photon.PhotonBasicEvaluatorFactory$PhotonBasicEvaluator$$anon$1.$anonfun$hasNext$1(PhotonBasicEvaluatorFactory.scala:283)
		at scala.runtime.java8.JFunction0$mcZ$sp.apply(JFunction0$mcZ$sp.scala:17)
		at org.apache.spark.TaskContext.runFuncAsBillable(TaskContext.scala:274)
		at com.databricks.photon.PhotonBasicEvaluatorFactory$PhotonBasicEvaluator$$anon$1.hasNext(PhotonBasicEvaluatorFactory.scala:283)
		at com.databricks.photon.CloseableIterator$$anon$10.hasNext(CloseableIterator.scala:211)
		at com.databricks.sql.execution.arrowcollect.ArrowConvertersEdge$.toHybridCloudResultIterator(ArrowConvertersEdge.scala:300)
		at com.databricks.sql.execution.arrowcollect.HybridArrowCollector$.$anonfun$executorCollect$2(HybridResultCollector.scala:182)
		at org.apache.spark.rdd.RDD.$anonfun$mapPartitionsInternal$2(RDD.scala:978)
		at org.apache.spark.rdd.RDD.$anonfun$mapPartitionsInternal$2$adapted(RDD.scala:978)
		at org.apache.spark.rdd.MapPartitionsRDD.compute(MapPartitionsRDD.scala:67)
		at org.apache.spark.rdd.RDD.$anonfun$computeOrReadCheckpoint$1(RDD.scala:444)
		at com.databricks.spark.util.ExecutorFrameProfiler$.record(ExecutorFrameProfiler.scala:110)
		at org.apache.spark.rdd.RDD.computeOrReadCheckpoint(RDD.scala:441)
		at org.apache.spark.rdd.RDD.iterator(RDD.scala:408)
		at org.apache.spark.scheduler.ResultTask.$anonfun$runTask$6(ResultTask.scala:107)
		at com.databricks.spark.util.ExecutorFrameProfiler$.record(ExecutorFrameProfiler.scala:110)
		at org.apache.spark.scheduler.ResultTask.$anonfun$runTask$1(ResultTask.scala:107)
		at com.databricks.spark.util.ExecutorFrameProfiler$.record(ExecutorFrameProfiler.scala:110)
		at org.apache.spark.scheduler.ResultTask.runTask(ResultTask.scala:66)
		at org.apache.spark.TaskContext.runTaskWithListeners(TaskContext.scala:233)
		at org.apache.spark.scheduler.Task.doRunTask(Task.scala:226)
		at org.apache.spark.scheduler.Task.$anonfun$run$6(Task.scala:182)
		at com.databricks.unity.UCSEphemeralState$Handle.runWith(UCSEphemeralState.scala:51)
		at com.databricks.unity.HandleImpl.runWith(UCSHandle.scala:128)
		at com.databricks.unity.HandleImpl.$anonfun$runWithAndClose$1(UCSHandle.scala:133)
		at scala.util.Using$.resource(Using.scala:296)
		at com.databricks.unity.HandleImpl.runWithAndClose(UCSHandle.scala:132)
		at org.apache.spark.scheduler.TaskExecutionUtils$.withUCHandleForTaskExecution(Task.scala:394)
		at org.apache.spark.scheduler.Task.$anonfun$run$3(Task.scala:176)
		at org.apache.spark.scheduler.TaskExecutionUtils$.withCredentialsForTaskExecution(Task.scala:371)
		at org.apache.spark.scheduler.Task.$anonfun$run$1(Task.scala:119)
		at com.databricks.spark.util.ExecutorFrameProfiler$.record(ExecutorFrameProfiler.scala:110)
		at org.apache.spark.scheduler.Task.run(Task.scala:114)
		at org.apache.spark.executor.Executor$TaskRunner.$anonfun$run$15(Executor.scala:1613)
		at org.apache.spark.util.SparkErrorUtils.tryWithSafeFinally(SparkErrorUtils.scala:86)
		at org.apache.spark.util.SparkErrorUtils.tryWithSafeFinally$(SparkErrorUtils.scala:83)
		at org.apache.spark.util.Utils$.tryWithSafeFinally(Utils.scala:118)
		at org.apache.spark.executor.Executor$TaskRunner.$anonfun$run$3(Executor.scala:1618)
		at scala.runtime.java8.JFunction0$mcV$sp.apply(JFunction0$mcV$sp.scala:18)
		at com.databricks.spark.util.ExecutorFrameProfiler$.record(ExecutorFrameProfiler.scala:110)
		at org.apache.spark.executor.Executor$TaskRunner.run(Executor.scala:1429)
		at com.databricks.aether.RDDTask.run(RDDTask.scala:296)
		at com.databricks.aether.worker.WorkerTaskAttemptThread.$anonfun$runInternal$1(AetherWorkerImpl.scala:406)
		at scala.runtime.java8.JFunction0$mcV$sp.apply(JFunction0$mcV$sp.scala:18)
		at com.databricks.aether.AetherInt64Gauge.scopedAdd(AetherServiceMetricImpls.scala:129)
		at com.databricks.aether.worker.WorkerTaskAttemptThread.runInternal(AetherWorkerImpl.scala:395)
		at com.databricks.aether.worker.WorkerTaskAttemptThread.run(AetherWorkerImpl.scala:371)
		at com.databricks.aether.FairBlockingQueue$SlotCountingRunnable.run(FairBlockingQueue.java:647)
		... 3 more
, operation-id=01f17ba2-ed83-120c-bc4c-8d0fea5cb59e
[0m16:31:58.928717 [debug] [Thread-7 (]: On test.dbt_steam_api.not_null_stg_steam_apps_estimated_owners.0a3db85ce5: Close
[0m16:31:58.936719 [debug] [Thread-7 (]: Databricks adapter: Connection(session-id=01f17ba2-ed52-1635-a8f1-8935655bbe7d) - Closing
[0m16:31:59.181814 [debug] [Thread-7 (]: Database Error in test not_null_stg_steam_apps_estimated_owners (tests\stg_steam_apps_test.yml)
  [CAST_INVALID_INPUT] The value '100,000,000 .. 200,000,000' of the type "STRING" cannot be cast to "BIGINT" because it is malformed. Correct the value as per the syntax, or change its target type. Use `try_cast` to tolerate malformed input and return NULL instead. SQLSTATE: 22018
  compiled code at target\run\dbt_steam_api\tests\stg_steam_apps_test.yml\not_null_stg_steam_apps_estimated_owners.sql
[0m16:31:59.189812 [error] [Thread-7 (]: 3 of 12 ERROR not_null_stg_steam_apps_estimated_owners ......................... [[31mERROR[0m in 7.81s]
[0m16:31:59.189812 [debug] [Thread-7 (]: Finished running node test.dbt_steam_api.not_null_stg_steam_apps_estimated_owners.0a3db85ce5
[0m16:31:59.189812 [debug] [Thread-7 (]: Began running node test.dbt_steam_api.not_null_stg_steam_apps_game_name.d96befc51a
[0m16:31:59.189812 [debug] [Thread-10 ]: Marking all children of 'test.dbt_steam_api.not_null_stg_steam_apps_estimated_owners.0a3db85ce5' to be skipped because of status 'error'.  Reason: Database Error in test not_null_stg_steam_apps_estimated_owners (tests\stg_steam_apps_test.yml)
  [CAST_INVALID_INPUT] The value '100,000,000 .. 200,000,000' of the type "STRING" cannot be cast to "BIGINT" because it is malformed. Correct the value as per the syntax, or change its target type. Use `try_cast` to tolerate malformed input and return NULL instead. SQLSTATE: 22018
  compiled code at target\run\dbt_steam_api\tests\stg_steam_apps_test.yml\not_null_stg_steam_apps_estimated_owners.sql.
[0m16:31:59.189812 [info ] [Thread-7 (]: 4 of 12 START test not_null_stg_steam_apps_game_name ........................... [RUN]
[0m16:31:59.197815 [debug] [Thread-7 (]: Databricks adapter: DatabricksDBTConnection(session-id=None, name=test.dbt_steam_api.not_null_stg_steam_apps_game_name.d96befc51a) - Creating connection
[0m16:31:59.197815 [debug] [Thread-7 (]: Acquiring new databricks connection 'test.dbt_steam_api.not_null_stg_steam_apps_game_name.d96befc51a'
[0m16:31:59.205811 [debug] [Thread-7 (]: Began compiling node test.dbt_steam_api.not_null_stg_steam_apps_game_name.d96befc51a
[0m16:31:59.223613 [debug] [Thread-7 (]: Writing injected SQL for node "test.dbt_steam_api.not_null_stg_steam_apps_game_name.d96befc51a"
[0m16:31:59.231818 [debug] [Thread-7 (]: Began executing node test.dbt_steam_api.not_null_stg_steam_apps_game_name.d96befc51a
[0m16:31:59.239842 [debug] [Thread-7 (]: Writing runtime sql for node "test.dbt_steam_api.not_null_stg_steam_apps_game_name.d96befc51a"
[0m16:31:59.247842 [debug] [Thread-7 (]: Using databricks connection "test.dbt_steam_api.not_null_stg_steam_apps_game_name.d96befc51a"
[0m16:31:59.247842 [debug] [Thread-7 (]: On test.dbt_steam_api.not_null_stg_steam_apps_game_name.d96befc51a: /* {"app": "dbt", "dbt_version": "1.11.12", "dbt_databricks_version": "1.12.1", "databricks_sql_connector_version": "4.2.6", "profile_name": "databricks_free", "target_name": "dev", "invocation_id": "4cad21a9-e67e-419f-b4e6-fb0c1586cd60", "node_id": "test.dbt_steam_api.not_null_stg_steam_apps_game_name.d96befc51a"} */

    
    select
      count(*) as failures,
      count(*) != 0 as should_warn,
      count(*) != 0 as should_error
    from (
      
    
  
    
    



select game_name
from `workspace`.`raw_steam_staging`.`stg_steam_apps`
where game_name is null



  
  
      
    ) dbt_internal_test
[0m16:31:59.247842 [debug] [Thread-7 (]: Opening a new connection, currently in state init
[0m16:32:00.204579 [debug] [Thread-7 (]: Databricks adapter: Connection(session-id=01f17ba2-f1f5-1815-88cf-6f0aa797189e) - Created
[0m16:32:01.436662 [debug] [Thread-7 (]: SQL status: OK in 2.190 seconds
[0m16:32:01.445566 [debug] [Thread-7 (]: Databricks adapter: Cursor(session-id=01f17ba2-f1f5-1815-88cf-6f0aa797189e, command-id=01f17ba2-f21c-1051-a74c-99358b7270b3) - Closing
[0m16:32:01.453822 [debug] [Thread-7 (]: On test.dbt_steam_api.not_null_stg_steam_apps_game_name.d96befc51a: Close
[0m16:32:01.453822 [debug] [Thread-7 (]: Databricks adapter: Connection(session-id=01f17ba2-f1f5-1815-88cf-6f0aa797189e) - Closing
[0m16:32:01.636915 [info ] [Thread-7 (]: 4 of 12 PASS not_null_stg_steam_apps_game_name ................................. [[32mPASS[0m in 2.44s]
[0m16:32:01.636915 [debug] [Thread-7 (]: Finished running node test.dbt_steam_api.not_null_stg_steam_apps_game_name.d96befc51a
[0m16:32:01.636915 [debug] [Thread-7 (]: Began running node test.dbt_steam_api.not_null_stg_steam_apps_price.3d6987b889
[0m16:32:01.645355 [info ] [Thread-7 (]: 5 of 12 START test not_null_stg_steam_apps_price ............................... [RUN]
[0m16:32:01.645355 [debug] [Thread-7 (]: Databricks adapter: DatabricksDBTConnection(session-id=None, name=test.dbt_steam_api.not_null_stg_steam_apps_price.3d6987b889) - Creating connection
[0m16:32:01.653355 [debug] [Thread-7 (]: Acquiring new databricks connection 'test.dbt_steam_api.not_null_stg_steam_apps_price.3d6987b889'
[0m16:32:01.653355 [debug] [Thread-7 (]: Began compiling node test.dbt_steam_api.not_null_stg_steam_apps_price.3d6987b889
[0m16:32:01.675376 [debug] [Thread-7 (]: Writing injected SQL for node "test.dbt_steam_api.not_null_stg_steam_apps_price.3d6987b889"
[0m16:32:01.675376 [debug] [Thread-7 (]: Began executing node test.dbt_steam_api.not_null_stg_steam_apps_price.3d6987b889
[0m16:32:01.683529 [debug] [Thread-7 (]: Writing runtime sql for node "test.dbt_steam_api.not_null_stg_steam_apps_price.3d6987b889"
[0m16:32:01.691529 [debug] [Thread-7 (]: Using databricks connection "test.dbt_steam_api.not_null_stg_steam_apps_price.3d6987b889"
[0m16:32:01.691529 [debug] [Thread-7 (]: On test.dbt_steam_api.not_null_stg_steam_apps_price.3d6987b889: /* {"app": "dbt", "dbt_version": "1.11.12", "dbt_databricks_version": "1.12.1", "databricks_sql_connector_version": "4.2.6", "profile_name": "databricks_free", "target_name": "dev", "invocation_id": "4cad21a9-e67e-419f-b4e6-fb0c1586cd60", "node_id": "test.dbt_steam_api.not_null_stg_steam_apps_price.3d6987b889"} */

    
    select
      count(*) as failures,
      count(*) != 0 as should_warn,
      count(*) != 0 as should_error
    from (
      
    
  
    
    



select price
from `workspace`.`raw_steam_staging`.`stg_steam_apps`
where price is null



  
  
      
    ) dbt_internal_test
[0m16:32:01.691529 [debug] [Thread-7 (]: Opening a new connection, currently in state init
[0m16:32:02.760607 [debug] [Thread-7 (]: Databricks adapter: Connection(session-id=01f17ba2-f363-1fd4-a4da-aa1a707bd2af) - Created
[0m16:32:04.103424 [debug] [Thread-7 (]: SQL status: OK in 2.410 seconds
[0m16:32:04.119975 [debug] [Thread-7 (]: Databricks adapter: Cursor(session-id=01f17ba2-f363-1fd4-a4da-aa1a707bd2af, command-id=01f17ba2-f3a1-1672-8728-1a2ba69b8d33) - Closing
[0m16:32:04.119975 [debug] [Thread-7 (]: On test.dbt_steam_api.not_null_stg_steam_apps_price.3d6987b889: Close
[0m16:32:04.127946 [debug] [Thread-7 (]: Databricks adapter: Connection(session-id=01f17ba2-f363-1fd4-a4da-aa1a707bd2af) - Closing
[0m16:32:04.321598 [info ] [Thread-7 (]: 5 of 12 PASS not_null_stg_steam_apps_price ..................................... [[32mPASS[0m in 2.67s]
[0m16:32:04.322269 [debug] [Thread-7 (]: Finished running node test.dbt_steam_api.not_null_stg_steam_apps_price.3d6987b889
[0m16:32:04.330310 [debug] [Thread-7 (]: Began running node test.dbt_steam_api.unique_stg_steam_apps_appid.3ed74a1fdf
[0m16:32:04.330310 [info ] [Thread-7 (]: 6 of 12 START test unique_stg_steam_apps_appid ................................. [RUN]
[0m16:32:04.338272 [debug] [Thread-7 (]: Databricks adapter: DatabricksDBTConnection(session-id=None, name=test.dbt_steam_api.unique_stg_steam_apps_appid.3ed74a1fdf) - Creating connection
[0m16:32:04.346268 [debug] [Thread-7 (]: Acquiring new databricks connection 'test.dbt_steam_api.unique_stg_steam_apps_appid.3ed74a1fdf'
[0m16:32:04.346268 [debug] [Thread-7 (]: Began compiling node test.dbt_steam_api.unique_stg_steam_apps_appid.3ed74a1fdf
[0m16:32:04.411113 [debug] [Thread-7 (]: Writing injected SQL for node "test.dbt_steam_api.unique_stg_steam_apps_appid.3ed74a1fdf"
[0m16:32:04.411113 [debug] [Thread-7 (]: Began executing node test.dbt_steam_api.unique_stg_steam_apps_appid.3ed74a1fdf
[0m16:32:04.419283 [debug] [Thread-7 (]: Writing runtime sql for node "test.dbt_steam_api.unique_stg_steam_apps_appid.3ed74a1fdf"
[0m16:32:04.427854 [debug] [Thread-7 (]: Using databricks connection "test.dbt_steam_api.unique_stg_steam_apps_appid.3ed74a1fdf"
[0m16:32:04.427854 [debug] [Thread-7 (]: On test.dbt_steam_api.unique_stg_steam_apps_appid.3ed74a1fdf: /* {"app": "dbt", "dbt_version": "1.11.12", "dbt_databricks_version": "1.12.1", "databricks_sql_connector_version": "4.2.6", "profile_name": "databricks_free", "target_name": "dev", "invocation_id": "4cad21a9-e67e-419f-b4e6-fb0c1586cd60", "node_id": "test.dbt_steam_api.unique_stg_steam_apps_appid.3ed74a1fdf"} */

    
    select
      count(*) as failures,
      count(*) != 0 as should_warn,
      count(*) != 0 as should_error
    from (
      
    
  
    
    

select
    appid as unique_field,
    count(*) as n_records

from `workspace`.`raw_steam_staging`.`stg_steam_apps`
where appid is not null
group by appid
having count(*) > 1



  
  
      
    ) dbt_internal_test
[0m16:32:04.427854 [debug] [Thread-7 (]: Opening a new connection, currently in state init
[0m16:32:05.503501 [debug] [Thread-7 (]: Databricks adapter: Connection(session-id=01f17ba2-f50f-1435-b9d0-44ad0ef2b521) - Created
[0m16:32:06.791662 [debug] [Thread-7 (]: SQL status: OK in 2.360 seconds
[0m16:32:06.808148 [debug] [Thread-7 (]: Databricks adapter: Cursor(session-id=01f17ba2-f50f-1435-b9d0-44ad0ef2b521, command-id=01f17ba2-f544-170d-8f3d-4aaf65717fc7) - Closing
[0m16:32:06.808148 [debug] [Thread-7 (]: On test.dbt_steam_api.unique_stg_steam_apps_appid.3ed74a1fdf: Close
[0m16:32:06.817560 [debug] [Thread-7 (]: Databricks adapter: Connection(session-id=01f17ba2-f50f-1435-b9d0-44ad0ef2b521) - Closing
[0m16:32:07.008493 [info ] [Thread-7 (]: 6 of 12 PASS unique_stg_steam_apps_appid ....................................... [[32mPASS[0m in 2.66s]
[0m16:32:07.008758 [debug] [Thread-7 (]: Finished running node test.dbt_steam_api.unique_stg_steam_apps_appid.3ed74a1fdf
[0m16:32:07.019728 [debug] [Thread-7 (]: Began running node model.dbt_steam_api.bridge_game_genres
[0m16:32:07.019728 [info ] [Thread-7 (]: 7 of 12 SKIP relation raw_steam_staging.bridge_game_genres ..................... [[33mSKIP[0m]
[0m16:32:07.027732 [debug] [Thread-7 (]: Finished running node model.dbt_steam_api.bridge_game_genres
[0m16:32:07.027732 [debug] [Thread-7 (]: Began running node model.dbt_steam_api.bridge_game_languages
[0m16:32:07.035733 [debug] [Thread-10 ]: Marking all children of 'model.dbt_steam_api.bridge_game_genres' to be skipped because of status 'skipped'. 
[0m16:32:07.035733 [info ] [Thread-7 (]: 8 of 12 SKIP relation raw_steam_staging.bridge_game_languages .................. [[33mSKIP[0m]
[0m16:32:07.043727 [debug] [Thread-7 (]: Finished running node model.dbt_steam_api.bridge_game_languages
[0m16:32:07.047779 [debug] [Thread-7 (]: Began running node model.dbt_steam_api.bridge_game_tags
[0m16:32:07.047779 [debug] [Thread-10 ]: Marking all children of 'model.dbt_steam_api.bridge_game_languages' to be skipped because of status 'skipped'. 
[0m16:32:07.047779 [info ] [Thread-7 (]: 9 of 12 SKIP relation raw_steam_staging.bridge_game_tags ....................... [[33mSKIP[0m]
[0m16:32:07.047779 [debug] [Thread-7 (]: Finished running node model.dbt_steam_api.bridge_game_tags
[0m16:32:07.056694 [debug] [Thread-7 (]: Began running node model.dbt_steam_api.dim_games
[0m16:32:07.056694 [debug] [Thread-10 ]: Marking all children of 'model.dbt_steam_api.bridge_game_tags' to be skipped because of status 'skipped'. 
[0m16:32:07.064694 [info ] [Thread-7 (]: 10 of 12 SKIP relation raw_steam_staging.dim_games ............................. [[33mSKIP[0m]
[0m16:32:07.064694 [debug] [Thread-7 (]: Finished running node model.dbt_steam_api.dim_games
[0m16:32:07.064694 [debug] [Thread-7 (]: Began running node model.dbt_steam_api.fct_game_performance
[0m16:32:07.069774 [debug] [Thread-10 ]: Marking all children of 'model.dbt_steam_api.dim_games' to be skipped because of status 'skipped'. 
[0m16:32:07.072387 [info ] [Thread-7 (]: 11 of 12 SKIP relation raw_steam_staging.fct_game_performance .................. [[33mSKIP[0m]
[0m16:32:07.072387 [debug] [Thread-7 (]: Finished running node model.dbt_steam_api.fct_game_performance
[0m16:32:07.072387 [debug] [Thread-10 ]: Marking all children of 'model.dbt_steam_api.fct_game_performance' to be skipped because of status 'skipped'. 
[0m16:32:07.072387 [debug] [Thread-7 (]: Began running node model.dbt_steam_api.mart_valve_recommendations
[0m16:32:07.072387 [info ] [Thread-7 (]: 12 of 12 SKIP relation raw_steam_marts.mart_valve_recommendations .............. [[33mSKIP[0m]
[0m16:32:07.080387 [debug] [Thread-7 (]: Finished running node model.dbt_steam_api.mart_valve_recommendations
[0m16:32:07.080387 [debug] [Thread-10 ]: Marking all children of 'model.dbt_steam_api.mart_valve_recommendations' to be skipped because of status 'skipped'. 
[0m16:32:07.080387 [debug] [MainThread]: Databricks adapter: DatabricksDBTConnection(session-id=None, name=master) - Creating connection
[0m16:32:07.080387 [debug] [MainThread]: Acquiring new databricks connection 'master'
[0m16:32:07.088387 [info ] [MainThread]: 
[0m16:32:07.088387 [info ] [MainThread]: Finished running 6 table models, 5 data tests, 1 view model in 0 hours 0 minutes and 40.82 seconds (40.82s).
[0m16:32:07.096887 [debug] [MainThread]: Command end result
[0m16:32:07.222814 [debug] [MainThread]: Wrote artifact WritableManifest to C:\Users\KaelThas\Documents\steam_analytics_api\dbt_steam_api\target\manifest.json
[0m16:32:07.222814 [debug] [MainThread]: Wrote artifact SemanticManifest to C:\Users\KaelThas\Documents\steam_analytics_api\dbt_steam_api\target\semantic_manifest.json
[0m16:32:07.239482 [debug] [MainThread]: Wrote artifact RunExecutionResult to C:\Users\KaelThas\Documents\steam_analytics_api\dbt_steam_api\target\run_results.json
[0m16:32:07.247682 [info ] [MainThread]: 
[0m16:32:07.247682 [info ] [MainThread]: [31mCompleted with 1 error, 0 partial successes, and 0 warnings:[0m
[0m16:32:07.247682 [info ] [MainThread]: 
[0m16:32:07.247682 [error] [MainThread]: [31mFailure in test not_null_stg_steam_apps_estimated_owners (tests\stg_steam_apps_test.yml)[0m
[0m16:32:07.247682 [error] [MainThread]:   Database Error in test not_null_stg_steam_apps_estimated_owners (tests\stg_steam_apps_test.yml)
  [CAST_INVALID_INPUT] The value '100,000,000 .. 200,000,000' of the type "STRING" cannot be cast to "BIGINT" because it is malformed. Correct the value as per the syntax, or change its target type. Use `try_cast` to tolerate malformed input and return NULL instead. SQLSTATE: 22018
  compiled code at target\run\dbt_steam_api\tests\stg_steam_apps_test.yml\not_null_stg_steam_apps_estimated_owners.sql
[0m16:32:07.247682 [info ] [MainThread]: 
[0m16:32:07.255682 [info ] [MainThread]:   compiled code at target\compiled\dbt_steam_api\tests\stg_steam_apps_test.yml\not_null_stg_steam_apps_estimated_owners.sql
[0m16:32:07.255682 [info ] [MainThread]: 
[0m16:32:07.255682 [info ] [MainThread]: Done. PASS=5 WARN=0 ERROR=1 SKIP=6 NO-OP=0 TOTAL=12
[0m16:32:07.263682 [debug] [MainThread]: Command `dbt build` failed at 16:32:07.263682 after 56.37 seconds
[0m16:32:07.263682 [debug] [MainThread]: Sending event: {'category': 'dbt', 'action': 'invocation', 'label': 'end', 'context': [<snowplow_tracker.self_describing_json.SelfDescribingJson object at 0x0000014B207E0CB0>, <snowplow_tracker.self_describing_json.SelfDescribingJson object at 0x0000014B207E29F0>, <snowplow_tracker.self_describing_json.SelfDescribingJson object at 0x0000014B242196D0>]}
[0m16:32:07.263682 [debug] [MainThread]: Flushing usage events
[0m16:32:08.332348 [debug] [MainThread]: An error was encountered while trying to flush usage events
[0m16:33:02.291127 [debug] [MainThread]: Sending event: {'category': 'dbt', 'action': 'invocation', 'label': 'start', 'context': [<snowplow_tracker.self_describing_json.SelfDescribingJson object at 0x0000020931924290>, <snowplow_tracker.self_describing_json.SelfDescribingJson object at 0x000002092EE0B9E0>, <snowplow_tracker.self_describing_json.SelfDescribingJson object at 0x00000209310AEA50>]}


============================== 16:33:02.299458 | 517a1d9f-5ead-418e-ae1a-55e82a4fde6d ==============================
[0m16:33:02.299458 [info ] [MainThread]: Running with dbt=1.11.12
[0m16:33:02.299458 [debug] [MainThread]: running dbt with arguments {'version_check': 'True', 'no_print': 'None', 'static_parser': 'True', 'warn_error_options': 'WarnErrorOptionsV2(error=[], warn=[], silence=[])', 'target_path': 'None', 'printer_width': '80', 'write_json': 'True', 'introspect': 'True', 'log_cache_events': 'False', 'empty': 'False', 'cache_selected_only': 'False', 'log_format': 'default', 'debug': 'False', 'fail_fast': 'False', 'partial_parse': 'True', 'send_anonymous_usage_stats': 'True', 'quiet': 'False', 'warn_error': 'None', 'profiles_dir': 'C:\\Users\\KaelThas\\.dbt', 'use_colors': 'True', 'invocation_command': 'dbt build --profile databricks_free', 'indirect_selection': 'eager', 'use_experimental_parser': 'False', 'log_path': 'C:\\Users\\KaelThas\\Documents\\steam_analytics_api\\dbt_steam_api\\logs'}
[0m16:33:07.761541 [debug] [MainThread]: Spark adapter: Setting pyhive.hive logging to ERROR
[0m16:33:07.761541 [debug] [MainThread]: Spark adapter: Setting thrift.transport logging to ERROR
[0m16:33:07.761541 [debug] [MainThread]: Spark adapter: Setting thrift.protocol logging to ERROR
[0m16:33:09.853976 [debug] [MainThread]: Sending event: {'category': 'dbt', 'action': 'project_id', 'label': '517a1d9f-5ead-418e-ae1a-55e82a4fde6d', 'context': [<snowplow_tracker.self_describing_json.SelfDescribingJson object at 0x0000020935A42CC0>]}
[0m16:33:10.006540 [debug] [MainThread]: Sending event: {'category': 'dbt', 'action': 'adapter_info', 'label': '517a1d9f-5ead-418e-ae1a-55e82a4fde6d', 'context': [<snowplow_tracker.self_describing_json.SelfDescribingJson object at 0x000002093E4CF410>]}
[0m16:33:10.006540 [info ] [MainThread]: Registered adapter: databricks=1.12.1
[0m16:33:11.438319 [debug] [MainThread]: checksum: 45e2f83721850e743bd0f768476d4ea2a0d55c5933c39c88efe5bb30eb62a789, vars: {}, profile: databricks_free, target: , version: 1.11.12
[0m16:33:11.899746 [debug] [MainThread]: Partial parsing enabled: 0 files deleted, 0 files added, 1 files changed.
[0m16:33:11.907746 [debug] [MainThread]: Partial parsing: updated file: dbt_steam_api://tests\stg_steam_apps_test.yml
[0m16:33:13.096850 [debug] [MainThread]: Sending event: {'category': 'dbt', 'action': 'load_project', 'label': '517a1d9f-5ead-418e-ae1a-55e82a4fde6d', 'context': [<snowplow_tracker.self_describing_json.SelfDescribingJson object at 0x000002093F9F4380>]}
[0m16:33:13.363640 [debug] [MainThread]: Wrote artifact WritableManifest to C:\Users\KaelThas\Documents\steam_analytics_api\dbt_steam_api\target\manifest.json
[0m16:33:13.371938 [debug] [MainThread]: Wrote artifact SemanticManifest to C:\Users\KaelThas\Documents\steam_analytics_api\dbt_steam_api\target\semantic_manifest.json
[0m16:33:13.437026 [debug] [MainThread]: Sending event: {'category': 'dbt', 'action': 'resource_counts', 'label': '517a1d9f-5ead-418e-ae1a-55e82a4fde6d', 'context': [<snowplow_tracker.self_describing_json.SelfDescribingJson object at 0x000002093FC4E180>]}
[0m16:33:13.437026 [info ] [MainThread]: Found 7 models, 4 data tests, 1 source, 758 macros
[0m16:33:13.437026 [info ] [MainThread]: 
[0m16:33:13.445044 [info ] [MainThread]: Concurrency: 1 threads (target='dev')
[0m16:33:13.445044 [info ] [MainThread]: 
[0m16:33:13.445044 [debug] [MainThread]: Databricks adapter: DatabricksDBTConnection(session-id=None, name=master) - Creating connection
[0m16:33:13.445044 [debug] [MainThread]: Acquiring new databricks connection 'master'
[0m16:33:13.469024 [debug] [ThreadPool]: Databricks adapter: DatabricksDBTConnection(session-id=None, name=list_workspace) - Creating connection
[0m16:33:13.469024 [debug] [ThreadPool]: Acquiring new databricks connection 'list_workspace'
[0m16:33:13.501451 [debug] [ThreadPool]: Using databricks connection "list_workspace"
[0m16:33:13.501451 [debug] [ThreadPool]: On list_workspace: /* {"app": "dbt", "dbt_version": "1.11.12", "dbt_databricks_version": "1.12.1", "databricks_sql_connector_version": "4.2.6", "profile_name": "databricks_free", "target_name": "dev", "invocation_id": "517a1d9f-5ead-418e-ae1a-55e82a4fde6d", "connection_name": "list_workspace"} */

    

  SHOW SCHEMAS IN `workspace`


  
[0m16:33:13.501451 [debug] [ThreadPool]: Opening a new connection, currently in state init
[0m16:33:17.225087 [debug] [ThreadPool]: Databricks adapter: Connection(session-id=01f17ba3-1f89-1599-b28e-07e76aa00b65) - Created
[0m16:33:17.873941 [debug] [ThreadPool]: SQL status: OK in 4.370 seconds
[0m16:33:17.897937 [debug] [ThreadPool]: Databricks adapter: Cursor(session-id=01f17ba3-1f89-1599-b28e-07e76aa00b65, command-id=01f17ba3-2005-11ef-af58-364685fad392) - Closing
[0m16:33:17.897937 [debug] [ThreadPool]: On list_workspace: Close
[0m16:33:17.897937 [debug] [ThreadPool]: Databricks adapter: Connection(session-id=01f17ba3-1f89-1599-b28e-07e76aa00b65) - Closing
[0m16:33:18.093168 [debug] [ThreadPool]: Databricks adapter: DatabricksDBTConnection(session-id=None, name=list_workspace) - Creating connection
[0m16:33:18.102416 [debug] [ThreadPool]: Acquiring new databricks connection 'list_workspace'
[0m16:33:18.126452 [debug] [ThreadPool]: Using databricks connection "list_workspace"
[0m16:33:18.126452 [debug] [ThreadPool]: On list_workspace: /* {"app": "dbt", "dbt_version": "1.11.12", "dbt_databricks_version": "1.12.1", "databricks_sql_connector_version": "4.2.6", "profile_name": "databricks_free", "target_name": "dev", "invocation_id": "517a1d9f-5ead-418e-ae1a-55e82a4fde6d", "connection_name": "list_workspace"} */

    

  SHOW SCHEMAS IN `workspace`


  
[0m16:33:18.126452 [debug] [ThreadPool]: Opening a new connection, currently in state init
[0m16:33:19.234854 [debug] [ThreadPool]: Databricks adapter: Connection(session-id=01f17ba3-2101-1827-9aa9-e9885f94ad27) - Created
[0m16:33:19.703461 [debug] [ThreadPool]: SQL status: OK in 1.580 seconds
[0m16:33:19.712059 [debug] [ThreadPool]: Databricks adapter: Cursor(session-id=01f17ba3-2101-1827-9aa9-e9885f94ad27, command-id=01f17ba3-2136-1855-af49-5be80d6f7c29) - Closing
[0m16:33:19.712059 [debug] [ThreadPool]: On list_workspace: Close
[0m16:33:19.720103 [debug] [ThreadPool]: Databricks adapter: Connection(session-id=01f17ba3-2101-1827-9aa9-e9885f94ad27) - Closing
[0m16:33:19.918785 [debug] [ThreadPool]: Databricks adapter: DatabricksDBTConnection(session-id=None, name=list_workspace_raw_steam_marts) - Creating connection
[0m16:33:19.918785 [debug] [ThreadPool]: Acquiring new databricks connection 'list_workspace_raw_steam_marts'
[0m16:33:19.959179 [debug] [ThreadPool]: Using databricks connection "list_workspace_raw_steam_marts"
[0m16:33:19.959179 [debug] [ThreadPool]: On list_workspace_raw_steam_marts: /* {"app": "dbt", "dbt_version": "1.11.12", "dbt_databricks_version": "1.12.1", "databricks_sql_connector_version": "4.2.6", "profile_name": "databricks_free", "target_name": "dev", "invocation_id": "517a1d9f-5ead-418e-ae1a-55e82a4fde6d", "connection_name": "list_workspace_raw_steam_marts"} */

    
SELECT
  table_name,
  if(table_type IN ('EXTERNAL', 'MANAGED', 'MANAGED_SHALLOW_CLONE', 'EXTERNAL_SHALLOW_CLONE'), 'table', lower(table_type)) AS table_type,
  lower(data_source_format) AS file_format,
  table_owner,
  if(
    table_type IN (
      'EXTERNAL',
      'MANAGED',
      'MANAGED_SHALLOW_CLONE',
      'EXTERNAL_SHALLOW_CLONE'
    ),
    lower(table_type),
    NULL
  ) AS databricks_table_type
FROM `system`.`information_schema`.`tables`
WHERE table_catalog = 'workspace'
  AND table_schema = 'raw_steam_marts'

  
[0m16:33:19.959179 [debug] [ThreadPool]: Opening a new connection, currently in state init
[0m16:33:21.004369 [debug] [ThreadPool]: Databricks adapter: Connection(session-id=01f17ba3-2215-1067-8e52-0ef8bc45dab0) - Created
[0m16:33:21.932341 [debug] [ThreadPool]: SQL status: OK in 1.970 seconds
[0m16:33:21.948344 [debug] [ThreadPool]: Databricks adapter: Cursor(session-id=01f17ba3-2215-1067-8e52-0ef8bc45dab0, command-id=01f17ba3-2246-1531-88e6-407280fda7a4) - Closing
[0m16:33:21.948344 [debug] [ThreadPool]: On list_workspace_raw_steam_marts: Close
[0m16:33:21.948344 [debug] [ThreadPool]: Databricks adapter: Connection(session-id=01f17ba3-2215-1067-8e52-0ef8bc45dab0) - Closing
[0m16:33:22.127433 [debug] [ThreadPool]: Databricks adapter: DatabricksDBTConnection(session-id=None, name=list_workspace_raw_steam_staging) - Creating connection
[0m16:33:22.127433 [debug] [ThreadPool]: Acquiring new databricks connection 'list_workspace_raw_steam_staging'
[0m16:33:22.145584 [debug] [ThreadPool]: Using databricks connection "list_workspace_raw_steam_staging"
[0m16:33:22.145584 [debug] [ThreadPool]: On list_workspace_raw_steam_staging: /* {"app": "dbt", "dbt_version": "1.11.12", "dbt_databricks_version": "1.12.1", "databricks_sql_connector_version": "4.2.6", "profile_name": "databricks_free", "target_name": "dev", "invocation_id": "517a1d9f-5ead-418e-ae1a-55e82a4fde6d", "connection_name": "list_workspace_raw_steam_staging"} */

    
SELECT
  table_name,
  if(table_type IN ('EXTERNAL', 'MANAGED', 'MANAGED_SHALLOW_CLONE', 'EXTERNAL_SHALLOW_CLONE'), 'table', lower(table_type)) AS table_type,
  lower(data_source_format) AS file_format,
  table_owner,
  if(
    table_type IN (
      'EXTERNAL',
      'MANAGED',
      'MANAGED_SHALLOW_CLONE',
      'EXTERNAL_SHALLOW_CLONE'
    ),
    lower(table_type),
    NULL
  ) AS databricks_table_type
FROM `system`.`information_schema`.`tables`
WHERE table_catalog = 'workspace'
  AND table_schema = 'raw_steam_staging'

  
[0m16:33:22.145584 [debug] [ThreadPool]: Opening a new connection, currently in state init
[0m16:33:23.147360 [debug] [ThreadPool]: Databricks adapter: Connection(session-id=01f17ba3-235b-199e-8c1c-f51a044b622a) - Created
[0m16:33:23.892303 [debug] [ThreadPool]: SQL status: OK in 1.750 seconds
[0m16:33:23.908764 [debug] [ThreadPool]: Databricks adapter: Cursor(session-id=01f17ba3-235b-199e-8c1c-f51a044b622a, command-id=01f17ba3-238c-1b0f-9a72-8d1eadfb389c) - Closing
[0m16:33:23.908764 [debug] [ThreadPool]: On list_workspace_raw_steam_staging: Close
[0m16:33:23.916805 [debug] [ThreadPool]: Databricks adapter: Connection(session-id=01f17ba3-235b-199e-8c1c-f51a044b622a) - Closing
[0m16:33:24.093701 [debug] [MainThread]: Sending event: {'category': 'dbt', 'action': 'runnable_timing', 'label': '517a1d9f-5ead-418e-ae1a-55e82a4fde6d', 'context': [<snowplow_tracker.self_describing_json.SelfDescribingJson object at 0x000002093FD62CC0>]}
[0m16:33:24.127957 [debug] [Thread-5 (]: Began running node model.dbt_steam_api.stg_steam_apps
[0m16:33:24.137001 [info ] [Thread-5 (]: 1 of 11 START sql view model raw_steam_staging.stg_steam_apps .................. [RUN]
[0m16:33:24.145472 [debug] [Thread-5 (]: Databricks adapter: DatabricksDBTConnection(session-id=None, name=model.dbt_steam_api.stg_steam_apps) - Creating connection
[0m16:33:24.145472 [debug] [Thread-5 (]: Acquiring new databricks connection 'model.dbt_steam_api.stg_steam_apps'
[0m16:33:24.145472 [debug] [Thread-5 (]: Began compiling node model.dbt_steam_api.stg_steam_apps
[0m16:33:24.194512 [debug] [Thread-5 (]: Writing injected SQL for node "model.dbt_steam_api.stg_steam_apps"
[0m16:33:24.194512 [debug] [Thread-5 (]: Began executing node model.dbt_steam_api.stg_steam_apps
[0m16:33:24.260360 [debug] [Thread-5 (]: MATERIALIZING VIEW
[0m16:33:24.339794 [debug] [Thread-5 (]: Creating view `workspace`.`raw_steam_staging`.`stg_steam_apps`
[0m16:33:24.380045 [debug] [Thread-5 (]: Writing runtime sql for node "model.dbt_steam_api.stg_steam_apps"
[0m16:33:24.389118 [debug] [Thread-5 (]: Using databricks connection "model.dbt_steam_api.stg_steam_apps"
[0m16:33:24.389118 [debug] [Thread-5 (]: On model.dbt_steam_api.stg_steam_apps: /* {"app": "dbt", "dbt_version": "1.11.12", "dbt_databricks_version": "1.12.1", "databricks_sql_connector_version": "4.2.6", "profile_name": "databricks_free", "target_name": "dev", "invocation_id": "517a1d9f-5ead-418e-ae1a-55e82a4fde6d", "node_id": "model.dbt_steam_api.stg_steam_apps"} */

  
  
  
  create or replace view `workspace`.`raw_steam_staging`.`stg_steam_apps`
  
  as (
    WITH parsed AS (
    SELECT
        appid,
        TRIM(name) AS game_name,
        TRIM(developer) AS developer,
        TRIM(publisher) AS publisher,
        score_rank,
        owners,
        average_forever AS avg_playtime_minutes,
        average_2weeks AS avg_playtime_2weeks,
        median_forever AS median_playtime_minutes,
        median_2weeks AS median_playtime_2weeks,
        ccu AS peak_concurrent_users,
        price,
        initialprice AS original_price,
        discount,
        tags,
        languages,
        genre,

        -- Parse owners range into min/max
        CAST(SPLIT_PART(owners, '-', 1) AS BIGINT) AS owners_min,
        CAST(SPLIT_PART(owners, '-', 2) AS BIGINT) AS owners_max,

        -- Calculate derived metrics
        ROUND((CAST(SPLIT_PART(owners, '-', 1) AS BIGINT) + CAST(SPLIT_PART(owners, '-', 2) AS BIGINT)) / 2, 0) AS estimated_owners,

        -- Price categories
        CASE 
            WHEN price = 0 THEN 'Free'
            WHEN price <= 10 THEN 'Budget ($0-10)'
            WHEN price <= 30 THEN 'Mid-tier ($10-30)'
            WHEN price <= 60 THEN 'Premium ($30-60)'
            ELSE 'AAA ($60+)'
        END AS price_tier,

        -- Engagement categories
        CASE
            WHEN average_forever < 60 THEN 'Casual (<1h)'
            WHEN average_forever < 600 THEN 'Moderate (1-10h)'
            WHEN average_forever < 3000 THEN 'Engaged (10-50h)'
            ELSE 'Hardcore (50h+)'
        END AS engagement_tier,

        -- Discount flag
        CASE WHEN discount > 0 THEN TRUE ELSE FALSE END AS is_discounted,

        -- Parse tags into array for analysis
        SPLIT(tags, ',') AS tag_list,

        -- Parse languages
        SPLIT(languages, ',') AS language_list,

        -- Parse genres
        SPLIT(genre, ',') AS genre_list,

        -- Success indicators
        CASE 
            WHEN (CAST(SPLIT_PART(owners, '-', 1) AS BIGINT) + CAST(SPLIT_PART(owners, '-', 2) AS BIGINT)) / 2 > 1000000 AND average_forever > 600 THEN 'Hit'
            WHEN (CAST(SPLIT_PART(owners, '-', 1) AS BIGINT) + CAST(SPLIT_PART(owners, '-', 2) AS BIGINT)) / 2 > 100000 THEN 'Successful'
            WHEN (CAST(SPLIT_PART(owners, '-', 1) AS BIGINT) + CAST(SPLIT_PART(owners, '-', 2) AS BIGINT)) / 2 > 10000 THEN 'Moderate'
            ELSE 'Niche'
        END AS success_category

    FROM `workspace`.`raw_steam`.`raw_apps`
    WHERE name IS NOT NULL AND name != ''
)

SELECT * FROM parsed
  )

[0m16:33:24.389118 [debug] [Thread-5 (]: Opening a new connection, currently in state init
[0m16:33:25.298234 [debug] [Thread-5 (]: Databricks adapter: Connection(session-id=01f17ba3-24aa-130f-820d-d3584a302ecd) - Created
[0m16:33:27.103630 [debug] [Thread-5 (]: SQL status: OK in 2.710 seconds
[0m16:33:27.112155 [debug] [Thread-5 (]: Databricks adapter: Cursor(session-id=01f17ba3-24aa-130f-820d-d3584a302ecd, command-id=01f17ba3-24d5-1053-b1df-92bcc05aa1fb) - Closing
[0m16:33:27.185988 [debug] [Thread-5 (]: Applying tags to relation None
[0m16:33:27.194297 [debug] [Thread-5 (]: On model.dbt_steam_api.stg_steam_apps: Close
[0m16:33:27.202606 [debug] [Thread-5 (]: Databricks adapter: Connection(session-id=01f17ba3-24aa-130f-820d-d3584a302ecd) - Closing
[0m16:33:27.383655 [debug] [Thread-5 (]: Sending event: {'category': 'dbt', 'action': 'run_model', 'label': '517a1d9f-5ead-418e-ae1a-55e82a4fde6d', 'context': [<snowplow_tracker.self_describing_json.SelfDescribingJson object at 0x0000020931D41B80>]}
[0m16:33:27.391673 [info ] [Thread-5 (]: 1 of 11 OK created sql view model raw_steam_staging.stg_steam_apps ............. [[32mOK[0m in 3.24s]
[0m16:33:27.391673 [debug] [Thread-5 (]: Finished running node model.dbt_steam_api.stg_steam_apps
[0m16:33:27.399652 [debug] [Thread-5 (]: Began running node test.dbt_steam_api.not_null_stg_steam_apps_appid.e8a86d58d6
[0m16:33:27.399652 [info ] [Thread-5 (]: 2 of 11 START test not_null_stg_steam_apps_appid ............................... [RUN]
[0m16:33:27.399652 [debug] [Thread-5 (]: Databricks adapter: DatabricksDBTConnection(session-id=None, name=test.dbt_steam_api.not_null_stg_steam_apps_appid.e8a86d58d6) - Creating connection
[0m16:33:27.407645 [debug] [Thread-5 (]: Acquiring new databricks connection 'test.dbt_steam_api.not_null_stg_steam_apps_appid.e8a86d58d6'
[0m16:33:27.407645 [debug] [Thread-5 (]: Began compiling node test.dbt_steam_api.not_null_stg_steam_apps_appid.e8a86d58d6
[0m16:33:27.471650 [debug] [Thread-5 (]: Writing injected SQL for node "test.dbt_steam_api.not_null_stg_steam_apps_appid.e8a86d58d6"
[0m16:33:27.471650 [debug] [Thread-5 (]: Began executing node test.dbt_steam_api.not_null_stg_steam_apps_appid.e8a86d58d6
[0m16:33:27.561167 [debug] [Thread-5 (]: Writing runtime sql for node "test.dbt_steam_api.not_null_stg_steam_apps_appid.e8a86d58d6"
[0m16:33:27.561167 [debug] [Thread-5 (]: Using databricks connection "test.dbt_steam_api.not_null_stg_steam_apps_appid.e8a86d58d6"
[0m16:33:27.561167 [debug] [Thread-5 (]: On test.dbt_steam_api.not_null_stg_steam_apps_appid.e8a86d58d6: /* {"app": "dbt", "dbt_version": "1.11.12", "dbt_databricks_version": "1.12.1", "databricks_sql_connector_version": "4.2.6", "profile_name": "databricks_free", "target_name": "dev", "invocation_id": "517a1d9f-5ead-418e-ae1a-55e82a4fde6d", "node_id": "test.dbt_steam_api.not_null_stg_steam_apps_appid.e8a86d58d6"} */

    
    select
      count(*) as failures,
      count(*) != 0 as should_warn,
      count(*) != 0 as should_error
    from (
      
    
  
    
    



select appid
from `workspace`.`raw_steam_staging`.`stg_steam_apps`
where appid is null



  
  
      
    ) dbt_internal_test
[0m16:33:27.561167 [debug] [Thread-5 (]: Opening a new connection, currently in state init
[0m16:33:28.563062 [debug] [Thread-5 (]: Databricks adapter: Connection(session-id=01f17ba3-269a-15f4-aa16-b17579aaa9ec) - Created
[0m16:33:29.423709 [debug] [Thread-5 (]: SQL status: OK in 1.860 seconds
[0m16:33:29.440161 [debug] [Thread-5 (]: Databricks adapter: Cursor(session-id=01f17ba3-269a-15f4-aa16-b17579aaa9ec, command-id=01f17ba3-26c6-150e-9e3a-db07d7f4c8a0) - Closing
[0m16:33:29.465627 [debug] [Thread-5 (]: On test.dbt_steam_api.not_null_stg_steam_apps_appid.e8a86d58d6: Close
[0m16:33:29.465627 [debug] [Thread-5 (]: Databricks adapter: Connection(session-id=01f17ba3-269a-15f4-aa16-b17579aaa9ec) - Closing
[0m16:33:29.649237 [info ] [Thread-5 (]: 2 of 11 PASS not_null_stg_steam_apps_appid ..................................... [[32mPASS[0m in 2.25s]
[0m16:33:29.658692 [debug] [Thread-5 (]: Finished running node test.dbt_steam_api.not_null_stg_steam_apps_appid.e8a86d58d6
[0m16:33:29.658692 [debug] [Thread-5 (]: Began running node test.dbt_steam_api.not_null_stg_steam_apps_game_name.d96befc51a
[0m16:33:29.658692 [info ] [Thread-5 (]: 3 of 11 START test not_null_stg_steam_apps_game_name ........................... [RUN]
[0m16:33:29.666727 [debug] [Thread-5 (]: Databricks adapter: DatabricksDBTConnection(session-id=None, name=test.dbt_steam_api.not_null_stg_steam_apps_game_name.d96befc51a) - Creating connection
[0m16:33:29.666727 [debug] [Thread-5 (]: Acquiring new databricks connection 'test.dbt_steam_api.not_null_stg_steam_apps_game_name.d96befc51a'
[0m16:33:29.674695 [debug] [Thread-5 (]: Began compiling node test.dbt_steam_api.not_null_stg_steam_apps_game_name.d96befc51a
[0m16:33:29.707202 [debug] [Thread-5 (]: Writing injected SQL for node "test.dbt_steam_api.not_null_stg_steam_apps_game_name.d96befc51a"
[0m16:33:29.715177 [debug] [Thread-5 (]: Began executing node test.dbt_steam_api.not_null_stg_steam_apps_game_name.d96befc51a
[0m16:33:29.731439 [debug] [Thread-5 (]: Writing runtime sql for node "test.dbt_steam_api.not_null_stg_steam_apps_game_name.d96befc51a"
[0m16:33:29.731439 [debug] [Thread-5 (]: Using databricks connection "test.dbt_steam_api.not_null_stg_steam_apps_game_name.d96befc51a"
[0m16:33:29.731439 [debug] [Thread-5 (]: On test.dbt_steam_api.not_null_stg_steam_apps_game_name.d96befc51a: /* {"app": "dbt", "dbt_version": "1.11.12", "dbt_databricks_version": "1.12.1", "databricks_sql_connector_version": "4.2.6", "profile_name": "databricks_free", "target_name": "dev", "invocation_id": "517a1d9f-5ead-418e-ae1a-55e82a4fde6d", "node_id": "test.dbt_steam_api.not_null_stg_steam_apps_game_name.d96befc51a"} */

    
    select
      count(*) as failures,
      count(*) != 0 as should_warn,
      count(*) != 0 as should_error
    from (
      
    
  
    
    



select game_name
from `workspace`.`raw_steam_staging`.`stg_steam_apps`
where game_name is null



  
  
      
    ) dbt_internal_test
[0m16:33:29.739467 [debug] [Thread-5 (]: Opening a new connection, currently in state init
[0m16:33:30.854934 [debug] [Thread-5 (]: Databricks adapter: Connection(session-id=01f17ba3-27f0-1741-af09-0cdd691494ad) - Created
[0m16:33:31.568000 [debug] [Thread-5 (]: SQL status: OK in 1.830 seconds
[0m16:33:31.576611 [debug] [Thread-5 (]: Databricks adapter: Cursor(session-id=01f17ba3-27f0-1741-af09-0cdd691494ad, command-id=01f17ba3-2824-1a09-8c55-3c7236ef3016) - Closing
[0m16:33:31.584652 [debug] [Thread-5 (]: On test.dbt_steam_api.not_null_stg_steam_apps_game_name.d96befc51a: Close
[0m16:33:31.584652 [debug] [Thread-5 (]: Databricks adapter: Connection(session-id=01f17ba3-27f0-1741-af09-0cdd691494ad) - Closing
[0m16:33:31.778536 [info ] [Thread-5 (]: 3 of 11 PASS not_null_stg_steam_apps_game_name ................................. [[32mPASS[0m in 2.11s]
[0m16:33:31.786526 [debug] [Thread-5 (]: Finished running node test.dbt_steam_api.not_null_stg_steam_apps_game_name.d96befc51a
[0m16:33:31.786526 [debug] [Thread-5 (]: Began running node test.dbt_steam_api.not_null_stg_steam_apps_price.3d6987b889
[0m16:33:31.794532 [info ] [Thread-5 (]: 4 of 11 START test not_null_stg_steam_apps_price ............................... [RUN]
[0m16:33:31.798135 [debug] [Thread-5 (]: Databricks adapter: DatabricksDBTConnection(session-id=None, name=test.dbt_steam_api.not_null_stg_steam_apps_price.3d6987b889) - Creating connection
[0m16:33:31.798135 [debug] [Thread-5 (]: Acquiring new databricks connection 'test.dbt_steam_api.not_null_stg_steam_apps_price.3d6987b889'
[0m16:33:31.806140 [debug] [Thread-5 (]: Began compiling node test.dbt_steam_api.not_null_stg_steam_apps_price.3d6987b889
[0m16:33:31.839635 [debug] [Thread-5 (]: Writing injected SQL for node "test.dbt_steam_api.not_null_stg_steam_apps_price.3d6987b889"
[0m16:33:31.847627 [debug] [Thread-5 (]: Began executing node test.dbt_steam_api.not_null_stg_steam_apps_price.3d6987b889
[0m16:33:31.856091 [debug] [Thread-5 (]: Writing runtime sql for node "test.dbt_steam_api.not_null_stg_steam_apps_price.3d6987b889"
[0m16:33:31.864474 [debug] [Thread-5 (]: Using databricks connection "test.dbt_steam_api.not_null_stg_steam_apps_price.3d6987b889"
[0m16:33:31.864474 [debug] [Thread-5 (]: On test.dbt_steam_api.not_null_stg_steam_apps_price.3d6987b889: /* {"app": "dbt", "dbt_version": "1.11.12", "dbt_databricks_version": "1.12.1", "databricks_sql_connector_version": "4.2.6", "profile_name": "databricks_free", "target_name": "dev", "invocation_id": "517a1d9f-5ead-418e-ae1a-55e82a4fde6d", "node_id": "test.dbt_steam_api.not_null_stg_steam_apps_price.3d6987b889"} */

    
    select
      count(*) as failures,
      count(*) != 0 as should_warn,
      count(*) != 0 as should_error
    from (
      
    
  
    
    



select price
from `workspace`.`raw_steam_staging`.`stg_steam_apps`
where price is null



  
  
      
    ) dbt_internal_test
[0m16:33:31.864474 [debug] [Thread-5 (]: Opening a new connection, currently in state init
[0m16:33:32.767358 [debug] [Thread-5 (]: Databricks adapter: Connection(session-id=01f17ba3-291c-1cb1-80a0-d78a60ff50f2) - Created
[0m16:33:33.268314 [debug] [Thread-5 (]: SQL status: OK in 1.400 seconds
[0m16:33:33.276720 [debug] [Thread-5 (]: Databricks adapter: Cursor(session-id=01f17ba3-291c-1cb1-80a0-d78a60ff50f2, command-id=01f17ba3-2947-1835-9113-498717426eb5) - Closing
[0m16:33:33.276720 [debug] [Thread-5 (]: On test.dbt_steam_api.not_null_stg_steam_apps_price.3d6987b889: Close
[0m16:33:33.276720 [debug] [Thread-5 (]: Databricks adapter: Connection(session-id=01f17ba3-291c-1cb1-80a0-d78a60ff50f2) - Closing
[0m16:33:33.495067 [info ] [Thread-5 (]: 4 of 11 PASS not_null_stg_steam_apps_price ..................................... [[32mPASS[0m in 1.70s]
[0m16:33:33.495067 [debug] [Thread-5 (]: Finished running node test.dbt_steam_api.not_null_stg_steam_apps_price.3d6987b889
[0m16:33:33.503553 [debug] [Thread-5 (]: Began running node test.dbt_steam_api.unique_stg_steam_apps_appid.3ed74a1fdf
[0m16:33:33.503553 [info ] [Thread-5 (]: 5 of 11 START test unique_stg_steam_apps_appid ................................. [RUN]
[0m16:33:33.511555 [debug] [Thread-5 (]: Databricks adapter: DatabricksDBTConnection(session-id=None, name=test.dbt_steam_api.unique_stg_steam_apps_appid.3ed74a1fdf) - Creating connection
[0m16:33:33.511555 [debug] [Thread-5 (]: Acquiring new databricks connection 'test.dbt_steam_api.unique_stg_steam_apps_appid.3ed74a1fdf'
[0m16:33:33.511555 [debug] [Thread-5 (]: Began compiling node test.dbt_steam_api.unique_stg_steam_apps_appid.3ed74a1fdf
[0m16:33:33.571014 [debug] [Thread-5 (]: Writing injected SQL for node "test.dbt_steam_api.unique_stg_steam_apps_appid.3ed74a1fdf"
[0m16:33:33.571014 [debug] [Thread-5 (]: Began executing node test.dbt_steam_api.unique_stg_steam_apps_appid.3ed74a1fdf
[0m16:33:33.587013 [debug] [Thread-5 (]: Writing runtime sql for node "test.dbt_steam_api.unique_stg_steam_apps_appid.3ed74a1fdf"
[0m16:33:33.587013 [debug] [Thread-5 (]: Using databricks connection "test.dbt_steam_api.unique_stg_steam_apps_appid.3ed74a1fdf"
[0m16:33:33.587013 [debug] [Thread-5 (]: On test.dbt_steam_api.unique_stg_steam_apps_appid.3ed74a1fdf: /* {"app": "dbt", "dbt_version": "1.11.12", "dbt_databricks_version": "1.12.1", "databricks_sql_connector_version": "4.2.6", "profile_name": "databricks_free", "target_name": "dev", "invocation_id": "517a1d9f-5ead-418e-ae1a-55e82a4fde6d", "node_id": "test.dbt_steam_api.unique_stg_steam_apps_appid.3ed74a1fdf"} */

    
    select
      count(*) as failures,
      count(*) != 0 as should_warn,
      count(*) != 0 as should_error
    from (
      
    
  
    
    

select
    appid as unique_field,
    count(*) as n_records

from `workspace`.`raw_steam_staging`.`stg_steam_apps`
where appid is not null
group by appid
having count(*) > 1



  
  
      
    ) dbt_internal_test
[0m16:33:33.587013 [debug] [Thread-5 (]: Opening a new connection, currently in state init
[0m16:33:34.616146 [debug] [Thread-5 (]: Databricks adapter: Connection(session-id=01f17ba3-2a2f-1483-871d-54f66ee0f547) - Created
[0m16:33:35.311693 [debug] [Thread-5 (]: SQL status: OK in 1.720 seconds
[0m16:33:35.328329 [debug] [Thread-5 (]: Databricks adapter: Cursor(session-id=01f17ba3-2a2f-1483-871d-54f66ee0f547, command-id=01f17ba3-2a62-1a12-b4a8-9c5d1400e33d) - Closing
[0m16:33:35.328329 [debug] [Thread-5 (]: On test.dbt_steam_api.unique_stg_steam_apps_appid.3ed74a1fdf: Close
[0m16:33:35.328329 [debug] [Thread-5 (]: Databricks adapter: Connection(session-id=01f17ba3-2a2f-1483-871d-54f66ee0f547) - Closing
[0m16:33:35.523868 [info ] [Thread-5 (]: 5 of 11 PASS unique_stg_steam_apps_appid ....................................... [[32mPASS[0m in 2.02s]
[0m16:33:35.532243 [debug] [Thread-5 (]: Finished running node test.dbt_steam_api.unique_stg_steam_apps_appid.3ed74a1fdf
[0m16:33:35.540246 [debug] [Thread-5 (]: Began running node model.dbt_steam_api.bridge_game_genres
[0m16:33:35.540246 [info ] [Thread-5 (]: 6 of 11 START sql table model raw_steam_staging.bridge_game_genres ............. [RUN]
[0m16:33:35.548249 [debug] [Thread-5 (]: Databricks adapter: DatabricksDBTConnection(session-id=None, name=model.dbt_steam_api.bridge_game_genres) - Creating connection
[0m16:33:35.548249 [debug] [Thread-5 (]: Acquiring new databricks connection 'model.dbt_steam_api.bridge_game_genres'
[0m16:33:35.556246 [debug] [Thread-5 (]: Began compiling node model.dbt_steam_api.bridge_game_genres
[0m16:33:35.589563 [debug] [Thread-5 (]: Writing injected SQL for node "model.dbt_steam_api.bridge_game_genres"
[0m16:33:35.589563 [debug] [Thread-5 (]: Began executing node model.dbt_steam_api.bridge_game_genres
[0m16:33:35.646265 [debug] [Thread-5 (]: MATERIALIZING TABLE
[0m16:33:35.727260 [debug] [Thread-5 (]: Using databricks connection "model.dbt_steam_api.bridge_game_genres"
[0m16:33:35.727260 [debug] [Thread-5 (]: On model.dbt_steam_api.bridge_game_genres: /* {"app": "dbt", "dbt_version": "1.11.12", "dbt_databricks_version": "1.12.1", "databricks_sql_connector_version": "4.2.6", "profile_name": "databricks_free", "target_name": "dev", "invocation_id": "517a1d9f-5ead-418e-ae1a-55e82a4fde6d", "node_id": "model.dbt_steam_api.bridge_game_genres"} */
SELECT
    table_catalog,
    table_schema,
    table_name,
    filter_name,
    target_columns
  FROM `workspace`.`information_schema`.`row_filters`
  WHERE table_catalog = 'workspace'
    AND table_schema = 'raw_steam_staging'
    AND table_name = 'bridge_game_genres'
[0m16:33:35.727260 [debug] [Thread-5 (]: Opening a new connection, currently in state init
[0m16:33:36.642584 [debug] [Thread-5 (]: Databricks adapter: Connection(session-id=01f17ba3-2b66-1aaa-8b83-5039be216cb4) - Created
[0m16:33:37.496648 [debug] [Thread-5 (]: SQL status: OK in 1.770 seconds
[0m16:33:37.514693 [debug] [Thread-5 (]: Databricks adapter: Cursor(session-id=01f17ba3-2b66-1aaa-8b83-5039be216cb4, command-id=01f17ba3-2b95-1e71-832b-0083bfd1f964) - Closing
[0m16:33:37.616281 [debug] [Thread-5 (]: Writing runtime sql for node "model.dbt_steam_api.bridge_game_genres"
[0m16:33:37.616281 [debug] [Thread-5 (]: Using databricks connection "model.dbt_steam_api.bridge_game_genres"
[0m16:33:37.624282 [debug] [Thread-5 (]: On model.dbt_steam_api.bridge_game_genres: /* {"app": "dbt", "dbt_version": "1.11.12", "dbt_databricks_version": "1.12.1", "databricks_sql_connector_version": "4.2.6", "profile_name": "databricks_free", "target_name": "dev", "invocation_id": "517a1d9f-5ead-418e-ae1a-55e82a4fde6d", "node_id": "model.dbt_steam_api.bridge_game_genres"} */

  
    
        create or replace table `workspace`.`raw_steam_staging`.`bridge_game_genres`
      
      
    using delta
  
      
      
      
      
      
      
      
      
      as
      WITH exploded AS (
    SELECT
        appid,
        game_name,
        TRIM(g) AS genre
    FROM `workspace`.`raw_steam_staging`.`stg_steam_apps`,
    LATERAL EXPLODE(genre_list) AS t(g)
)

SELECT
    appid,
    game_name,
    genre,
    COUNT(*) OVER (PARTITION BY genre) AS games_in_genre
FROM exploded
WHERE genre IS NOT NULL AND genre != ''
  
[0m16:33:45.395685 [debug] [Thread-5 (]: SQL status: OK in 7.760 seconds
[0m16:33:45.395685 [debug] [Thread-5 (]: Databricks adapter: Cursor(session-id=01f17ba3-2b66-1aaa-8b83-5039be216cb4, command-id=01f17ba3-2c2b-1cc5-bab1-000e045ac964) - Closing
[0m16:33:45.588244 [debug] [Thread-5 (]: Applying tags to relation None
[0m16:33:45.670968 [debug] [Thread-5 (]: On model.dbt_steam_api.bridge_game_genres: Close
[0m16:33:45.678969 [debug] [Thread-5 (]: Databricks adapter: Connection(session-id=01f17ba3-2b66-1aaa-8b83-5039be216cb4) - Closing
[0m16:33:45.855694 [debug] [Thread-5 (]: Sending event: {'category': 'dbt', 'action': 'run_model', 'label': '517a1d9f-5ead-418e-ae1a-55e82a4fde6d', 'context': [<snowplow_tracker.self_describing_json.SelfDescribingJson object at 0x000002093FD7BBC0>]}
[0m16:33:45.864247 [info ] [Thread-5 (]: 6 of 11 OK created sql table model raw_steam_staging.bridge_game_genres ........ [[32mOK[0m in 10.31s]
[0m16:33:45.864247 [debug] [Thread-5 (]: Finished running node model.dbt_steam_api.bridge_game_genres
[0m16:33:45.872698 [debug] [Thread-5 (]: Began running node model.dbt_steam_api.bridge_game_languages
[0m16:33:45.872698 [info ] [Thread-5 (]: 7 of 11 START sql table model raw_steam_staging.bridge_game_languages .......... [RUN]
[0m16:33:45.881608 [debug] [Thread-5 (]: Databricks adapter: DatabricksDBTConnection(session-id=None, name=model.dbt_steam_api.bridge_game_languages) - Creating connection
[0m16:33:45.881608 [debug] [Thread-5 (]: Acquiring new databricks connection 'model.dbt_steam_api.bridge_game_languages'
[0m16:33:45.889611 [debug] [Thread-5 (]: Began compiling node model.dbt_steam_api.bridge_game_languages
[0m16:33:45.913606 [debug] [Thread-5 (]: Writing injected SQL for node "model.dbt_steam_api.bridge_game_languages"
[0m16:33:45.922025 [debug] [Thread-5 (]: Began executing node model.dbt_steam_api.bridge_game_languages
[0m16:33:45.930025 [debug] [Thread-5 (]: MATERIALIZING TABLE
[0m16:33:45.946361 [debug] [Thread-5 (]: Using databricks connection "model.dbt_steam_api.bridge_game_languages"
[0m16:33:45.954359 [debug] [Thread-5 (]: On model.dbt_steam_api.bridge_game_languages: /* {"app": "dbt", "dbt_version": "1.11.12", "dbt_databricks_version": "1.12.1", "databricks_sql_connector_version": "4.2.6", "profile_name": "databricks_free", "target_name": "dev", "invocation_id": "517a1d9f-5ead-418e-ae1a-55e82a4fde6d", "node_id": "model.dbt_steam_api.bridge_game_languages"} */
SELECT
    table_catalog,
    table_schema,
    table_name,
    filter_name,
    target_columns
  FROM `workspace`.`information_schema`.`row_filters`
  WHERE table_catalog = 'workspace'
    AND table_schema = 'raw_steam_staging'
    AND table_name = 'bridge_game_languages'
[0m16:33:45.954359 [debug] [Thread-5 (]: Opening a new connection, currently in state init
[0m16:33:46.964889 [debug] [Thread-5 (]: Databricks adapter: Connection(session-id=01f17ba3-3191-1f56-9d4b-20453db66909) - Created
[0m16:33:47.576653 [debug] [Thread-5 (]: SQL status: OK in 1.620 seconds
[0m16:33:47.584653 [debug] [Thread-5 (]: Databricks adapter: Cursor(session-id=01f17ba3-3191-1f56-9d4b-20453db66909, command-id=01f17ba3-31be-147c-b2a8-3e53aa6c5a4a) - Closing
[0m16:33:47.584935 [debug] [Thread-5 (]: Writing runtime sql for node "model.dbt_steam_api.bridge_game_languages"
[0m16:33:47.593129 [debug] [Thread-5 (]: Using databricks connection "model.dbt_steam_api.bridge_game_languages"
[0m16:33:47.593129 [debug] [Thread-5 (]: On model.dbt_steam_api.bridge_game_languages: /* {"app": "dbt", "dbt_version": "1.11.12", "dbt_databricks_version": "1.12.1", "databricks_sql_connector_version": "4.2.6", "profile_name": "databricks_free", "target_name": "dev", "invocation_id": "517a1d9f-5ead-418e-ae1a-55e82a4fde6d", "node_id": "model.dbt_steam_api.bridge_game_languages"} */

  
    
        create or replace table `workspace`.`raw_steam_staging`.`bridge_game_languages`
      
      
    using delta
  
      
      
      
      
      
      
      
      
      as
      -- models/marts/bridge_game_languages.sql


WITH exploded AS (
    SELECT
        appid,
        game_name,
        estimated_owners,
        avg_playtime_minutes,
        price,
        success_category,
        TRIM(lang) AS language
    FROM `workspace`.`raw_steam_staging`.`stg_steam_apps`,
    LATERAL EXPLODE(language_list) AS t(lang)
)

SELECT
    appid,
    game_name,
    language,
    estimated_owners,
    avg_playtime_minutes,
    price,
    success_category,
    COUNT(*) OVER (PARTITION BY language) AS games_with_language
FROM exploded
WHERE language IS NOT NULL AND language != ''
  
[0m16:33:50.946071 [debug] [Thread-5 (]: Databricks adapter: Exception while trying to execute query
/* {"app": "dbt", "dbt_version": "1.11.12", "dbt_databricks_version": "1.12.1", "databricks_sql_connector_version": "4.2.6", "profile_name": "databricks_free", "target_name": "dev", "invocation_id": "517a1d9f-5ead-418e-ae1a-55e82a4fde6d", "node_id": "model.dbt_steam_api.bridge_game_languages"} */

  
    
        create or replace table `workspace`.`raw_steam_staging`.`bridge_game_languages`
      
      
    using delta
  
      
      
      
      
      
      
      
      
      as
      -- models/marts/bridge_game_languages.sql


WITH exploded AS (
    SELECT
        appid,
        game_name,
        estimated_owners,
        avg_playtime_minutes,
        price,
        success_category,
        TRIM(lang) AS language
    FROM `workspace`.`raw_steam_staging`.`stg_steam_apps`,
    LATERAL EXPLODE(language_list) AS t(lang)
)

SELECT
    appid,
    game_name,
    language,
    estimated_owners,
    avg_playtime_minutes,
    price,
    success_category,
    COUNT(*) OVER (PARTITION BY language) AS games_with_language
FROM exploded
WHERE language IS NOT NULL AND language != ''
  
: [CAST_INVALID_INPUT] The value '100,000,000 .. 200,000,000' of the type "STRING" cannot be cast to "BIGINT" because it is malformed. Correct the value as per the syntax, or change its target type. Use `try_cast` to tolerate malformed input and return NULL instead. SQLSTATE: 22018
== SQL of VIEW workspace.raw_steam_staging.stg_steam_apps (line 27, position 16) ==
        ROUND((CAST(SPLIT_PART(owners, '-', 1) AS BIGINT) + CAST(SPLIT_PART(owners, '-', ...
               ^^^^^^^^^^^^^^^^^^^^^^^^^^^^^^^^^^^^^^^^^^

Error properties: diagnostic-info=org.apache.hive.service.cli.HiveSQLException: Error running query: [CAST_INVALID_INPUT] org.apache.spark.SparkNumberFormatException: [CAST_INVALID_INPUT] The value '100,000,000 .. 200,000,000' of the type "STRING" cannot be cast to "BIGINT" because it is malformed. Correct the value as per the syntax, or change its target type. Use `try_cast` to tolerate malformed input and return NULL instead. SQLSTATE: 22018
== SQL of VIEW workspace.raw_steam_staging.stg_steam_apps (line 27, position 16) ==
        ROUND((CAST(SPLIT_PART(owners, '-', 1) AS BIGINT) + CAST(SPLIT_PART(owners, '-', ...
               ^^^^^^^^^^^^^^^^^^^^^^^^^^^^^^^^^^^^^^^^^^

	at org.apache.spark.sql.hive.thriftserver.HiveThriftServerErrors$.runningQueryError(HiveThriftServerErrors.scala:58)
	at org.apache.spark.sql.hive.thriftserver.SparkExecuteStatementOperation.$anonfun$execute$1(SparkExecuteStatementOperation.scala:1184)
	at scala.runtime.java8.JFunction0$mcV$sp.apply(JFunction0$mcV$sp.scala:18)
	at com.databricks.unity.UCSEphemeralState$Handle.runWith(UCSEphemeralState.scala:51)
	at com.databricks.unity.HandleImpl.runWith(UCSHandle.scala:128)
	at org.apache.spark.sql.hive.thriftserver.SparkExecuteStatementOperation.org$apache$spark$sql$hive$thriftserver$SparkExecuteStatementOperation$$execute(SparkExecuteStatementOperation.scala:877)
	at org.apache.spark.sql.hive.thriftserver.SparkExecuteStatementOperation$$anon$2$$anon$3.$anonfun$run$6(SparkExecuteStatementOperation.scala:636)
	at scala.runtime.java8.JFunction0$mcV$sp.apply(JFunction0$mcV$sp.scala:18)
	at org.apache.spark.sql.execution.SQLExecution$.withRootExecution(SQLExecution.scala:1468)
	at org.apache.spark.sql.hive.thriftserver.SparkExecuteStatementOperation$$anon$2$$anon$3.$anonfun$run$3(SparkExecuteStatementOperation.scala:636)
	at scala.runtime.java8.JFunction0$mcV$sp.apply(JFunction0$mcV$sp.scala:18)
	at com.databricks.util.TracingSpanUtils$.withTracing(TracingSpanUtils.scala:251)
	at com.databricks.spark.util.DatabricksTracingHelper.withSpan(DatabricksSparkTracingHelper.scala:154)
	at com.databricks.spark.util.DBRTracing$.withSpan(DBRTracing.scala:87)
	at org.apache.spark.sql.hive.thriftserver.ThriftLocalProperties.$anonfun$withLocalProperties$18(ThriftLocalProperties.scala:366)
	at com.databricks.logging.AttributionContextTracing.$anonfun$withAttributionContext$1(AttributionContextTracing.scala:146)
	at com.databricks.logging.AttributionContext$.$anonfun$withValue$1(AttributionContext.scala:349)
	at scala.util.DynamicVariable.withValue(DynamicVariable.scala:59)
	at com.databricks.logging.AttributionContext$.withValue(AttributionContext.scala:345)
	at com.databricks.logging.AttributionContextTracing.withAttributionContext(AttributionContextTracing.scala:144)
	at com.databricks.logging.AttributionContextTracing.withAttributionContext$(AttributionContextTracing.scala:141)
	at com.databricks.spark.util.PublicDBLogging.withAttributionContext(DatabricksSparkUsageLogger.scala:29)
	at com.databricks.logging.AttributionContextTracing.withAttributionTags(AttributionContextTracing.scala:201)
	at com.databricks.logging.AttributionContextTracing.withAttributionTags$(AttributionContextTracing.scala:182)
	at com.databricks.spark.util.PublicDBLogging.withAttributionTags(DatabricksSparkUsageLogger.scala:29)
	at com.databricks.spark.util.PublicDBLogging.withAttributionTags0(DatabricksSparkUsageLogger.scala:108)
	at com.databricks.spark.util.DatabricksSparkUsageLogger.withAttributionTags(DatabricksSparkUsageLogger.scala:215)
	at com.databricks.spark.util.UsageLogging.$anonfun$withAttributionTags$1(UsageLogger.scala:668)
	at com.databricks.spark.util.UsageLogging$.withAttributionTags(UsageLogger.scala:780)
	at com.databricks.spark.util.UsageLogging$.withAttributionTags(UsageLogger.scala:789)
	at com.databricks.spark.util.UsageLogging.withAttributionTags(UsageLogger.scala:668)
	at com.databricks.spark.util.UsageLogging.withAttributionTags$(UsageLogger.scala:666)
	at org.apache.spark.sql.hive.thriftserver.SparkExecuteStatementOperation.withAttributionTags(SparkExecuteStatementOperation.scala:78)
	at org.apache.spark.sql.hive.thriftserver.ThriftLocalProperties.$anonfun$withLocalProperties$15(ThriftLocalProperties.scala:365)
	at com.databricks.spark.util.IdentityClaim$.withClaim(IdentityClaim.scala:48)
	at org.apache.spark.sql.hive.thriftserver.ThriftLocalProperties.withLocalProperties(ThriftLocalProperties.scala:360)
	at org.apache.spark.sql.hive.thriftserver.ThriftLocalProperties.withLocalProperties$(ThriftLocalProperties.scala:180)
	at org.apache.spark.sql.hive.thriftserver.SparkExecuteStatementOperation.withLocalProperties(SparkExecuteStatementOperation.scala:78)
	at org.apache.spark.sql.hive.thriftserver.SparkExecuteStatementOperation$$anon$2$$anon$3.$anonfun$run$2(SparkExecuteStatementOperation.scala:612)
	at scala.runtime.java8.JFunction0$mcV$sp.apply(JFunction0$mcV$sp.scala:18)
	at com.databricks.spark.util.DBRTracing$.withSpanFromParent(DBRTracing.scala:70)
	at org.apache.spark.sql.hive.thriftserver.SparkExecuteStatementOperation$$anon$2$$anon$3.run(SparkExecuteStatementOperation.scala:612)
	at org.apache.spark.sql.hive.thriftserver.SparkExecuteStatementOperation$$anon$2$$anon$3.run(SparkExecuteStatementOperation.scala:585)
	at java.base/java.security.AccessController.doPrivileged(AccessController.java:712)
	at java.base/javax.security.auth.Subject.doAs(Subject.java:439)
	at org.apache.hadoop.security.UserGroupInformation.doAs(UserGroupInformation.java:1953)
	at org.apache.spark.sql.hive.thriftserver.SparkExecuteStatementOperation$$anon$2.run(SparkExecuteStatementOperation.scala:650)
	at java.base/java.util.concurrent.Executors$RunnableAdapter.call(Executors.java:539)
	at java.base/java.util.concurrent.FutureTask.run(FutureTask.java:264)
	at java.base/java.util.concurrent.ThreadPoolExecutor.runWorker(ThreadPoolExecutor.java:1136)
	at java.base/java.util.concurrent.ThreadPoolExecutor$Worker.run(ThreadPoolExecutor.java:635)
	at java.base/java.lang.Thread.run(Thread.java:840)
Caused by: org.apache.spark.SparkNumberFormatException: [CAST_INVALID_INPUT] The value '100,000,000 .. 200,000,000' of the type "STRING" cannot be cast to "BIGINT" because it is malformed. Correct the value as per the syntax, or change its target type. Use `try_cast` to tolerate malformed input and return NULL instead. SQLSTATE: 22018
== SQL of VIEW workspace.raw_steam_staging.stg_steam_apps (line 27, position 16) ==
        ROUND((CAST(SPLIT_PART(owners, '-', 1) AS BIGINT) + CAST(SPLIT_PART(owners, '-', ...
               ^^^^^^^^^^^^^^^^^^^^^^^^^^^^^^^^^^^^^^^^^^

	at org.apache.spark.sql.errors.QueryExecutionErrors$.invalidInputInCastToNumberError(QueryExecutionErrors.scala:188)
	at com.databricks.photon.PhotonException$.getSparkException(PhotonException.scala:266)
	at org.apache.spark.sql.execution.SQLExecution$.$anonfun$withNewExecutionId0$21(SQLExecution.scala:1124)
	at com.databricks.unity.UCSManager$.withTemporaryScope(UCSManager.scala:168)
	at org.apache.spark.sql.execution.SQLExecution$.$anonfun$withNewExecutionId0$20(SQLExecution.scala:937)
	at org.apache.spark.sql.execution.SQLExecution$.withSessionTagsApplied(SQLExecution.scala:1542)
	at org.apache.spark.sql.execution.SQLExecution$.$anonfun$withNewExecutionId0$19(SQLExecution.scala:926)
	at org.apache.spark.JobArtifactSet$.withActiveJobArtifactState(JobArtifactSet.scala:97)
	at org.apache.spark.sql.artifact.ArtifactManager.$anonfun$withResources$1(ArtifactManager.scala:124)
	at org.apache.spark.sql.artifact.ArtifactManager.withClassLoaderIfNeeded(ArtifactManager.scala:118)
	at org.apache.spark.sql.artifact.ArtifactManager.withResources(ArtifactManager.scala:123)
	at org.apache.spark.sql.execution.SQLExecution$.$anonfun$withNewExecutionId0$18(SQLExecution.scala:926)
	at org.apache.spark.sql.execution.SQLExecution$.withSQLConfPropagated(SQLExecution.scala:1577)
	at org.apache.spark.sql.execution.SQLExecution$.$anonfun$withNewExecutionId0$1(SQLExecution.scala:925)
	at org.apache.spark.sql.SparkSession.withActive(SparkSession.scala:866)
	at org.apache.spark.sql.execution.SQLExecution$.withNewExecutionId0(SQLExecution.scala:659)
	at org.apache.spark.sql.execution.SQLExecution$.withNewExecutionId(SQLExecution.scala:1495)
	at com.databricks.sql.transaction.tahoe.files.TransactionalWriteEdge.$anonfun$writeFilesAndGetQueryExecution$1(TransactionalWriteEdge.scala:836)
	at com.databricks.sql.transaction.tahoe.metering.DeltaLogging.withOperationTypeTag(DeltaLogging.scala:854)
	at com.databricks.sql.transaction.tahoe.metering.DeltaLogging.withOperationTypeTag$(DeltaLogging.scala:841)
	at com.databricks.sql.transaction.tahoe.OptimisticTransaction.withOperationTypeTag(OptimisticTransaction.scala:269)
	at com.databricks.sql.transaction.tahoe.metering.DeltaLogging.$anonfun$recordDeltaOperationInternal$2(DeltaLogging.scala:527)
	at com.databricks.spark.util.FrameProfiler$.$anonfun$record$1(FrameProfiler.scala:114)
	at com.databricks.spark.util.FrameProfilerExporter$.maybeExportFrameProfiler(FrameProfilerExporter.scala:146)
	at com.databricks.spark.util.FrameProfiler$.record(FrameProfiler.scala:105)
	at com.databricks.sql.transaction.tahoe.metering.DeltaLogging.recordFrameProfileWithCallSite(DeltaLogging.scala:969)
	at com.databricks.sql.transaction.tahoe.metering.DeltaLogging.recordFrameProfileWithCallSite$(DeltaLogging.scala:966)
	at com.databricks.sql.transaction.tahoe.OptimisticTransaction.recordFrameProfileWithCallSite(OptimisticTransaction.scala:269)
	at com.databricks.sql.transaction.tahoe.metering.DeltaLogging.$anonfun$recordDeltaOperationInternal$1(DeltaLogging.scala:526)
	at com.databricks.logging.UsageLogging.$anonfun$recordOperation$1(UsageLogging.scala:531)
	at com.databricks.logging.UsageLogging.executeThunkAndCaptureResultTags$1(UsageLogging.scala:669)
	at com.databricks.logging.UsageLogging.$anonfun$recordOperationWithResultTags$6(UsageLogging.scala:696)
	at com.databricks.logging.AttributionContextTracing.$anonfun$withAttributionContext$1(AttributionContextTracing.scala:146)
	at com.databricks.logging.AttributionContext$.$anonfun$withValue$1(AttributionContext.scala:349)
	at scala.util.DynamicVariable.withValue(DynamicVariable.scala:59)
	at com.databricks.logging.AttributionContext$.withValue(AttributionContext.scala:345)
	at com.databricks.logging.AttributionContextTracing.withAttributionContext(AttributionContextTracing.scala:144)
	at com.databricks.logging.AttributionContextTracing.withAttributionContext$(AttributionContextTracing.scala:141)
	at com.databricks.spark.util.PublicDBLogging.withAttributionContext(DatabricksSparkUsageLogger.scala:29)
	at com.databricks.logging.AttributionContextTracing.withAttributionTags(AttributionContextTracing.scala:201)
	at com.databricks.logging.AttributionContextTracing.withAttributionTags$(AttributionContextTracing.scala:182)
	at com.databricks.spark.util.PublicDBLogging.withAttributionTags(DatabricksSparkUsageLogger.scala:29)
	at com.databricks.logging.UsageLogging.$anonfun$recordOperationWithResultTags$5(UsageLogging.scala:664)
	at com.databricks.logging.UsageLogging.withOtelSpanInContext$1(UsageLogging.scala:656)
	at com.databricks.logging.UsageLogging.recordOperationWithResultTags(UsageLogging.scala:659)
	at com.databricks.logging.UsageLogging.recordOperationWithResultTags$(UsageLogging.scala:540)
	at com.databricks.spark.util.PublicDBLogging.recordOperationWithResultTags(DatabricksSparkUsageLogger.scala:29)
	at com.databricks.logging.UsageLogging.recordOperation(UsageLogging.scala:532)
	at com.databricks.logging.UsageLogging.recordOperation$(UsageLogging.scala:496)
	at com.databricks.spark.util.PublicDBLogging.recordOperation(DatabricksSparkUsageLogger.scala:29)
	at com.databricks.spark.util.PublicDBLogging.recordOperation0(DatabricksSparkUsageLogger.scala:104)
	at com.databricks.spark.util.DatabricksSparkUsageLogger.recordOperation(DatabricksSparkUsageLogger.scala:193)
	at com.databricks.spark.util.UsageLogger.recordOperation(UsageLogger.scala:78)
	at com.databricks.spark.util.UsageLogger.recordOperation$(UsageLogger.scala:65)
	at com.databricks.spark.util.DatabricksSparkUsageLogger.recordOperation(DatabricksSparkUsageLogger.scala:152)
	at com.databricks.spark.util.UsageLogging.recordOperation(UsageLogger.scala:537)
	at com.databricks.spark.util.UsageLogging.recordOperation$(UsageLogger.scala:516)
	at com.databricks.sql.transaction.tahoe.OptimisticTransaction.recordOperation(OptimisticTransaction.scala:269)
	at com.databricks.sql.transaction.tahoe.metering.DeltaLogging.recordDeltaOperationInternal(DeltaLogging.scala:525)
	at com.databricks.sql.transaction.tahoe.metering.DeltaLogging.recordDeltaOperation(DeltaLogging.scala:515)
	at com.databricks.sql.transaction.tahoe.metering.DeltaLogging.recordDeltaOperation$(DeltaLogging.scala:504)
	at com.databricks.sql.transaction.tahoe.OptimisticTransaction.recordDeltaOperation(OptimisticTransaction.scala:269)
	at com.databricks.sql.transaction.tahoe.files.TransactionalWriteEdge.$anonfun$recordWriteFilesOperation$1(TransactionalWriteEdge.scala:363)
	at com.databricks.sql.acl.CheckPermissions$.$anonfun$trusted$2(CheckPermissions.scala:2757)
	at com.databricks.sql.util.ThreadLocalTagger.withTag(QueryTagger.scala:63)
	at com.databricks.sql.util.ThreadLocalTagger.withTag$(QueryTagger.scala:60)
	at com.databricks.sql.util.QueryTagger$.withTag(QueryTagger.scala:254)
	at com.databricks.sql.acl.CheckPermissions$.trusted(CheckPermissions.scala:2757)
	at com.databricks.sql.transaction.tahoe.files.TransactionalWriteEdge.recordWriteFilesOperation(TransactionalWriteEdge.scala:362)
	at com.databricks.sql.transaction.tahoe.files.TransactionalWriteEdge.writeFilesAndGetQueryExecution(TransactionalWriteEdge.scala:423)
	at com.databricks.sql.transaction.tahoe.files.TransactionalWriteEdge.writeFilesAndGetQueryExecution$(TransactionalWriteEdge.scala:413)
	at com.databricks.sql.transaction.tahoe.OptimisticTransaction.writeFilesAndGetQueryExecution(OptimisticTransaction.scala:269)
	at com.databricks.sql.transaction.tahoe.files.TransactionalWriteEdge.writeFilesAndGetExecutedPlan(TransactionalWriteEdge.scala:1055)
	at com.databricks.sql.transaction.tahoe.files.TransactionalWriteEdge.writeFilesAndGetExecutedPlan$(TransactionalWriteEdge.scala:1032)
	at com.databricks.sql.transaction.tahoe.OptimisticTransaction.writeFilesAndGetExecutedPlan(OptimisticTransaction.scala:269)
	at com.databricks.sql.transaction.tahoe.commands.ClusteredWriter.writeFilesWithoutClustering(ClusteredWriter.scala:1217)
	at com.databricks.sql.transaction.tahoe.commands.ClusteredWriter.runInternal(ClusteredWriter.scala:315)
	at com.databricks.sql.transaction.tahoe.commands.ClusteredWriter.runAndReturnMaterializationPlans(ClusteredWriter.scala:260)
	at com.databricks.sql.transaction.tahoe.commands.WriteIntoDeltaEdge.writeFilesAndGetMaterializationPlans(WriteIntoDeltaEdge.scala:954)
	at com.databricks.sql.transaction.tahoe.commands.WriteIntoDeltaEdge.writeAndReturnCommitDataAndMaterializationPlans(WriteIntoDeltaEdge.scala:834)
	at com.databricks.sql.transaction.tahoe.commands.WriteIntoDeltaEdge.writeAndReturnCommitData(WriteIntoDeltaEdge.scala:334)
	at com.databricks.sql.transaction.tahoe.commands.CreateDeltaTableCommand.doDeltaWrite$1(CreateDeltaTableCommand.scala:724)
	at com.databricks.sql.transaction.tahoe.commands.CreateDeltaTableCommand.handleCreateTableAsSelect(CreateDeltaTableCommand.scala:874)
	at com.databricks.sql.transaction.tahoe.commands.CreateDeltaTableCommand.$anonfun$handleCommit$1(CreateDeltaTableCommand.scala:459)
	at com.databricks.sql.transaction.tahoe.OptimisticTransaction$.withActive(OptimisticTransaction.scala:314)
	at com.databricks.sql.transaction.tahoe.commands.CreateDeltaTableCommand.handleCommit(CreateDeltaTableCommand.scala:439)
	at com.databricks.sql.transaction.tahoe.commands.CreateDeltaTableCommand.$anonfun$run$8(CreateDeltaTableCommand.scala:342)
	at com.databricks.sql.transaction.tahoe.metering.DeltaLogging.withOperationTypeTag(DeltaLogging.scala:854)
	at com.databricks.sql.transaction.tahoe.metering.DeltaLogging.withOperationTypeTag$(DeltaLogging.scala:841)
	at com.databricks.sql.transaction.tahoe.commands.CreateDeltaTableCommand.withOperationTypeTag(CreateDeltaTableCommand.scala:107)
	at com.databricks.sql.transaction.tahoe.metering.DeltaLogging.$anonfun$recordDeltaOperationInternal$2(DeltaLogging.scala:527)
	at com.databricks.spark.util.FrameProfiler$.$anonfun$record$1(FrameProfiler.scala:114)
	at com.databricks.spark.util.FrameProfilerExporter$.maybeExportFrameProfiler(FrameProfilerExporter.scala:146)
	at com.databricks.spark.util.FrameProfiler$.record(FrameProfiler.scala:105)
	at com.databricks.sql.transaction.tahoe.metering.DeltaLogging.recordFrameProfileWithCallSite(DeltaLogging.scala:969)
	at com.databricks.sql.transaction.tahoe.metering.DeltaLogging.recordFrameProfileWithCallSite$(DeltaLogging.scala:966)
	at com.databricks.sql.transaction.tahoe.commands.CreateDeltaTableCommand.recordFrameProfileWithCallSite(CreateDeltaTableCommand.scala:107)
	at com.databricks.sql.transaction.tahoe.metering.DeltaLogging.$anonfun$recordDeltaOperationInternal$1(DeltaLogging.scala:526)
	at com.databricks.logging.UsageLogging.$anonfun$recordOperation$1(UsageLogging.scala:531)
	at com.databricks.logging.UsageLogging.executeThunkAndCaptureResultTags$1(UsageLogging.scala:669)
	at com.databricks.logging.UsageLogging.$anonfun$recordOperationWithResultTags$6(UsageLogging.scala:696)
	at com.databricks.logging.AttributionContextTracing.$anonfun$withAttributionContext$1(AttributionContextTracing.scala:146)
	at com.databricks.logging.AttributionContext$.$anonfun$withValue$1(AttributionContext.scala:349)
	at scala.util.DynamicVariable.withValue(DynamicVariable.scala:59)
	at com.databricks.logging.AttributionContext$.withValue(AttributionContext.scala:345)
	at com.databricks.logging.AttributionContextTracing.withAttributionContext(AttributionContextTracing.scala:144)
	at com.databricks.logging.AttributionContextTracing.withAttributionContext$(AttributionContextTracing.scala:141)
	at com.databricks.spark.util.PublicDBLogging.withAttributionContext(DatabricksSparkUsageLogger.scala:29)
	at com.databricks.logging.AttributionContextTracing.withAttributionTags(AttributionContextTracing.scala:201)
	at com.databricks.logging.AttributionContextTracing.withAttributionTags$(AttributionContextTracing.scala:182)
	at com.databricks.spark.util.PublicDBLogging.withAttributionTags(DatabricksSparkUsageLogger.scala:29)
	at com.databricks.logging.UsageLogging.$anonfun$recordOperationWithResultTags$5(UsageLogging.scala:664)
	at com.databricks.logging.UsageLogging.withOtelSpanInContext$1(UsageLogging.scala:656)
	at com.databricks.logging.UsageLogging.recordOperationWithResultTags(UsageLogging.scala:659)
	at com.databricks.logging.UsageLogging.recordOperationWithResultTags$(UsageLogging.scala:540)
	at com.databricks.spark.util.PublicDBLogging.recordOperationWithResultTags(DatabricksSparkUsageLogger.scala:29)
	at com.databricks.logging.UsageLogging.recordOperation(UsageLogging.scala:532)
	at com.databricks.logging.UsageLogging.recordOperation$(UsageLogging.scala:496)
	at com.databricks.spark.util.PublicDBLogging.recordOperation(DatabricksSparkUsageLogger.scala:29)
	at com.databricks.spark.util.PublicDBLogging.recordOperation0(DatabricksSparkUsageLogger.scala:104)
	at com.databricks.spark.util.DatabricksSparkUsageLogger.recordOperation(DatabricksSparkUsageLogger.scala:193)
	at com.databricks.spark.util.UsageLogger.recordOperation(UsageLogger.scala:78)
	at com.databricks.spark.util.UsageLogger.recordOperation$(UsageLogger.scala:65)
	at com.databricks.spark.util.DatabricksSparkUsageLogger.recordOperation(DatabricksSparkUsageLogger.scala:152)
	at com.databricks.spark.util.UsageLogging.recordOperation(UsageLogger.scala:537)
	at com.databricks.spark.util.UsageLogging.recordOperation$(UsageLogger.scala:516)
	at com.databricks.sql.transaction.tahoe.commands.CreateDeltaTableCommand.recordOperation(CreateDeltaTableCommand.scala:107)
	at com.databricks.sql.transaction.tahoe.metering.DeltaLogging.recordDeltaOperationInternal(DeltaLogging.scala:525)
	at com.databricks.sql.transaction.tahoe.metering.DeltaLogging.recordDeltaOperation(DeltaLogging.scala:515)
	at com.databricks.sql.transaction.tahoe.metering.DeltaLogging.recordDeltaOperation$(DeltaLogging.scala:504)
	at com.databricks.sql.transaction.tahoe.commands.CreateDeltaTableCommand.recordDeltaOperation(CreateDeltaTableCommand.scala:107)
	at com.databricks.sql.transaction.tahoe.commands.CreateDeltaTableCommand.run(CreateDeltaTableCommand.scala:296)
	at com.databricks.sql.transaction.tahoe.catalog.AbstractDeltaCatalog.$anonfun$createDeltaTable$1(AbstractDeltaCatalog.scala:1005)
	at com.databricks.spark.util.FrameProfiler$.$anonfun$record$1(FrameProfiler.scala:114)
	at com.databricks.spark.util.FrameProfilerExporter$.maybeExportFrameProfiler(FrameProfilerExporter.scala:146)
	at com.databricks.spark.util.FrameProfiler$.record(FrameProfiler.scala:105)
	at com.databricks.sql.transaction.tahoe.metering.DeltaLogging.recordFrameProfileWithCallSite(DeltaLogging.scala:969)
	at com.databricks.sql.transaction.tahoe.metering.DeltaLogging.recordFrameProfileWithCallSite$(DeltaLogging.scala:966)
	at com.databricks.sql.transaction.tahoe.catalog.AbstractDeltaCatalog.recordFrameProfileWithCallSite(AbstractDeltaCatalog.scala:199)
	at com.databricks.sql.transaction.tahoe.catalog.AbstractDeltaCatalog.com$databricks$sql$transaction$tahoe$catalog$AbstractDeltaCatalog$$createDeltaTable(AbstractDeltaCatalog.scala:430)
	at com.databricks.sql.transaction.tahoe.catalog.AbstractDeltaCatalog$StagedDeltaTableV2.$anonfun$commitStagedChanges$1(AbstractDeltaCatalog.scala:2396)
	at com.databricks.spark.util.FrameProfiler$.$anonfun$record$1(FrameProfiler.scala:114)
	at com.databricks.spark.util.FrameProfilerExporter$.maybeExportFrameProfiler(FrameProfilerExporter.scala:146)
	at com.databricks.spark.util.FrameProfiler$.record(FrameProfiler.scala:105)
	at com.databricks.sql.transaction.tahoe.metering.DeltaLogging.recordFrameProfileWithCallSite(DeltaLogging.scala:969)
	at com.databricks.sql.transaction.tahoe.metering.DeltaLogging.recordFrameProfileWithCallSite$(DeltaLogging.scala:966)
	at com.databricks.sql.transaction.tahoe.catalog.AbstractDeltaCatalog.recordFrameProfileWithCallSite(AbstractDeltaCatalog.scala:199)
	at com.databricks.sql.transaction.tahoe.catalog.AbstractDeltaCatalog$StagedDeltaTableV2.commitStagedChanges(AbstractDeltaCatalog.scala:2377)
	at org.apache.spark.sql.execution.datasources.v2.DataSourceV2Utils$.commitStagedChanges(DataSourceV2Utils.scala:324)
	at org.apache.spark.sql.execution.datasources.v2.V2CreateTableAsSelectBaseExec.$anonfun$writeToTable$6(WriteToDataSourceV2Exec.scala:930)
	at scala.runtime.java8.JFunction0$mcV$sp.apply(JFunction0$mcV$sp.scala:18)
	at org.apache.spark.sql.execution.datasources.v2.WriteToDataSourceV2Exec$.handleConcurrentCreateExceptions(WriteToDataSourceV2Exec.scala:78)
	at org.apache.spark.sql.execution.datasources.v2.V2CreateTableAsSelectBaseExec.$anonfun$writeToTable$2(WriteToDataSourceV2Exec.scala:930)
	at org.apache.spark.util.Utils$.tryWithSafeFinallyAndFailureCallbacks(Utils.scala:1726)
	at org.apache.spark.sql.execution.datasources.v2.V2CreateTableAsSelectBaseExec.$anonfun$writeToTable$1(WriteToDataSourceV2Exec.scala:910)
	at com.databricks.spark.util.FrameProfiler$.$anonfun$record$1(FrameProfiler.scala:114)
	at com.databricks.spark.util.FrameProfilerExporter$.maybeExportFrameProfiler(FrameProfilerExporter.scala:146)
	at com.databricks.spark.util.FrameProfiler$.record(FrameProfiler.scala:105)
	at org.apache.spark.sql.execution.datasources.v2.V2CreateTableAsSelectBaseExec.writeToTable(WriteToDataSourceV2Exec.scala:934)
	at org.apache.spark.sql.execution.datasources.v2.V2CreateTableAsSelectBaseExec.writeToTable$(WriteToDataSourceV2Exec.scala:896)
	at org.apache.spark.sql.execution.datasources.v2.AtomicReplaceTableAsSelectExec.writeToTable(WriteToDataSourceV2Exec.scala:285)
	at org.apache.spark.sql.execution.datasources.v2.AtomicReplaceTableAsSelectExec.run(WriteToDataSourceV2Exec.scala:366)
	at org.apache.spark.sql.execution.datasources.v2.V2CommandExec.$anonfun$result$2(V2CommandExec.scala:48)
	at org.apache.spark.sql.execution.SparkPlan.runCommandInAetherOrSpark(SparkPlan.scala:202)
	at org.apache.spark.sql.execution.datasources.v2.V2CommandExec.$anonfun$result$1(V2CommandExec.scala:48)
	at com.databricks.spark.util.FrameProfiler$.$anonfun$record$1(FrameProfiler.scala:114)
	at com.databricks.spark.util.FrameProfilerExporter$.maybeExportFrameProfiler(FrameProfilerExporter.scala:146)
	at com.databricks.spark.util.FrameProfiler$.record(FrameProfiler.scala:105)
	at org.apache.spark.sql.execution.datasources.v2.V2CommandExec.result$lzycompute(V2CommandExec.scala:47)
	at org.apache.spark.sql.execution.datasources.v2.V2CommandExec.result(V2CommandExec.scala:45)
	at org.apache.spark.sql.execution.datasources.v2.V2CommandExec.executeCollect(V2CommandExec.scala:56)
	at org.apache.spark.sql.execution.QueryExecution$.$anonfun$runCommand$12(QueryExecution.scala:1969)
	at com.databricks.util.LexicalThreadLocal$Handle.runWith(LexicalThreadLocal.scala:63)
	at org.apache.spark.sql.execution.QueryExecution$.$anonfun$runCommand$11(QueryExecution.scala:1963)
	at com.databricks.util.LexicalThreadLocal$Handle.runWith(LexicalThreadLocal.scala:63)
	at org.apache.spark.sql.execution.QueryExecution$.executeWithCaches$1(QueryExecution.scala:1963)
	at org.apache.spark.sql.execution.QueryExecution$.$anonfun$runCommand$10(QueryExecution.scala:1969)
	at org.apache.spark.sql.catalyst.QueryPlanningTracker$.withTracker(QueryPlanningTracker.scala:266)
	at org.apache.spark.sql.execution.QueryExecution$.$anonfun$runCommand$9(QueryExecution.scala:1956)
	at org.apache.spark.sql.execution.SQLExecution$.$anonfun$withNewExecutionId0$23(SQLExecution.scala:1115)
	at com.databricks.sql.util.MemoryTrackerHelper.withMemoryTracking(MemoryTrackerHelper.scala:111)
	at org.apache.spark.sql.execution.SQLExecution$.$anonfun$withNewExecutionId0$21(SQLExecution.scala:1035)
	at com.databricks.unity.UCSManager$.withTemporaryScope(UCSManager.scala:168)
	at org.apache.spark.sql.execution.SQLExecution$.$anonfun$withNewExecutionId0$20(SQLExecution.scala:937)
	at org.apache.spark.sql.execution.SQLExecution$.withSessionTagsApplied(SQLExecution.scala:1542)
	at org.apache.spark.sql.execution.SQLExecution$.$anonfun$withNewExecutionId0$19(SQLExecution.scala:926)
	at org.apache.spark.JobArtifactSet$.withActiveJobArtifactState(JobArtifactSet.scala:97)
	at org.apache.spark.sql.artifact.ArtifactManager.$anonfun$withResources$1(ArtifactManager.scala:124)
	at org.apache.spark.sql.artifact.ArtifactManager.withClassLoaderIfNeeded(ArtifactManager.scala:118)
	at org.apache.spark.sql.artifact.ArtifactManager.withResources(ArtifactManager.scala:123)
	at org.apache.spark.sql.execution.SQLExecution$.$anonfun$withNewExecutionId0$18(SQLExecution.scala:926)
	at org.apache.spark.sql.execution.SQLExecution$.withSQLConfPropagated(SQLExecution.scala:1577)
	at org.apache.spark.sql.execution.SQLExecution$.$anonfun$withNewExecutionId0$1(SQLExecution.scala:925)
	at org.apache.spark.sql.SparkSession.withActive(SparkSession.scala:866)
	at org.apache.spark.sql.execution.SQLExecution$.withNewExecutionId0(SQLExecution.scala:659)
	at org.apache.spark.sql.execution.SQLExecution$.withNewExecutionId(SQLExecution.scala:1495)
	at org.apache.spark.sql.execution.QueryExecution$.$anonfun$runCommand$8(QueryExecution.scala:1956)
	at org.apache.spark.sql.execution.QueryExecution$.withInternalError(QueryExecution.scala:1821)
	at org.apache.spark.sql.execution.QueryExecution$.$anonfun$runCommand$7(QueryExecution.scala:1952)
	at org.apache.spark.sql.execution.QueryExecution.withMVTagsIfNecessary(QueryExecution.scala:709)
	at org.apache.spark.sql.execution.QueryExecution$.$anonfun$runCommand$4(QueryExecution.scala:1937)
	at scala.Option.map(Option.scala:242)
	at org.apache.spark.sql.execution.QueryExecution$.executeWithMVTags$1(QueryExecution.scala:1937)
	at org.apache.spark.sql.execution.QueryExecution$.runCommand(QueryExecution.scala:1950)
	at org.apache.spark.sql.execution.QueryExecution.org$apache$spark$sql$execution$QueryExecution$$eagerlyExecute$1(QueryExecution.scala:746)
	at org.apache.spark.sql.execution.QueryExecution$$anonfun$$nestedInanonfun$eagerlyExecuteCommands$1$1.applyOrElse(QueryExecution.scala:763)
	at org.apache.spark.sql.execution.QueryExecution$$anonfun$$nestedInanonfun$eagerlyExecuteCommands$1$1.applyOrElse(QueryExecution.scala:755)
	at org.apache.spark.sql.catalyst.trees.TreeNode.$anonfun$transformDownWithPruning$1(TreeNode.scala:610)
	at org.apache.spark.sql.catalyst.trees.CurrentOrigin$.withOrigin(origin.scala:142)
	at org.apache.spark.sql.catalyst.trees.TreeNode.transformDownWithPruning(TreeNode.scala:610)
	at org.apache.spark.sql.catalyst.plans.logical.LogicalPlan.org$apache$spark$sql$catalyst$plans$logical$AnalysisHelper$$super$transformDownWithPruning(LogicalPlan.scala:48)
	at org.apache.spark.sql.catalyst.plans.logical.AnalysisHelper.transformDownWithPruning(AnalysisHelper.scala:361)
	at org.apache.spark.sql.catalyst.plans.logical.AnalysisHelper.transformDownWithPruning$(AnalysisHelper.scala:357)
	at org.apache.spark.sql.catalyst.plans.logical.LogicalPlan.transformDownWithPruning(LogicalPlan.scala:48)
	at org.apache.spark.sql.catalyst.plans.logical.LogicalPlan.transformDownWithPruning(LogicalPlan.scala:48)
	at org.apache.spark.sql.catalyst.trees.TreeNode.transformDown(TreeNode.scala:586)
	at org.apache.spark.sql.execution.QueryExecution.$anonfun$eagerlyExecuteCommands$1(QueryExecution.scala:755)
	at org.apache.spark.sql.catalyst.plans.logical.AnalysisHelper$.allowInvokingTransformsInAnalyzer(AnalysisHelper.scala:418)
	at org.apache.spark.sql.execution.QueryExecution.eagerlyExecuteCommands(QueryExecution.scala:755)
	at org.apache.spark.sql.execution.QueryExecution.$anonfun$lazyCommandExecuted$1(QueryExecution.scala:665)
	at scala.util.Try$.apply(Try.scala:217)
	at org.apache.spark.util.Utils$.doTryWithCallerStacktrace(Utils.scala:1796)
	at org.apache.spark.util.Utils$.getTryWithCallerStacktrace(Utils.scala:1846)
	at org.apache.spark.util.LazyTry.get(LazyTry.scala:78)
	at org.apache.spark.sql.execution.QueryExecution.commandExecuted(QueryExecution.scala:670)
	at org.apache.spark.sql.classic.Dataset.<init>(Dataset.scala:437)
	at org.apache.spark.sql.classic.Dataset.<init>(Dataset.scala:417)
	at org.apache.spark.sql.hive.thriftserver.SparkExecuteStatementOperation.getOrCreateDF(SparkExecuteStatementOperation.scala:738)
	at org.apache.spark.sql.hive.thriftserver.SparkExecuteStatementOperation.analyzeQuery(SparkExecuteStatementOperation.scala:765)
	at org.apache.spark.sql.hive.thriftserver.SparkExecuteStatementOperation.$anonfun$execute$6(SparkExecuteStatementOperation.scala:953)
	at org.apache.spark.util.Utils$.timeTakenMs(Utils.scala:599)
	at org.apache.spark.sql.hive.thriftserver.SparkExecuteStatementOperation.$anonfun$execute$1(SparkExecuteStatementOperation.scala:953)
	... 50 more
	Suppressed: org.apache.spark.SparkException: Job aborted due to stage failure: com.databricks.photon.PhotonException: Error class: InvalidInputSyntaxForNumericError. Parameters: long,100,000,000 .. 200,000,000
	at 0x4fd25d9 <photon>.InvalidInputSyntaxForNumericError(external/workspace_spark_4_1/photon/common/status.cc:367)
	at 0x4fd25d9 <photon>.OnInvalidInput(external/workspace_spark_4_1/photon/exprs/cast-functions.h:694)
	at 0x4fd21ea <photon>.ProjectBatch(external/workspace_spark_4_1/photon/exprs/compute-function.h:1092)
	at 0x4fd1d3f <photon>.Eval(external/workspace_spark_4_1/photon/exprs/unary-expr.h:122)
	at 0x415dbf4 <photon>.Eval(external/workspace_spark_4_1/photon/exprs/binary-expr.h:140)
	at 0x50800a8 <photon>.Eval(external/workspace_spark_4_1/photon/exprs/unary-expr.h:105)
	at 0x558bb94 <photon>.Eval(external/workspace_spark_4_1/photon/exprs/binary-expr.h:140)
	at 0x4717aa4 <photon>.Eval(external/workspace_spark_4_1/photon/exprs/binary-expr.h:140)
	at 0x29fc784 <photon>.NextImpl(external/workspace_spark_4_1/photon/exec-nodes/project-node.cc:97)
	at 0x289cb21 <photon>.Next(external/workspace_spark_4_1/photon/exec-nodes/exec-node.cc:227)
	at 0x29a9c36 <photon>.ConsumeInputUntilGeneratorHasNext(external/workspace_spark_4_1/photon/exec-nodes/generate-node.cc:214)
	at 0x29a9a19 <photon>.NextImpl(external/workspace_spark_4_1/photon/exec-nodes/generate-node.cc:140)
	at 0x289cb21 <photon>.Next(external/workspace_spark_4_1/photon/exec-nodes/exec-node.cc:227)
	at 0x29a7beb <photon>.HasNextImpl(external/workspace_spark_4_1/photon/exec-nodes/filter-node.cc:155)
	at 0x289c7a2 <photon>.OpenImpl(external/workspace_spark_4_1/photon/exec-nodes/shuffle-sink-node.cc:263)
	at com.databricks.photon.JniApiImpl.open(Native Method)
	at com.databricks.photon.JniApi.open(JniApi.scala)
	at com.databricks.photon.JniExecNode.open(JniExecNode.java:93)
	at com.databricks.photon.PhotonPreShuffleResultHandler.$anonfun$getResultImpl$1(PhotonExec.scala:1459)
	at scala.runtime.java8.JFunction0$mcV$sp.apply(JFunction0$mcV$sp.scala:18)
	at com.databricks.photon.PhotonResultHandler.timeit(PhotonResultHandler.scala:33)
	at com.databricks.photon.PhotonResultHandler.timeit$(PhotonResultHandler.scala:31)
	at com.databricks.photon.PhotonPreShuffleResultHandler.timeit(PhotonExec.scala:1452)
	at com.databricks.photon.PhotonPreShuffleResultHandler.getResultImpl(PhotonExec.scala:1459)
	at com.databricks.photon.PhotonResultHandler.$anonfun$getResult$1(PhotonResultHandler.scala:74)
	at com.databricks.photon.PhotonResultHandler.com$databricks$photon$PhotonResultHandler$$convertPhotonOOMIfNeeded(PhotonResultHandler.scala:53)
	at com.databricks.photon.PhotonResultHandler.getResult(PhotonResultHandler.scala:74)
	at com.databricks.photon.PhotonResultHandler.getResult$(PhotonResultHandler.scala:63)
	at com.databricks.photon.PhotonPreShuffleResultHandler.getResult(PhotonExec.scala:1452)
	at com.databricks.photon.PhotonBasicEvaluatorFactory$PhotonBasicEvaluator$$anon$1.open(PhotonBasicEvaluatorFactory.scala:258)
	at com.databricks.photon.PhotonBasicEvaluatorFactory$PhotonBasicEvaluator$$anon$1.hasNextImpl(PhotonBasicEvaluatorFactory.scala:263)
	at com.databricks.photon.PhotonBasicEvaluatorFactory$PhotonBasicEvaluator$$anon$1.$anonfun$hasNext$1(PhotonBasicEvaluatorFactory.scala:283)
	at scala.runtime.java8.JFunction0$mcZ$sp.apply(JFunction0$mcZ$sp.scala:17)
	at org.apache.spark.TaskContext.runFuncAsBillable(TaskContext.scala:274)
	at com.databricks.photon.PhotonBasicEvaluatorFactory$PhotonBasicEvaluator$$anon$1.hasNext(PhotonBasicEvaluatorFactory.scala:283)
	at com.databricks.photon.CloseableIterator$$anon$10.hasNext(CloseableIterator.scala:211)
	at scala.collection.Iterator$$anon$9.hasNext(Iterator.scala:583)
	at scala.collection.Iterator$$anon$9.hasNext(Iterator.scala:583)
	at com.databricks.photon.MetadataOnlyShuffleWriter.write(MetadataOnlyShuffleWriter.scala:50)
	at org.apache.spark.shuffle.ShuffleWriteProcessor.write(ShuffleWriteProcessor.scala:58)
	at org.apache.spark.scheduler.ShuffleMapTask.$anonfun$runTask$7(ShuffleMapTask.scala:117)
	at com.databricks.spark.util.ExecutorFrameProfiler$.record(ExecutorFrameProfiler.scala:110)
	at org.apache.spark.scheduler.ShuffleMapTask.$anonfun$runTask$1(ShuffleMapTask.scala:112)
	at com.databricks.spark.util.ExecutorFrameProfiler$.record(ExecutorFrameProfiler.scala:110)
	at org.apache.spark.scheduler.ShuffleMapTask.runTask(ShuffleMapTask.scala:61)
	at org.apache.spark.scheduler.ShuffleMapTask.runTask(ShuffleMapTask.scala:42)
	at org.apache.spark.TaskContext.runTaskWithListeners(TaskContext.scala:233)
	at org.apache.spark.scheduler.Task.doRunTask(Task.scala:226)
	at org.apache.spark.scheduler.Task.$anonfun$run$6(Task.scala:182)
	at com.databricks.unity.UCSEphemeralState$Handle.runWith(UCSEphemeralState.scala:51)
	at com.databricks.unity.HandleImpl.runWith(UCSHandle.scala:128)
	at com.databricks.unity.HandleImpl.$anonfun$runWithAndClose$1(UCSHandle.scala:133)
	at scala.util.Using$.resource(Using.scala:296)
	at com.databricks.unity.HandleImpl.runWithAndClose(UCSHandle.scala:132)
	at org.apache.spark.scheduler.TaskExecutionUtils$.withUCHandleForTaskExecution(Task.scala:394)
	at org.apache.spark.scheduler.Task.$anonfun$run$3(Task.scala:176)
	at org.apache.spark.scheduler.TaskExecutionUtils$.withCredentialsForTaskExecution(Task.scala:371)
	at org.apache.spark.scheduler.Task.$anonfun$run$1(Task.scala:119)
	at com.databricks.spark.util.ExecutorFrameProfiler$.record(ExecutorFrameProfiler.scala:110)
	at org.apache.spark.scheduler.Task.run(Task.scala:114)
	at org.apache.spark.executor.Executor$TaskRunner.$anonfun$run$15(Executor.scala:1613)
	at org.apache.spark.util.SparkErrorUtils.tryWithSafeFinally(SparkErrorUtils.scala:86)
	at org.apache.spark.util.SparkErrorUtils.tryWithSafeFinally$(SparkErrorUtils.scala:83)
	at org.apache.spark.util.Utils$.tryWithSafeFinally(Utils.scala:118)
	at org.apache.spark.executor.Executor$TaskRunner.$anonfun$run$3(Executor.scala:1618)
	at scala.runtime.java8.JFunction0$mcV$sp.apply(JFunction0$mcV$sp.scala:18)
	at com.databricks.spark.util.ExecutorFrameProfiler$.record(ExecutorFrameProfiler.scala:110)
	at org.apache.spark.executor.Executor$TaskRunner.run(Executor.scala:1429)
	at com.databricks.aether.RDDTask.run(RDDTask.scala:296)
	at com.databricks.aether.worker.WorkerTaskAttemptThread.$anonfun$runInternal$1(AetherWorkerImpl.scala:406)
	at scala.runtime.java8.JFunction0$mcV$sp.apply(JFunction0$mcV$sp.scala:18)
	at com.databricks.aether.AetherInt64Gauge.scopedAdd(AetherServiceMetricImpls.scala:129)
	at com.databricks.aether.worker.WorkerTaskAttemptThread.runInternal(AetherWorkerImpl.scala:395)
	at com.databricks.aether.worker.WorkerTaskAttemptThread.run(AetherWorkerImpl.scala:371)
	at com.databricks.aether.FairBlockingQueue$SlotCountingRunnable.run(FairBlockingQueue.java:647)
	at java.base/java.util.concurrent.ThreadPoolExecutor.runWorker(ThreadPoolExecutor.java:1136)
	at java.base/java.util.concurrent.ThreadPoolExecutor$Worker.run(ThreadPoolExecutor.java:635)
	at java.base/java.lang.Thread.run(Thread.java:840)

		at org.apache.spark.scheduler.DAGScheduler.$anonfun$failJobAndIndependentStages$1(DAGScheduler.scala:6028)
		at scala.Option.getOrElse(Option.scala:201)
		at org.apache.spark.scheduler.DAGScheduler.failJobAndIndependentStages(DAGScheduler.scala:6026)
		at org.apache.spark.scheduler.DAGScheduler.$anonfun$abortStage$4(DAGScheduler.scala:5927)
		at org.apache.spark.scheduler.DAGScheduler.$anonfun$abortStage$4$adapted(DAGScheduler.scala:5914)
		at scala.collection.IterableOnceOps.foreach(IterableOnce.scala:619)
		at scala.collection.IterableOnceOps.foreach$(IterableOnce.scala:617)
		at scala.collection.AbstractIterable.foreach(Iterable.scala:935)
		at org.apache.spark.scheduler.DAGScheduler.$anonfun$abortStage$1(DAGScheduler.scala:5914)
		at scala.runtime.java8.JFunction0$mcV$sp.apply(JFunction0$mcV$sp.scala:18)
		at com.databricks.spark.util.FrameProfiler$.$anonfun$record$1(FrameProfiler.scala:114)
		at com.databricks.spark.util.FrameProfilerExporter$.maybeExportFrameProfiler(FrameProfilerExporter.scala:146)
		at com.databricks.spark.util.FrameProfiler$.record(FrameProfiler.scala:105)
		at org.apache.spark.scheduler.DAGScheduler.abortStage(DAGScheduler.scala:5903)
		at org.apache.spark.scheduler.DAGScheduler.$anonfun$handleTaskSetFailed$4(DAGScheduler.scala:2357)
		at org.apache.spark.scheduler.DAGScheduler.$anonfun$handleTaskSetFailed$4$adapted(DAGScheduler.scala:2344)
		at scala.Option.foreach(Option.scala:437)
		at org.apache.spark.scheduler.DAGScheduler.$anonfun$handleTaskSetFailed$1(DAGScheduler.scala:2344)
		at scala.runtime.java8.JFunction0$mcV$sp.apply(JFunction0$mcV$sp.scala:18)
		at com.databricks.spark.util.FrameProfiler$.$anonfun$record$1(FrameProfiler.scala:114)
		at com.databricks.spark.util.FrameProfilerExporter$.maybeExportFrameProfiler(FrameProfilerExporter.scala:146)
		at com.databricks.spark.util.FrameProfiler$.record(FrameProfiler.scala:105)
		at org.apache.spark.scheduler.DAGScheduler.handleTaskSetFailed(DAGScheduler.scala:2332)
		at org.apache.spark.scheduler.DAGSchedulerEventProcessLoop.doOnReceive(DAGScheduler.scala:6499)
		at org.apache.spark.scheduler.DAGSchedulerEventProcessLoop.liftedTree1$1(DAGScheduler.scala:6303)
		at org.apache.spark.scheduler.DAGSchedulerEventProcessLoop.onReceive(DAGScheduler.scala:6294)
		at org.apache.spark.scheduler.DAGSchedulerEventProcessLoop.onReceive(DAGScheduler.scala:6263)
		at org.apache.spark.util.EventLoop$$anon$1.run(EventLoop.scala:56)
	Caused by: com.databricks.photon.PhotonException: Error class: InvalidInputSyntaxForNumericError. Parameters: long,100,000,000 .. 200,000,000
		at 0x4fd25d9 <photon>.InvalidInputSyntaxForNumericError(external/workspace_spark_4_1/photon/common/status.cc:367)
		at 0x4fd25d9 <photon>.OnInvalidInput(external/workspace_spark_4_1/photon/exprs/cast-functions.h:694)
		at 0x4fd21ea <photon>.ProjectBatch(external/workspace_spark_4_1/photon/exprs/compute-function.h:1092)
		at 0x4fd1d3f <photon>.Eval(external/workspace_spark_4_1/photon/exprs/unary-expr.h:122)
		at 0x415dbf4 <photon>.Eval(external/workspace_spark_4_1/photon/exprs/binary-expr.h:140)
		at 0x50800a8 <photon>.Eval(external/workspace_spark_4_1/photon/exprs/unary-expr.h:105)
		at 0x558bb94 <photon>.Eval(external/workspace_spark_4_1/photon/exprs/binary-expr.h:140)
		at 0x4717aa4 <photon>.Eval(external/workspace_spark_4_1/photon/exprs/binary-expr.h:140)
		at 0x29fc784 <photon>.NextImpl(external/workspace_spark_4_1/photon/exec-nodes/project-node.cc:97)
		at 0x289cb21 <photon>.Next(external/workspace_spark_4_1/photon/exec-nodes/exec-node.cc:227)
		at 0x29a9c36 <photon>.ConsumeInputUntilGeneratorHasNext(external/workspace_spark_4_1/photon/exec-nodes/generate-node.cc:214)
		at 0x29a9a19 <photon>.NextImpl(external/workspace_spark_4_1/photon/exec-nodes/generate-node.cc:140)
		at 0x289cb21 <photon>.Next(external/workspace_spark_4_1/photon/exec-nodes/exec-node.cc:227)
		at 0x29a7beb <photon>.HasNextImpl(external/workspace_spark_4_1/photon/exec-nodes/filter-node.cc:155)
		at 0x289c7a2 <photon>.OpenImpl(external/workspace_spark_4_1/photon/exec-nodes/shuffle-sink-node.cc:263)
		at com.databricks.photon.JniApiImpl.open(Native Method)
		at com.databricks.photon.JniApi.open(JniApi.scala)
		at com.databricks.photon.JniExecNode.open(JniExecNode.java:93)
		at com.databricks.photon.PhotonPreShuffleResultHandler.$anonfun$getResultImpl$1(PhotonExec.scala:1459)
		at scala.runtime.java8.JFunction0$mcV$sp.apply(JFunction0$mcV$sp.scala:18)
		at com.databricks.photon.PhotonResultHandler.timeit(PhotonResultHandler.scala:33)
		at com.databricks.photon.PhotonResultHandler.timeit$(PhotonResultHandler.scala:31)
		at com.databricks.photon.PhotonPreShuffleResultHandler.timeit(PhotonExec.scala:1452)
		at com.databricks.photon.PhotonPreShuffleResultHandler.getResultImpl(PhotonExec.scala:1459)
		at com.databricks.photon.PhotonResultHandler.$anonfun$getResult$1(PhotonResultHandler.scala:74)
		at com.databricks.photon.PhotonResultHandler.com$databricks$photon$PhotonResultHandler$$convertPhotonOOMIfNeeded(PhotonResultHandler.scala:53)
		at com.databricks.photon.PhotonResultHandler.getResult(PhotonResultHandler.scala:74)
		at com.databricks.photon.PhotonResultHandler.getResult$(PhotonResultHandler.scala:63)
		at com.databricks.photon.PhotonPreShuffleResultHandler.getResult(PhotonExec.scala:1452)
		at com.databricks.photon.PhotonBasicEvaluatorFactory$PhotonBasicEvaluator$$anon$1.open(PhotonBasicEvaluatorFactory.scala:258)
		at com.databricks.photon.PhotonBasicEvaluatorFactory$PhotonBasicEvaluator$$anon$1.hasNextImpl(PhotonBasicEvaluatorFactory.scala:263)
		at com.databricks.photon.PhotonBasicEvaluatorFactory$PhotonBasicEvaluator$$anon$1.$anonfun$hasNext$1(PhotonBasicEvaluatorFactory.scala:283)
		at scala.runtime.java8.JFunction0$mcZ$sp.apply(JFunction0$mcZ$sp.scala:17)
		at org.apache.spark.TaskContext.runFuncAsBillable(TaskContext.scala:274)
		at com.databricks.photon.PhotonBasicEvaluatorFactory$PhotonBasicEvaluator$$anon$1.hasNext(PhotonBasicEvaluatorFactory.scala:283)
		at com.databricks.photon.CloseableIterator$$anon$10.hasNext(CloseableIterator.scala:211)
		at scala.collection.Iterator$$anon$9.hasNext(Iterator.scala:583)
		at scala.collection.Iterator$$anon$9.hasNext(Iterator.scala:583)
		at com.databricks.photon.MetadataOnlyShuffleWriter.write(MetadataOnlyShuffleWriter.scala:50)
		at org.apache.spark.shuffle.ShuffleWriteProcessor.write(ShuffleWriteProcessor.scala:58)
		at org.apache.spark.scheduler.ShuffleMapTask.$anonfun$runTask$7(ShuffleMapTask.scala:117)
		at com.databricks.spark.util.ExecutorFrameProfiler$.record(ExecutorFrameProfiler.scala:110)
		at org.apache.spark.scheduler.ShuffleMapTask.$anonfun$runTask$1(ShuffleMapTask.scala:112)
		at com.databricks.spark.util.ExecutorFrameProfiler$.record(ExecutorFrameProfiler.scala:110)
		at org.apache.spark.scheduler.ShuffleMapTask.runTask(ShuffleMapTask.scala:61)
		at org.apache.spark.scheduler.ShuffleMapTask.runTask(ShuffleMapTask.scala:42)
		at org.apache.spark.TaskContext.runTaskWithListeners(TaskContext.scala:233)
		at org.apache.spark.scheduler.Task.doRunTask(Task.scala:226)
		at org.apache.spark.scheduler.Task.$anonfun$run$6(Task.scala:182)
		at com.databricks.unity.UCSEphemeralState$Handle.runWith(UCSEphemeralState.scala:51)
		at com.databricks.unity.HandleImpl.runWith(UCSHandle.scala:128)
		at com.databricks.unity.HandleImpl.$anonfun$runWithAndClose$1(UCSHandle.scala:133)
		at scala.util.Using$.resource(Using.scala:296)
		at com.databricks.unity.HandleImpl.runWithAndClose(UCSHandle.scala:132)
		at org.apache.spark.scheduler.TaskExecutionUtils$.withUCHandleForTaskExecution(Task.scala:394)
		at org.apache.spark.scheduler.Task.$anonfun$run$3(Task.scala:176)
		at org.apache.spark.scheduler.TaskExecutionUtils$.withCredentialsForTaskExecution(Task.scala:371)
		at org.apache.spark.scheduler.Task.$anonfun$run$1(Task.scala:119)
		at com.databricks.spark.util.ExecutorFrameProfiler$.record(ExecutorFrameProfiler.scala:110)
		at org.apache.spark.scheduler.Task.run(Task.scala:114)
		at org.apache.spark.executor.Executor$TaskRunner.$anonfun$run$15(Executor.scala:1613)
		at org.apache.spark.util.SparkErrorUtils.tryWithSafeFinally(SparkErrorUtils.scala:86)
		at org.apache.spark.util.SparkErrorUtils.tryWithSafeFinally$(SparkErrorUtils.scala:83)
		at org.apache.spark.util.Utils$.tryWithSafeFinally(Utils.scala:118)
		at org.apache.spark.executor.Executor$TaskRunner.$anonfun$run$3(Executor.scala:1618)
		at scala.runtime.java8.JFunction0$mcV$sp.apply(JFunction0$mcV$sp.scala:18)
		at com.databricks.spark.util.ExecutorFrameProfiler$.record(ExecutorFrameProfiler.scala:110)
		at org.apache.spark.executor.Executor$TaskRunner.run(Executor.scala:1429)
		at com.databricks.aether.RDDTask.run(RDDTask.scala:296)
		at com.databricks.aether.worker.WorkerTaskAttemptThread.$anonfun$runInternal$1(AetherWorkerImpl.scala:406)
		at scala.runtime.java8.JFunction0$mcV$sp.apply(JFunction0$mcV$sp.scala:18)
		at com.databricks.aether.AetherInt64Gauge.scopedAdd(AetherServiceMetricImpls.scala:129)
		at com.databricks.aether.worker.WorkerTaskAttemptThread.runInternal(AetherWorkerImpl.scala:395)
		at com.databricks.aether.worker.WorkerTaskAttemptThread.run(AetherWorkerImpl.scala:371)
		at com.databricks.aether.FairBlockingQueue$SlotCountingRunnable.run(FairBlockingQueue.java:647)
		at java.base/java.util.concurrent.ThreadPoolExecutor.runWorker(ThreadPoolExecutor.java:1136)
		at java.base/java.util.concurrent.ThreadPoolExecutor$Worker.run(ThreadPoolExecutor.java:635)
		at java.base/java.lang.Thread.run(Thread.java:840)
, operation-id=01f17ba3-321d-1982-802c-a8ea4f730221
[0m16:33:50.954069 [debug] [Thread-5 (]: On model.dbt_steam_api.bridge_game_languages: Close
[0m16:33:50.962067 [debug] [Thread-5 (]: Databricks adapter: Connection(session-id=01f17ba3-3191-1f56-9d4b-20453db66909) - Closing
[0m16:33:51.184023 [debug] [Thread-5 (]: Database Error in model bridge_game_languages (models\staging\bridge_game_languages.sql)
  [CAST_INVALID_INPUT] The value '100,000,000 .. 200,000,000' of the type "STRING" cannot be cast to "BIGINT" because it is malformed. Correct the value as per the syntax, or change its target type. Use `try_cast` to tolerate malformed input and return NULL instead. SQLSTATE: 22018
  == SQL of VIEW workspace.raw_steam_staging.stg_steam_apps (line 27, position 16) ==
          ROUND((CAST(SPLIT_PART(owners, '-', 1) AS BIGINT) + CAST(SPLIT_PART(owners, '-', ...
                 ^^^^^^^^^^^^^^^^^^^^^^^^^^^^^^^^^^^^^^^^^^
  
  compiled code at target\run\dbt_steam_api\models\staging\bridge_game_languages.sql
[0m16:33:51.192064 [debug] [Thread-5 (]: Sending event: {'category': 'dbt', 'action': 'run_model', 'label': '517a1d9f-5ead-418e-ae1a-55e82a4fde6d', 'context': [<snowplow_tracker.self_describing_json.SelfDescribingJson object at 0x000002094068D280>]}
[0m16:33:51.192064 [error] [Thread-5 (]: 7 of 11 ERROR creating sql table model raw_steam_staging.bridge_game_languages . [[31mERROR[0m in 5.30s]
[0m16:33:51.200025 [debug] [Thread-5 (]: Finished running node model.dbt_steam_api.bridge_game_languages
[0m16:33:51.200025 [debug] [Thread-5 (]: Began running node model.dbt_steam_api.bridge_game_tags
[0m16:33:51.208024 [debug] [Thread-8 (]: Marking all children of 'model.dbt_steam_api.bridge_game_languages' to be skipped because of status 'error'.  Reason: Database Error in model bridge_game_languages (models\staging\bridge_game_languages.sql)
  [CAST_INVALID_INPUT] The value '100,000,000 .. 200,000,000' of the type "STRING" cannot be cast to "BIGINT" because it is malformed. Correct the value as per the syntax, or change its target type. Use `try_cast` to tolerate malformed input and return NULL instead. SQLSTATE: 22018
  == SQL of VIEW workspace.raw_steam_staging.stg_steam_apps (line 27, position 16) ==
          ROUND((CAST(SPLIT_PART(owners, '-', 1) AS BIGINT) + CAST(SPLIT_PART(owners, '-', ...
                 ^^^^^^^^^^^^^^^^^^^^^^^^^^^^^^^^^^^^^^^^^^
  
  compiled code at target\run\dbt_steam_api\models\staging\bridge_game_languages.sql.
[0m16:33:51.208024 [info ] [Thread-5 (]: 8 of 11 START sql table model raw_steam_staging.bridge_game_tags ............... [RUN]
[0m16:33:51.216026 [debug] [Thread-5 (]: Databricks adapter: DatabricksDBTConnection(session-id=None, name=model.dbt_steam_api.bridge_game_tags) - Creating connection
[0m16:33:51.224026 [debug] [Thread-5 (]: Acquiring new databricks connection 'model.dbt_steam_api.bridge_game_tags'
[0m16:33:51.224026 [debug] [Thread-5 (]: Began compiling node model.dbt_steam_api.bridge_game_tags
[0m16:33:51.251334 [debug] [Thread-5 (]: Writing injected SQL for node "model.dbt_steam_api.bridge_game_tags"
[0m16:33:51.251334 [debug] [Thread-5 (]: Began executing node model.dbt_steam_api.bridge_game_tags
[0m16:33:51.259359 [debug] [Thread-5 (]: MATERIALIZING TABLE
[0m16:33:51.267350 [debug] [Thread-5 (]: Using databricks connection "model.dbt_steam_api.bridge_game_tags"
[0m16:33:51.267350 [debug] [Thread-5 (]: On model.dbt_steam_api.bridge_game_tags: /* {"app": "dbt", "dbt_version": "1.11.12", "dbt_databricks_version": "1.12.1", "databricks_sql_connector_version": "4.2.6", "profile_name": "databricks_free", "target_name": "dev", "invocation_id": "517a1d9f-5ead-418e-ae1a-55e82a4fde6d", "node_id": "model.dbt_steam_api.bridge_game_tags"} */
SELECT
    table_catalog,
    table_schema,
    table_name,
    filter_name,
    target_columns
  FROM `workspace`.`information_schema`.`row_filters`
  WHERE table_catalog = 'workspace'
    AND table_schema = 'raw_steam_staging'
    AND table_name = 'bridge_game_tags'
[0m16:33:51.267350 [debug] [Thread-5 (]: Opening a new connection, currently in state init
[0m16:33:52.282245 [debug] [Thread-5 (]: Databricks adapter: Connection(session-id=01f17ba3-34bb-119e-a2a3-673271ea28c2) - Created
[0m16:33:53.077620 [debug] [Thread-5 (]: SQL status: OK in 1.810 seconds
[0m16:33:53.094146 [debug] [Thread-5 (]: Databricks adapter: Cursor(session-id=01f17ba3-34bb-119e-a2a3-673271ea28c2, command-id=01f17ba3-34eb-134c-92f6-5c6ef8283571) - Closing
[0m16:33:53.102799 [debug] [Thread-5 (]: Writing runtime sql for node "model.dbt_steam_api.bridge_game_tags"
[0m16:33:53.111206 [debug] [Thread-5 (]: Using databricks connection "model.dbt_steam_api.bridge_game_tags"
[0m16:33:53.111206 [debug] [Thread-5 (]: On model.dbt_steam_api.bridge_game_tags: /* {"app": "dbt", "dbt_version": "1.11.12", "dbt_databricks_version": "1.12.1", "databricks_sql_connector_version": "4.2.6", "profile_name": "databricks_free", "target_name": "dev", "invocation_id": "517a1d9f-5ead-418e-ae1a-55e82a4fde6d", "node_id": "model.dbt_steam_api.bridge_game_tags"} */

  
    
        create or replace table `workspace`.`raw_steam_staging`.`bridge_game_tags`
      
      
    using delta
  
      
      
      
      
      
      
      
      
      as
      WITH exploded AS (
    SELECT
        appid,
        game_name,
        TRIM(tag) AS tag
    FROM `workspace`.`raw_steam_staging`.`stg_steam_apps`,
    LATERAL EXPLODE(tag_list) AS t(tag)
)

SELECT
    appid,
    game_name,
    tag,
    COUNT(*) OVER (PARTITION BY tag) AS games_with_tag
FROM exploded
WHERE tag IS NOT NULL AND tag != ''
  
[0m16:33:57.481062 [debug] [Thread-5 (]: SQL status: OK in 4.360 seconds
[0m16:33:57.489072 [debug] [Thread-5 (]: Databricks adapter: Cursor(session-id=01f17ba3-34bb-119e-a2a3-673271ea28c2, command-id=01f17ba3-356a-1518-bd67-2b81287aa52d) - Closing
[0m16:33:57.489072 [debug] [Thread-5 (]: Applying tags to relation None
[0m16:33:57.497499 [debug] [Thread-5 (]: On model.dbt_steam_api.bridge_game_tags: Close
[0m16:33:57.497499 [debug] [Thread-5 (]: Databricks adapter: Connection(session-id=01f17ba3-34bb-119e-a2a3-673271ea28c2) - Closing
[0m16:33:57.693797 [debug] [Thread-5 (]: Sending event: {'category': 'dbt', 'action': 'run_model', 'label': '517a1d9f-5ead-418e-ae1a-55e82a4fde6d', 'context': [<snowplow_tracker.self_describing_json.SelfDescribingJson object at 0x000002094068D790>]}
[0m16:33:57.693797 [info ] [Thread-5 (]: 8 of 11 OK created sql table model raw_steam_staging.bridge_game_tags .......... [[32mOK[0m in 6.48s]
[0m16:33:57.702377 [debug] [Thread-5 (]: Finished running node model.dbt_steam_api.bridge_game_tags
[0m16:33:57.710379 [debug] [Thread-5 (]: Began running node model.dbt_steam_api.dim_games
[0m16:33:57.710379 [info ] [Thread-5 (]: 9 of 11 START sql table model raw_steam_staging.dim_games ...................... [RUN]
[0m16:33:57.718383 [debug] [Thread-5 (]: Databricks adapter: DatabricksDBTConnection(session-id=None, name=model.dbt_steam_api.dim_games) - Creating connection
[0m16:33:57.718383 [debug] [Thread-5 (]: Acquiring new databricks connection 'model.dbt_steam_api.dim_games'
[0m16:33:57.726378 [debug] [Thread-5 (]: Began compiling node model.dbt_steam_api.dim_games
[0m16:33:57.742373 [debug] [Thread-5 (]: Writing injected SQL for node "model.dbt_steam_api.dim_games"
[0m16:33:57.750373 [debug] [Thread-5 (]: Began executing node model.dbt_steam_api.dim_games
[0m16:33:57.767154 [debug] [Thread-5 (]: MATERIALIZING TABLE
[0m16:33:57.776130 [debug] [Thread-5 (]: Using databricks connection "model.dbt_steam_api.dim_games"
[0m16:33:57.776130 [debug] [Thread-5 (]: On model.dbt_steam_api.dim_games: /* {"app": "dbt", "dbt_version": "1.11.12", "dbt_databricks_version": "1.12.1", "databricks_sql_connector_version": "4.2.6", "profile_name": "databricks_free", "target_name": "dev", "invocation_id": "517a1d9f-5ead-418e-ae1a-55e82a4fde6d", "node_id": "model.dbt_steam_api.dim_games"} */
SELECT
    table_catalog,
    table_schema,
    table_name,
    filter_name,
    target_columns
  FROM `workspace`.`information_schema`.`row_filters`
  WHERE table_catalog = 'workspace'
    AND table_schema = 'raw_steam_staging'
    AND table_name = 'dim_games'
[0m16:33:57.776130 [debug] [Thread-5 (]: Opening a new connection, currently in state init
[0m16:33:58.875693 [debug] [Thread-5 (]: Databricks adapter: Connection(session-id=01f17ba3-38a1-1e27-bac9-1d1260139f1b) - Created
[0m16:33:59.559566 [debug] [Thread-5 (]: SQL status: OK in 1.780 seconds
[0m16:33:59.584505 [debug] [Thread-5 (]: Databricks adapter: Cursor(session-id=01f17ba3-38a1-1e27-bac9-1d1260139f1b, command-id=01f17ba3-38d7-18e8-9d6a-41426069bb6b) - Closing
[0m16:33:59.594676 [debug] [Thread-5 (]: Writing runtime sql for node "model.dbt_steam_api.dim_games"
[0m16:33:59.594676 [debug] [Thread-5 (]: Using databricks connection "model.dbt_steam_api.dim_games"
[0m16:33:59.603851 [debug] [Thread-5 (]: On model.dbt_steam_api.dim_games: /* {"app": "dbt", "dbt_version": "1.11.12", "dbt_databricks_version": "1.12.1", "databricks_sql_connector_version": "4.2.6", "profile_name": "databricks_free", "target_name": "dev", "invocation_id": "517a1d9f-5ead-418e-ae1a-55e82a4fde6d", "node_id": "model.dbt_steam_api.dim_games"} */

  
    
        create or replace table `workspace`.`raw_steam_staging`.`dim_games`
      
      
    using delta
  
      
      
      
      
      
      
      
      
      as
      SELECT
    appid,
    game_name,
    developer,
    publisher,
    price_tier,
    engagement_tier,
    success_category,
    tags,
    languages,
    genre,
    CURRENT_TIMESTAMP() AS loaded_at
FROM `workspace`.`raw_steam_staging`.`stg_steam_apps`
  
[0m16:34:04.306256 [debug] [Thread-5 (]: Databricks adapter: Exception while trying to execute query
/* {"app": "dbt", "dbt_version": "1.11.12", "dbt_databricks_version": "1.12.1", "databricks_sql_connector_version": "4.2.6", "profile_name": "databricks_free", "target_name": "dev", "invocation_id": "517a1d9f-5ead-418e-ae1a-55e82a4fde6d", "node_id": "model.dbt_steam_api.dim_games"} */

  
    
        create or replace table `workspace`.`raw_steam_staging`.`dim_games`
      
      
    using delta
  
      
      
      
      
      
      
      
      
      as
      SELECT
    appid,
    game_name,
    developer,
    publisher,
    price_tier,
    engagement_tier,
    success_category,
    tags,
    languages,
    genre,
    CURRENT_TIMESTAMP() AS loaded_at
FROM `workspace`.`raw_steam_staging`.`stg_steam_apps`
  
: [CAST_INVALID_INPUT] The value '100,000,000 .. 200,000,000' of the type "STRING" cannot be cast to "BIGINT" because it is malformed. Correct the value as per the syntax, or change its target type. Use `try_cast` to tolerate malformed input and return NULL instead. SQLSTATE: 22018
Error properties: diagnostic-info=org.apache.hive.service.cli.HiveSQLException: Error running query: [CAST_INVALID_INPUT] org.apache.spark.SparkNumberFormatException: [CAST_INVALID_INPUT] The value '100,000,000 .. 200,000,000' of the type "STRING" cannot be cast to "BIGINT" because it is malformed. Correct the value as per the syntax, or change its target type. Use `try_cast` to tolerate malformed input and return NULL instead. SQLSTATE: 22018
	at org.apache.spark.sql.hive.thriftserver.HiveThriftServerErrors$.runningQueryError(HiveThriftServerErrors.scala:58)
	at org.apache.spark.sql.hive.thriftserver.SparkExecuteStatementOperation.$anonfun$execute$1(SparkExecuteStatementOperation.scala:1184)
	at scala.runtime.java8.JFunction0$mcV$sp.apply(JFunction0$mcV$sp.scala:18)
	at com.databricks.unity.UCSEphemeralState$Handle.runWith(UCSEphemeralState.scala:51)
	at com.databricks.unity.HandleImpl.runWith(UCSHandle.scala:128)
	at org.apache.spark.sql.hive.thriftserver.SparkExecuteStatementOperation.org$apache$spark$sql$hive$thriftserver$SparkExecuteStatementOperation$$execute(SparkExecuteStatementOperation.scala:877)
	at org.apache.spark.sql.hive.thriftserver.SparkExecuteStatementOperation$$anon$2$$anon$3.$anonfun$run$6(SparkExecuteStatementOperation.scala:636)
	at scala.runtime.java8.JFunction0$mcV$sp.apply(JFunction0$mcV$sp.scala:18)
	at org.apache.spark.sql.execution.SQLExecution$.withRootExecution(SQLExecution.scala:1468)
	at org.apache.spark.sql.hive.thriftserver.SparkExecuteStatementOperation$$anon$2$$anon$3.$anonfun$run$3(SparkExecuteStatementOperation.scala:636)
	at scala.runtime.java8.JFunction0$mcV$sp.apply(JFunction0$mcV$sp.scala:18)
	at com.databricks.util.TracingSpanUtils$.withTracing(TracingSpanUtils.scala:251)
	at com.databricks.spark.util.DatabricksTracingHelper.withSpan(DatabricksSparkTracingHelper.scala:154)
	at com.databricks.spark.util.DBRTracing$.withSpan(DBRTracing.scala:87)
	at org.apache.spark.sql.hive.thriftserver.ThriftLocalProperties.$anonfun$withLocalProperties$18(ThriftLocalProperties.scala:366)
	at com.databricks.logging.AttributionContextTracing.$anonfun$withAttributionContext$1(AttributionContextTracing.scala:146)
	at com.databricks.logging.AttributionContext$.$anonfun$withValue$1(AttributionContext.scala:349)
	at scala.util.DynamicVariable.withValue(DynamicVariable.scala:59)
	at com.databricks.logging.AttributionContext$.withValue(AttributionContext.scala:345)
	at com.databricks.logging.AttributionContextTracing.withAttributionContext(AttributionContextTracing.scala:144)
	at com.databricks.logging.AttributionContextTracing.withAttributionContext$(AttributionContextTracing.scala:141)
	at com.databricks.spark.util.PublicDBLogging.withAttributionContext(DatabricksSparkUsageLogger.scala:29)
	at com.databricks.logging.AttributionContextTracing.withAttributionTags(AttributionContextTracing.scala:201)
	at com.databricks.logging.AttributionContextTracing.withAttributionTags$(AttributionContextTracing.scala:182)
	at com.databricks.spark.util.PublicDBLogging.withAttributionTags(DatabricksSparkUsageLogger.scala:29)
	at com.databricks.spark.util.PublicDBLogging.withAttributionTags0(DatabricksSparkUsageLogger.scala:108)
	at com.databricks.spark.util.DatabricksSparkUsageLogger.withAttributionTags(DatabricksSparkUsageLogger.scala:215)
	at com.databricks.spark.util.UsageLogging.$anonfun$withAttributionTags$1(UsageLogger.scala:668)
	at com.databricks.spark.util.UsageLogging$.withAttributionTags(UsageLogger.scala:780)
	at com.databricks.spark.util.UsageLogging$.withAttributionTags(UsageLogger.scala:789)
	at com.databricks.spark.util.UsageLogging.withAttributionTags(UsageLogger.scala:668)
	at com.databricks.spark.util.UsageLogging.withAttributionTags$(UsageLogger.scala:666)
	at org.apache.spark.sql.hive.thriftserver.SparkExecuteStatementOperation.withAttributionTags(SparkExecuteStatementOperation.scala:78)
	at org.apache.spark.sql.hive.thriftserver.ThriftLocalProperties.$anonfun$withLocalProperties$15(ThriftLocalProperties.scala:365)
	at com.databricks.spark.util.IdentityClaim$.withClaim(IdentityClaim.scala:48)
	at org.apache.spark.sql.hive.thriftserver.ThriftLocalProperties.withLocalProperties(ThriftLocalProperties.scala:360)
	at org.apache.spark.sql.hive.thriftserver.ThriftLocalProperties.withLocalProperties$(ThriftLocalProperties.scala:180)
	at org.apache.spark.sql.hive.thriftserver.SparkExecuteStatementOperation.withLocalProperties(SparkExecuteStatementOperation.scala:78)
	at org.apache.spark.sql.hive.thriftserver.SparkExecuteStatementOperation$$anon$2$$anon$3.$anonfun$run$2(SparkExecuteStatementOperation.scala:612)
	at scala.runtime.java8.JFunction0$mcV$sp.apply(JFunction0$mcV$sp.scala:18)
	at com.databricks.spark.util.DBRTracing$.withSpanFromParent(DBRTracing.scala:70)
	at org.apache.spark.sql.hive.thriftserver.SparkExecuteStatementOperation$$anon$2$$anon$3.run(SparkExecuteStatementOperation.scala:612)
	at org.apache.spark.sql.hive.thriftserver.SparkExecuteStatementOperation$$anon$2$$anon$3.run(SparkExecuteStatementOperation.scala:585)
	at java.base/java.security.AccessController.doPrivileged(AccessController.java:712)
	at java.base/javax.security.auth.Subject.doAs(Subject.java:439)
	at org.apache.hadoop.security.UserGroupInformation.doAs(UserGroupInformation.java:1953)
	at org.apache.spark.sql.hive.thriftserver.SparkExecuteStatementOperation$$anon$2.run(SparkExecuteStatementOperation.scala:650)
	at java.base/java.util.concurrent.Executors$RunnableAdapter.call(Executors.java:539)
	at java.base/java.util.concurrent.FutureTask.run(FutureTask.java:264)
	at java.base/java.util.concurrent.ThreadPoolExecutor.runWorker(ThreadPoolExecutor.java:1136)
	at java.base/java.util.concurrent.ThreadPoolExecutor$Worker.run(ThreadPoolExecutor.java:635)
	at java.base/java.lang.Thread.run(Thread.java:840)
Caused by: org.apache.spark.SparkNumberFormatException: [CAST_INVALID_INPUT] The value '100,000,000 .. 200,000,000' of the type "STRING" cannot be cast to "BIGINT" because it is malformed. Correct the value as per the syntax, or change its target type. Use `try_cast` to tolerate malformed input and return NULL instead. SQLSTATE: 22018
	at org.apache.spark.sql.errors.QueryExecutionErrors$.invalidInputInCastToNumberError(QueryExecutionErrors.scala:188)
	at com.databricks.photon.PhotonException$.getSparkException(PhotonException.scala:266)
	at com.databricks.photon.PhotonWriteResultHandler.getResult(PhotonWriteStageExec.scala:153)
	at com.databricks.photon.PhotonBasicEvaluatorFactory$PhotonBasicEvaluator$$anon$1.open(PhotonBasicEvaluatorFactory.scala:258)
	at com.databricks.photon.PhotonBasicEvaluatorFactory$PhotonBasicEvaluator$$anon$1.hasNextImpl(PhotonBasicEvaluatorFactory.scala:263)
	at com.databricks.photon.PhotonBasicEvaluatorFactory$PhotonBasicEvaluator$$anon$1.$anonfun$hasNext$1(PhotonBasicEvaluatorFactory.scala:283)
	at scala.runtime.java8.JFunction0$mcZ$sp.apply(JFunction0$mcZ$sp.scala:17)
	at org.apache.spark.TaskContext.runFuncAsBillable(TaskContext.scala:274)
	at com.databricks.photon.PhotonBasicEvaluatorFactory$PhotonBasicEvaluator$$anon$1.hasNext(PhotonBasicEvaluatorFactory.scala:283)
	at com.databricks.photon.CloseableIterator$$anon$10.hasNext(CloseableIterator.scala:211)
	at org.apache.spark.sql.execution.datasources.FileFormatWriter$.$anonfun$writeUsingPhoton$3(FileFormatWriter.scala:744)
	at org.apache.spark.scheduler.ResultTask.$anonfun$runTask$6(ResultTask.scala:107)
	at com.databricks.spark.util.ExecutorFrameProfiler$.record(ExecutorFrameProfiler.scala:110)
	at org.apache.spark.scheduler.ResultTask.$anonfun$runTask$1(ResultTask.scala:107)
	at com.databricks.spark.util.ExecutorFrameProfiler$.record(ExecutorFrameProfiler.scala:110)
	at org.apache.spark.scheduler.ResultTask.runTask(ResultTask.scala:66)
	at org.apache.spark.TaskContext.runTaskWithListeners(TaskContext.scala:233)
	at org.apache.spark.scheduler.Task.doRunTask(Task.scala:226)
	at org.apache.spark.scheduler.Task.$anonfun$run$6(Task.scala:182)
	at com.databricks.unity.UCSEphemeralState$Handle.runWith(UCSEphemeralState.scala:51)
	at com.databricks.unity.HandleImpl.runWith(UCSHandle.scala:128)
	at com.databricks.unity.HandleImpl.$anonfun$runWithAndClose$1(UCSHandle.scala:133)
	at scala.util.Using$.resource(Using.scala:296)
	at com.databricks.unity.HandleImpl.runWithAndClose(UCSHandle.scala:132)
	at org.apache.spark.scheduler.TaskExecutionUtils$.withUCHandleForTaskExecution(Task.scala:394)
	at org.apache.spark.scheduler.Task.$anonfun$run$3(Task.scala:176)
	at org.apache.spark.scheduler.TaskExecutionUtils$.withCredentialsForTaskExecution(Task.scala:371)
	at org.apache.spark.scheduler.Task.$anonfun$run$1(Task.scala:119)
	at com.databricks.spark.util.ExecutorFrameProfiler$.record(ExecutorFrameProfiler.scala:110)
	at org.apache.spark.scheduler.Task.run(Task.scala:114)
	at org.apache.spark.executor.Executor$TaskRunner.$anonfun$run$15(Executor.scala:1613)
	at org.apache.spark.util.SparkErrorUtils.tryWithSafeFinally(SparkErrorUtils.scala:86)
	at org.apache.spark.util.SparkErrorUtils.tryWithSafeFinally$(SparkErrorUtils.scala:83)
	at org.apache.spark.util.Utils$.tryWithSafeFinally(Utils.scala:118)
	at org.apache.spark.executor.Executor$TaskRunner.$anonfun$run$3(Executor.scala:1618)
	at scala.runtime.java8.JFunction0$mcV$sp.apply(JFunction0$mcV$sp.scala:18)
	at com.databricks.spark.util.ExecutorFrameProfiler$.record(ExecutorFrameProfiler.scala:110)
	at org.apache.spark.executor.Executor$TaskRunner.run(Executor.scala:1429)
	at com.databricks.aether.RDDTask.run(RDDTask.scala:296)
	at com.databricks.aether.worker.WorkerTaskAttemptThread.$anonfun$runInternal$1(AetherWorkerImpl.scala:406)
	at scala.runtime.java8.JFunction0$mcV$sp.apply(JFunction0$mcV$sp.scala:18)
	at com.databricks.aether.AetherInt64Gauge.scopedAdd(AetherServiceMetricImpls.scala:129)
	at com.databricks.aether.worker.WorkerTaskAttemptThread.runInternal(AetherWorkerImpl.scala:395)
	at com.databricks.aether.worker.WorkerTaskAttemptThread.run(AetherWorkerImpl.scala:371)
	at com.databricks.aether.FairBlockingQueue$SlotCountingRunnable.run(FairBlockingQueue.java:647)
	at java.base/java.util.concurrent.ThreadPoolExecutor.runWorker(ThreadPoolExecutor.java:1136)
	at java.base/java.util.concurrent.ThreadPoolExecutor$Worker.run(ThreadPoolExecutor.java:635)
	at java.base/java.lang.Thread.run(Thread.java:840)
	at org.apache.spark.scheduler.DAGScheduler.$anonfun$runJob$1(DAGScheduler.scala:1894)
	at scala.runtime.java8.JFunction0$mcV$sp.apply(JFunction0$mcV$sp.scala:18)
	at com.databricks.spark.util.FrameProfiler$.$anonfun$record$1(FrameProfiler.scala:114)
	at com.databricks.spark.util.FrameProfilerExporter$.maybeExportFrameProfiler(FrameProfilerExporter.scala:146)
	at com.databricks.spark.util.FrameProfiler$.record(FrameProfiler.scala:105)
	at org.apache.spark.scheduler.DAGScheduler.runJob(DAGScheduler.scala:1878)
	at org.apache.spark.SparkContext.runJobInternal(SparkContext.scala:3457)
	at org.apache.spark.SparkContext.runJob(SparkContext.scala:3438)
	at org.apache.spark.sql.execution.datasources.FileFormatWriter$.$anonfun$writeUsingPhoton$2(FileFormatWriter.scala:741)
	at org.apache.spark.sql.execution.datasources.FileFormatWriter$.ignoreMaxResultLimit(FileFormatWriter.scala:942)
	at org.apache.spark.sql.execution.datasources.FileFormatWriter$.$anonfun$writeUsingPhoton$1(FileFormatWriter.scala:739)
	at org.apache.spark.sql.catalyst.MetricKeyUtils$.measureMs(MetricKey.scala:2646)
	at org.apache.spark.sql.execution.datasources.FileFormatWriter$.writeUsingPhoton(FileFormatWriter.scala:739)
	at org.apache.spark.sql.execution.datasources.FileFormatWriter$.$anonfun$write$23(FileFormatWriter.scala:336)
	at org.apache.spark.sql.execution.datasources.FileFormatWriter$.writeAndCommit(FileFormatWriter.scala:459)
	at org.apache.spark.sql.execution.datasources.FileFormatWriter$.$anonfun$write$1(FileFormatWriter.scala:324)
	at com.databricks.spark.util.FrameProfiler$.$anonfun$record$1(FrameProfiler.scala:114)
	at com.databricks.spark.util.FrameProfilerExporter$.maybeExportFrameProfiler(FrameProfilerExporter.scala:146)
	at com.databricks.spark.util.FrameProfiler$.record(FrameProfiler.scala:105)
	at org.apache.spark.sql.execution.datasources.FileFormatWriter$.write(FileFormatWriter.scala:131)
	at com.databricks.sql.transaction.tahoe.commands.WriteIntoDeltaCommand.run(WriteIntoDeltaCommand.scala:103)
	at org.apache.spark.sql.execution.command.DataWritingCommandExec.$anonfun$sideEffectResult$5(commands.scala:140)
	at org.apache.spark.sql.execution.SparkPlan.runCommandInAetherOrSpark(SparkPlan.scala:202)
	at org.apache.spark.sql.execution.command.DataWritingCommandExec.$anonfun$sideEffectResult$4(commands.scala:140)
	at com.databricks.spark.util.FrameProfiler$.$anonfun$record$1(FrameProfiler.scala:114)
	at com.databricks.spark.util.FrameProfilerExporter$.maybeExportFrameProfiler(FrameProfilerExporter.scala:146)
	at com.databricks.spark.util.FrameProfiler$.record(FrameProfiler.scala:105)
	at org.apache.spark.sql.execution.command.DataWritingCommandExec.sideEffectResult$lzycompute(commands.scala:136)
	at org.apache.spark.sql.execution.command.DataWritingCommandExec.sideEffectResult(commands.scala:135)
	at org.apache.spark.sql.execution.command.DataWritingCommandExec.executeCollect(commands.scala:152)
	at com.databricks.sql.transaction.tahoe.files.TransactionalWriteEdge.$anonfun$writeFilesAndGetQueryExecution$26(TransactionalWriteEdge.scala:842)
	at org.apache.spark.sql.execution.SQLExecution$.$anonfun$withNewExecutionId0$23(SQLExecution.scala:1115)
	at com.databricks.sql.util.MemoryTrackerHelper.withMemoryTracking(MemoryTrackerHelper.scala:111)
	at org.apache.spark.sql.execution.SQLExecution$.$anonfun$withNewExecutionId0$21(SQLExecution.scala:1035)
	at com.databricks.unity.UCSManager$.withTemporaryScope(UCSManager.scala:168)
	at org.apache.spark.sql.execution.SQLExecution$.$anonfun$withNewExecutionId0$20(SQLExecution.scala:937)
	at org.apache.spark.sql.execution.SQLExecution$.withSessionTagsApplied(SQLExecution.scala:1542)
	at org.apache.spark.sql.execution.SQLExecution$.$anonfun$withNewExecutionId0$19(SQLExecution.scala:926)
	at org.apache.spark.JobArtifactSet$.withActiveJobArtifactState(JobArtifactSet.scala:97)
	at org.apache.spark.sql.artifact.ArtifactManager.$anonfun$withResources$1(ArtifactManager.scala:124)
	at org.apache.spark.sql.artifact.ArtifactManager.withClassLoaderIfNeeded(ArtifactManager.scala:118)
	at org.apache.spark.sql.artifact.ArtifactManager.withResources(ArtifactManager.scala:123)
	at org.apache.spark.sql.execution.SQLExecution$.$anonfun$withNewExecutionId0$18(SQLExecution.scala:926)
	at org.apache.spark.sql.execution.SQLExecution$.withSQLConfPropagated(SQLExecution.scala:1577)
	at org.apache.spark.sql.execution.SQLExecution$.$anonfun$withNewExecutionId0$1(SQLExecution.scala:925)
	at org.apache.spark.sql.SparkSession.withActive(SparkSession.scala:866)
	at org.apache.spark.sql.execution.SQLExecution$.withNewExecutionId0(SQLExecution.scala:659)
	at org.apache.spark.sql.execution.SQLExecution$.withNewExecutionId(SQLExecution.scala:1495)
	at com.databricks.sql.transaction.tahoe.files.TransactionalWriteEdge.$anonfun$writeFilesAndGetQueryExecution$1(TransactionalWriteEdge.scala:836)
	at com.databricks.sql.transaction.tahoe.metering.DeltaLogging.withOperationTypeTag(DeltaLogging.scala:854)
	at com.databricks.sql.transaction.tahoe.metering.DeltaLogging.withOperationTypeTag$(DeltaLogging.scala:841)
	at com.databricks.sql.transaction.tahoe.OptimisticTransaction.withOperationTypeTag(OptimisticTransaction.scala:269)
	at com.databricks.sql.transaction.tahoe.metering.DeltaLogging.$anonfun$recordDeltaOperationInternal$2(DeltaLogging.scala:527)
	at com.databricks.spark.util.FrameProfiler$.$anonfun$record$1(FrameProfiler.scala:114)
	at com.databricks.spark.util.FrameProfilerExporter$.maybeExportFrameProfiler(FrameProfilerExporter.scala:146)
	at com.databricks.spark.util.FrameProfiler$.record(FrameProfiler.scala:105)
	at com.databricks.sql.transaction.tahoe.metering.DeltaLogging.recordFrameProfileWithCallSite(DeltaLogging.scala:969)
	at com.databricks.sql.transaction.tahoe.metering.DeltaLogging.recordFrameProfileWithCallSite$(DeltaLogging.scala:966)
	at com.databricks.sql.transaction.tahoe.OptimisticTransaction.recordFrameProfileWithCallSite(OptimisticTransaction.scala:269)
	at com.databricks.sql.transaction.tahoe.metering.DeltaLogging.$anonfun$recordDeltaOperationInternal$1(DeltaLogging.scala:526)
	at com.databricks.logging.UsageLogging.$anonfun$recordOperation$1(UsageLogging.scala:531)
	at com.databricks.logging.UsageLogging.executeThunkAndCaptureResultTags$1(UsageLogging.scala:669)
	at com.databricks.logging.UsageLogging.$anonfun$recordOperationWithResultTags$6(UsageLogging.scala:696)
	at com.databricks.logging.AttributionContextTracing.$anonfun$withAttributionContext$1(AttributionContextTracing.scala:146)
	at com.databricks.logging.AttributionContext$.$anonfun$withValue$1(AttributionContext.scala:349)
	at scala.util.DynamicVariable.withValue(DynamicVariable.scala:59)
	at com.databricks.logging.AttributionContext$.withValue(AttributionContext.scala:345)
	at com.databricks.logging.AttributionContextTracing.withAttributionContext(AttributionContextTracing.scala:144)
	at com.databricks.logging.AttributionContextTracing.withAttributionContext$(AttributionContextTracing.scala:141)
	at com.databricks.spark.util.PublicDBLogging.withAttributionContext(DatabricksSparkUsageLogger.scala:29)
	at com.databricks.logging.AttributionContextTracing.withAttributionTags(AttributionContextTracing.scala:201)
	at com.databricks.logging.AttributionContextTracing.withAttributionTags$(AttributionContextTracing.scala:182)
	at com.databricks.spark.util.PublicDBLogging.withAttributionTags(DatabricksSparkUsageLogger.scala:29)
	at com.databricks.logging.UsageLogging.$anonfun$recordOperationWithResultTags$5(UsageLogging.scala:664)
	at com.databricks.logging.UsageLogging.withOtelSpanInContext$1(UsageLogging.scala:656)
	at com.databricks.logging.UsageLogging.recordOperationWithResultTags(UsageLogging.scala:659)
	at com.databricks.logging.UsageLogging.recordOperationWithResultTags$(UsageLogging.scala:540)
	at com.databricks.spark.util.PublicDBLogging.recordOperationWithResultTags(DatabricksSparkUsageLogger.scala:29)
	at com.databricks.logging.UsageLogging.recordOperation(UsageLogging.scala:532)
	at com.databricks.logging.UsageLogging.recordOperation$(UsageLogging.scala:496)
	at com.databricks.spark.util.PublicDBLogging.recordOperation(DatabricksSparkUsageLogger.scala:29)
	at com.databricks.spark.util.PublicDBLogging.recordOperation0(DatabricksSparkUsageLogger.scala:104)
	at com.databricks.spark.util.DatabricksSparkUsageLogger.recordOperation(DatabricksSparkUsageLogger.scala:193)
	at com.databricks.spark.util.UsageLogger.recordOperation(UsageLogger.scala:78)
	at com.databricks.spark.util.UsageLogger.recordOperation$(UsageLogger.scala:65)
	at com.databricks.spark.util.DatabricksSparkUsageLogger.recordOperation(DatabricksSparkUsageLogger.scala:152)
	at com.databricks.spark.util.UsageLogging.recordOperation(UsageLogger.scala:537)
	at com.databricks.spark.util.UsageLogging.recordOperation$(UsageLogger.scala:516)
	at com.databricks.sql.transaction.tahoe.OptimisticTransaction.recordOperation(OptimisticTransaction.scala:269)
	at com.databricks.sql.transaction.tahoe.metering.DeltaLogging.recordDeltaOperationInternal(DeltaLogging.scala:525)
	at com.databricks.sql.transaction.tahoe.metering.DeltaLogging.recordDeltaOperation(DeltaLogging.scala:515)
	at com.databricks.sql.transaction.tahoe.metering.DeltaLogging.recordDeltaOperation$(DeltaLogging.scala:504)
	at com.databricks.sql.transaction.tahoe.OptimisticTransaction.recordDeltaOperation(OptimisticTransaction.scala:269)
	at com.databricks.sql.transaction.tahoe.files.TransactionalWriteEdge.$anonfun$recordWriteFilesOperation$1(TransactionalWriteEdge.scala:363)
	at com.databricks.sql.acl.CheckPermissions$.$anonfun$trusted$2(CheckPermissions.scala:2757)
	at com.databricks.sql.util.ThreadLocalTagger.withTag(QueryTagger.scala:63)
	at com.databricks.sql.util.ThreadLocalTagger.withTag$(QueryTagger.scala:60)
	at com.databricks.sql.util.QueryTagger$.withTag(QueryTagger.scala:254)
	at com.databricks.sql.acl.CheckPermissions$.trusted(CheckPermissions.scala:2757)
	at com.databricks.sql.transaction.tahoe.files.TransactionalWriteEdge.recordWriteFilesOperation(TransactionalWriteEdge.scala:362)
	at com.databricks.sql.transaction.tahoe.files.TransactionalWriteEdge.writeFilesAndGetQueryExecution(TransactionalWriteEdge.scala:423)
	at com.databricks.sql.transaction.tahoe.files.TransactionalWriteEdge.writeFilesAndGetQueryExecution$(TransactionalWriteEdge.scala:413)
	at com.databricks.sql.transaction.tahoe.OptimisticTransaction.writeFilesAndGetQueryExecution(OptimisticTransaction.scala:269)
	at com.databricks.sql.transaction.tahoe.files.TransactionalWriteEdge.writeFilesAndGetExecutedPlan(TransactionalWriteEdge.scala:1055)
	at com.databricks.sql.transaction.tahoe.files.TransactionalWriteEdge.writeFilesAndGetExecutedPlan$(TransactionalWriteEdge.scala:1032)
	at com.databricks.sql.transaction.tahoe.OptimisticTransaction.writeFilesAndGetExecutedPlan(OptimisticTransaction.scala:269)
	at com.databricks.sql.transaction.tahoe.commands.ClusteredWriter.writeFilesWithoutClustering(ClusteredWriter.scala:1217)
	at com.databricks.sql.transaction.tahoe.commands.ClusteredWriter.runInternal(ClusteredWriter.scala:315)
	at com.databricks.sql.transaction.tahoe.commands.ClusteredWriter.runAndReturnMaterializationPlans(ClusteredWriter.scala:260)
	at com.databricks.sql.transaction.tahoe.commands.WriteIntoDeltaEdge.writeFilesAndGetMaterializationPlans(WriteIntoDeltaEdge.scala:954)
	at com.databricks.sql.transaction.tahoe.commands.WriteIntoDeltaEdge.writeAndReturnCommitDataAndMaterializationPlans(WriteIntoDeltaEdge.scala:834)
	at com.databricks.sql.transaction.tahoe.commands.WriteIntoDeltaEdge.writeAndReturnCommitData(WriteIntoDeltaEdge.scala:334)
	at com.databricks.sql.transaction.tahoe.commands.CreateDeltaTableCommand.doDeltaWrite$1(CreateDeltaTableCommand.scala:724)
	at com.databricks.sql.transaction.tahoe.commands.CreateDeltaTableCommand.handleCreateTableAsSelect(CreateDeltaTableCommand.scala:874)
	at com.databricks.sql.transaction.tahoe.commands.CreateDeltaTableCommand.$anonfun$handleCommit$1(CreateDeltaTableCommand.scala:459)
	at com.databricks.sql.transaction.tahoe.OptimisticTransaction$.withActive(OptimisticTransaction.scala:314)
	at com.databricks.sql.transaction.tahoe.commands.CreateDeltaTableCommand.handleCommit(CreateDeltaTableCommand.scala:439)
	at com.databricks.sql.transaction.tahoe.commands.CreateDeltaTableCommand.$anonfun$run$8(CreateDeltaTableCommand.scala:342)
	at com.databricks.sql.transaction.tahoe.metering.DeltaLogging.withOperationTypeTag(DeltaLogging.scala:854)
	at com.databricks.sql.transaction.tahoe.metering.DeltaLogging.withOperationTypeTag$(DeltaLogging.scala:841)
	at com.databricks.sql.transaction.tahoe.commands.CreateDeltaTableCommand.withOperationTypeTag(CreateDeltaTableCommand.scala:107)
	at com.databricks.sql.transaction.tahoe.metering.DeltaLogging.$anonfun$recordDeltaOperationInternal$2(DeltaLogging.scala:527)
	at com.databricks.spark.util.FrameProfiler$.$anonfun$record$1(FrameProfiler.scala:114)
	at com.databricks.spark.util.FrameProfilerExporter$.maybeExportFrameProfiler(FrameProfilerExporter.scala:146)
	at com.databricks.spark.util.FrameProfiler$.record(FrameProfiler.scala:105)
	at com.databricks.sql.transaction.tahoe.metering.DeltaLogging.recordFrameProfileWithCallSite(DeltaLogging.scala:969)
	at com.databricks.sql.transaction.tahoe.metering.DeltaLogging.recordFrameProfileWithCallSite$(DeltaLogging.scala:966)
	at com.databricks.sql.transaction.tahoe.commands.CreateDeltaTableCommand.recordFrameProfileWithCallSite(CreateDeltaTableCommand.scala:107)
	at com.databricks.sql.transaction.tahoe.metering.DeltaLogging.$anonfun$recordDeltaOperationInternal$1(DeltaLogging.scala:526)
	at com.databricks.logging.UsageLogging.$anonfun$recordOperation$1(UsageLogging.scala:531)
	at com.databricks.logging.UsageLogging.executeThunkAndCaptureResultTags$1(UsageLogging.scala:669)
	at com.databricks.logging.UsageLogging.$anonfun$recordOperationWithResultTags$6(UsageLogging.scala:696)
	at com.databricks.logging.AttributionContextTracing.$anonfun$withAttributionContext$1(AttributionContextTracing.scala:146)
	at com.databricks.logging.AttributionContext$.$anonfun$withValue$1(AttributionContext.scala:349)
	at scala.util.DynamicVariable.withValue(DynamicVariable.scala:59)
	at com.databricks.logging.AttributionContext$.withValue(AttributionContext.scala:345)
	at com.databricks.logging.AttributionContextTracing.withAttributionContext(AttributionContextTracing.scala:144)
	at com.databricks.logging.AttributionContextTracing.withAttributionContext$(AttributionContextTracing.scala:141)
	at com.databricks.spark.util.PublicDBLogging.withAttributionContext(DatabricksSparkUsageLogger.scala:29)
	at com.databricks.logging.AttributionContextTracing.withAttributionTags(AttributionContextTracing.scala:201)
	at com.databricks.logging.AttributionContextTracing.withAttributionTags$(AttributionContextTracing.scala:182)
	at com.databricks.spark.util.PublicDBLogging.withAttributionTags(DatabricksSparkUsageLogger.scala:29)
	at com.databricks.logging.UsageLogging.$anonfun$recordOperationWithResultTags$5(UsageLogging.scala:664)
	at com.databricks.logging.UsageLogging.withOtelSpanInContext$1(UsageLogging.scala:656)
	at com.databricks.logging.UsageLogging.recordOperationWithResultTags(UsageLogging.scala:659)
	at com.databricks.logging.UsageLogging.recordOperationWithResultTags$(UsageLogging.scala:540)
	at com.databricks.spark.util.PublicDBLogging.recordOperationWithResultTags(DatabricksSparkUsageLogger.scala:29)
	at com.databricks.logging.UsageLogging.recordOperation(UsageLogging.scala:532)
	at com.databricks.logging.UsageLogging.recordOperation$(UsageLogging.scala:496)
	at com.databricks.spark.util.PublicDBLogging.recordOperation(DatabricksSparkUsageLogger.scala:29)
	at com.databricks.spark.util.PublicDBLogging.recordOperation0(DatabricksSparkUsageLogger.scala:104)
	at com.databricks.spark.util.DatabricksSparkUsageLogger.recordOperation(DatabricksSparkUsageLogger.scala:193)
	at com.databricks.spark.util.UsageLogger.recordOperation(UsageLogger.scala:78)
	at com.databricks.spark.util.UsageLogger.recordOperation$(UsageLogger.scala:65)
	at com.databricks.spark.util.DatabricksSparkUsageLogger.recordOperation(DatabricksSparkUsageLogger.scala:152)
	at com.databricks.spark.util.UsageLogging.recordOperation(UsageLogger.scala:537)
	at com.databricks.spark.util.UsageLogging.recordOperation$(UsageLogger.scala:516)
	at com.databricks.sql.transaction.tahoe.commands.CreateDeltaTableCommand.recordOperation(CreateDeltaTableCommand.scala:107)
	at com.databricks.sql.transaction.tahoe.metering.DeltaLogging.recordDeltaOperationInternal(DeltaLogging.scala:525)
	at com.databricks.sql.transaction.tahoe.metering.DeltaLogging.recordDeltaOperation(DeltaLogging.scala:515)
	at com.databricks.sql.transaction.tahoe.metering.DeltaLogging.recordDeltaOperation$(DeltaLogging.scala:504)
	at com.databricks.sql.transaction.tahoe.commands.CreateDeltaTableCommand.recordDeltaOperation(CreateDeltaTableCommand.scala:107)
	at com.databricks.sql.transaction.tahoe.commands.CreateDeltaTableCommand.run(CreateDeltaTableCommand.scala:296)
	at com.databricks.sql.transaction.tahoe.catalog.AbstractDeltaCatalog.$anonfun$createDeltaTable$1(AbstractDeltaCatalog.scala:1005)
	at com.databricks.spark.util.FrameProfiler$.$anonfun$record$1(FrameProfiler.scala:114)
	at com.databricks.spark.util.FrameProfilerExporter$.maybeExportFrameProfiler(FrameProfilerExporter.scala:146)
	at com.databricks.spark.util.FrameProfiler$.record(FrameProfiler.scala:105)
	at com.databricks.sql.transaction.tahoe.metering.DeltaLogging.recordFrameProfileWithCallSite(DeltaLogging.scala:969)
	at com.databricks.sql.transaction.tahoe.metering.DeltaLogging.recordFrameProfileWithCallSite$(DeltaLogging.scala:966)
	at com.databricks.sql.transaction.tahoe.catalog.AbstractDeltaCatalog.recordFrameProfileWithCallSite(AbstractDeltaCatalog.scala:199)
	at com.databricks.sql.transaction.tahoe.catalog.AbstractDeltaCatalog.com$databricks$sql$transaction$tahoe$catalog$AbstractDeltaCatalog$$createDeltaTable(AbstractDeltaCatalog.scala:430)
	at com.databricks.sql.transaction.tahoe.catalog.AbstractDeltaCatalog$StagedDeltaTableV2.$anonfun$commitStagedChanges$1(AbstractDeltaCatalog.scala:2396)
	at com.databricks.spark.util.FrameProfiler$.$anonfun$record$1(FrameProfiler.scala:114)
	at com.databricks.spark.util.FrameProfilerExporter$.maybeExportFrameProfiler(FrameProfilerExporter.scala:146)
	at com.databricks.spark.util.FrameProfiler$.record(FrameProfiler.scala:105)
	at com.databricks.sql.transaction.tahoe.metering.DeltaLogging.recordFrameProfileWithCallSite(DeltaLogging.scala:969)
	at com.databricks.sql.transaction.tahoe.metering.DeltaLogging.recordFrameProfileWithCallSite$(DeltaLogging.scala:966)
	at com.databricks.sql.transaction.tahoe.catalog.AbstractDeltaCatalog.recordFrameProfileWithCallSite(AbstractDeltaCatalog.scala:199)
	at com.databricks.sql.transaction.tahoe.catalog.AbstractDeltaCatalog$StagedDeltaTableV2.commitStagedChanges(AbstractDeltaCatalog.scala:2377)
	at org.apache.spark.sql.execution.datasources.v2.DataSourceV2Utils$.commitStagedChanges(DataSourceV2Utils.scala:324)
	at org.apache.spark.sql.execution.datasources.v2.V2CreateTableAsSelectBaseExec.$anonfun$writeToTable$6(WriteToDataSourceV2Exec.scala:930)
	at scala.runtime.java8.JFunction0$mcV$sp.apply(JFunction0$mcV$sp.scala:18)
	at org.apache.spark.sql.execution.datasources.v2.WriteToDataSourceV2Exec$.handleConcurrentCreateExceptions(WriteToDataSourceV2Exec.scala:78)
	at org.apache.spark.sql.execution.datasources.v2.V2CreateTableAsSelectBaseExec.$anonfun$writeToTable$2(WriteToDataSourceV2Exec.scala:930)
	at org.apache.spark.util.Utils$.tryWithSafeFinallyAndFailureCallbacks(Utils.scala:1726)
	at org.apache.spark.sql.execution.datasources.v2.V2CreateTableAsSelectBaseExec.$anonfun$writeToTable$1(WriteToDataSourceV2Exec.scala:910)
	at com.databricks.spark.util.FrameProfiler$.$anonfun$record$1(FrameProfiler.scala:114)
	at com.databricks.spark.util.FrameProfilerExporter$.maybeExportFrameProfiler(FrameProfilerExporter.scala:146)
	at com.databricks.spark.util.FrameProfiler$.record(FrameProfiler.scala:105)
	at org.apache.spark.sql.execution.datasources.v2.V2CreateTableAsSelectBaseExec.writeToTable(WriteToDataSourceV2Exec.scala:934)
	at org.apache.spark.sql.execution.datasources.v2.V2CreateTableAsSelectBaseExec.writeToTable$(WriteToDataSourceV2Exec.scala:896)
	at org.apache.spark.sql.execution.datasources.v2.AtomicReplaceTableAsSelectExec.writeToTable(WriteToDataSourceV2Exec.scala:285)
	at org.apache.spark.sql.execution.datasources.v2.AtomicReplaceTableAsSelectExec.run(WriteToDataSourceV2Exec.scala:366)
	at org.apache.spark.sql.execution.datasources.v2.V2CommandExec.$anonfun$result$2(V2CommandExec.scala:48)
	at org.apache.spark.sql.execution.SparkPlan.runCommandInAetherOrSpark(SparkPlan.scala:202)
	at org.apache.spark.sql.execution.datasources.v2.V2CommandExec.$anonfun$result$1(V2CommandExec.scala:48)
	at com.databricks.spark.util.FrameProfiler$.$anonfun$record$1(FrameProfiler.scala:114)
	at com.databricks.spark.util.FrameProfilerExporter$.maybeExportFrameProfiler(FrameProfilerExporter.scala:146)
	at com.databricks.spark.util.FrameProfiler$.record(FrameProfiler.scala:105)
	at org.apache.spark.sql.execution.datasources.v2.V2CommandExec.result$lzycompute(V2CommandExec.scala:47)
	at org.apache.spark.sql.execution.datasources.v2.V2CommandExec.result(V2CommandExec.scala:45)
	at org.apache.spark.sql.execution.datasources.v2.V2CommandExec.executeCollect(V2CommandExec.scala:56)
	at org.apache.spark.sql.execution.QueryExecution$.$anonfun$runCommand$12(QueryExecution.scala:1969)
	at com.databricks.util.LexicalThreadLocal$Handle.runWith(LexicalThreadLocal.scala:63)
	at org.apache.spark.sql.execution.QueryExecution$.$anonfun$runCommand$11(QueryExecution.scala:1963)
	at com.databricks.util.LexicalThreadLocal$Handle.runWith(LexicalThreadLocal.scala:63)
	at org.apache.spark.sql.execution.QueryExecution$.executeWithCaches$1(QueryExecution.scala:1963)
	at org.apache.spark.sql.execution.QueryExecution$.$anonfun$runCommand$10(QueryExecution.scala:1969)
	at org.apache.spark.sql.catalyst.QueryPlanningTracker$.withTracker(QueryPlanningTracker.scala:266)
	at org.apache.spark.sql.execution.QueryExecution$.$anonfun$runCommand$9(QueryExecution.scala:1956)
	at org.apache.spark.sql.execution.SQLExecution$.$anonfun$withNewExecutionId0$23(SQLExecution.scala:1115)
	at com.databricks.sql.util.MemoryTrackerHelper.withMemoryTracking(MemoryTrackerHelper.scala:111)
	at org.apache.spark.sql.execution.SQLExecution$.$anonfun$withNewExecutionId0$21(SQLExecution.scala:1035)
	at com.databricks.unity.UCSManager$.withTemporaryScope(UCSManager.scala:168)
	at org.apache.spark.sql.execution.SQLExecution$.$anonfun$withNewExecutionId0$20(SQLExecution.scala:937)
	at org.apache.spark.sql.execution.SQLExecution$.withSessionTagsApplied(SQLExecution.scala:1542)
	at org.apache.spark.sql.execution.SQLExecution$.$anonfun$withNewExecutionId0$19(SQLExecution.scala:926)
	at org.apache.spark.JobArtifactSet$.withActiveJobArtifactState(JobArtifactSet.scala:97)
	at org.apache.spark.sql.artifact.ArtifactManager.$anonfun$withResources$1(ArtifactManager.scala:124)
	at org.apache.spark.sql.artifact.ArtifactManager.withClassLoaderIfNeeded(ArtifactManager.scala:118)
	at org.apache.spark.sql.artifact.ArtifactManager.withResources(ArtifactManager.scala:123)
	at org.apache.spark.sql.execution.SQLExecution$.$anonfun$withNewExecutionId0$18(SQLExecution.scala:926)
	at org.apache.spark.sql.execution.SQLExecution$.withSQLConfPropagated(SQLExecution.scala:1577)
	at org.apache.spark.sql.execution.SQLExecution$.$anonfun$withNewExecutionId0$1(SQLExecution.scala:925)
	at org.apache.spark.sql.SparkSession.withActive(SparkSession.scala:866)
	at org.apache.spark.sql.execution.SQLExecution$.withNewExecutionId0(SQLExecution.scala:659)
	at org.apache.spark.sql.execution.SQLExecution$.withNewExecutionId(SQLExecution.scala:1495)
	at org.apache.spark.sql.execution.QueryExecution$.$anonfun$runCommand$8(QueryExecution.scala:1956)
	at org.apache.spark.sql.execution.QueryExecution$.withInternalError(QueryExecution.scala:1821)
	at org.apache.spark.sql.execution.QueryExecution$.$anonfun$runCommand$7(QueryExecution.scala:1952)
	at org.apache.spark.sql.execution.QueryExecution.withMVTagsIfNecessary(QueryExecution.scala:709)
	at org.apache.spark.sql.execution.QueryExecution$.$anonfun$runCommand$4(QueryExecution.scala:1937)
	at scala.Option.map(Option.scala:242)
	at org.apache.spark.sql.execution.QueryExecution$.executeWithMVTags$1(QueryExecution.scala:1937)
	at org.apache.spark.sql.execution.QueryExecution$.runCommand(QueryExecution.scala:1950)
	at org.apache.spark.sql.execution.QueryExecution.org$apache$spark$sql$execution$QueryExecution$$eagerlyExecute$1(QueryExecution.scala:746)
	at org.apache.spark.sql.execution.QueryExecution$$anonfun$$nestedInanonfun$eagerlyExecuteCommands$1$1.applyOrElse(QueryExecution.scala:763)
	at org.apache.spark.sql.execution.QueryExecution$$anonfun$$nestedInanonfun$eagerlyExecuteCommands$1$1.applyOrElse(QueryExecution.scala:755)
	at org.apache.spark.sql.catalyst.trees.TreeNode.$anonfun$transformDownWithPruning$1(TreeNode.scala:610)
	at org.apache.spark.sql.catalyst.trees.CurrentOrigin$.withOrigin(origin.scala:142)
	at org.apache.spark.sql.catalyst.trees.TreeNode.transformDownWithPruning(TreeNode.scala:610)
	at org.apache.spark.sql.catalyst.plans.logical.LogicalPlan.org$apache$spark$sql$catalyst$plans$logical$AnalysisHelper$$super$transformDownWithPruning(LogicalPlan.scala:48)
	at org.apache.spark.sql.catalyst.plans.logical.AnalysisHelper.transformDownWithPruning(AnalysisHelper.scala:361)
	at org.apache.spark.sql.catalyst.plans.logical.AnalysisHelper.transformDownWithPruning$(AnalysisHelper.scala:357)
	at org.apache.spark.sql.catalyst.plans.logical.LogicalPlan.transformDownWithPruning(LogicalPlan.scala:48)
	at org.apache.spark.sql.catalyst.plans.logical.LogicalPlan.transformDownWithPruning(LogicalPlan.scala:48)
	at org.apache.spark.sql.catalyst.trees.TreeNode.transformDown(TreeNode.scala:586)
	at org.apache.spark.sql.execution.QueryExecution.$anonfun$eagerlyExecuteCommands$1(QueryExecution.scala:755)
	at org.apache.spark.sql.catalyst.plans.logical.AnalysisHelper$.allowInvokingTransformsInAnalyzer(AnalysisHelper.scala:418)
	at org.apache.spark.sql.execution.QueryExecution.eagerlyExecuteCommands(QueryExecution.scala:755)
	at org.apache.spark.sql.execution.QueryExecution.$anonfun$lazyCommandExecuted$1(QueryExecution.scala:665)
	at scala.util.Try$.apply(Try.scala:217)
	at org.apache.spark.util.Utils$.doTryWithCallerStacktrace(Utils.scala:1796)
	at org.apache.spark.util.Utils$.getTryWithCallerStacktrace(Utils.scala:1846)
	at org.apache.spark.util.LazyTry.get(LazyTry.scala:78)
	at org.apache.spark.sql.execution.QueryExecution.commandExecuted(QueryExecution.scala:670)
	at org.apache.spark.sql.classic.Dataset.<init>(Dataset.scala:437)
	at org.apache.spark.sql.classic.Dataset.<init>(Dataset.scala:417)
	at org.apache.spark.sql.hive.thriftserver.SparkExecuteStatementOperation.getOrCreateDF(SparkExecuteStatementOperation.scala:738)
	at org.apache.spark.sql.hive.thriftserver.SparkExecuteStatementOperation.analyzeQuery(SparkExecuteStatementOperation.scala:765)
	at org.apache.spark.sql.hive.thriftserver.SparkExecuteStatementOperation.$anonfun$execute$6(SparkExecuteStatementOperation.scala:953)
	at org.apache.spark.util.Utils$.timeTakenMs(Utils.scala:599)
	at org.apache.spark.sql.hive.thriftserver.SparkExecuteStatementOperation.$anonfun$execute$1(SparkExecuteStatementOperation.scala:953)
	... 50 more
	Suppressed: com.databricks.photon.PhotonException: Error class: InvalidInputSyntaxForNumericError. Parameters: long,100,000,000 .. 200,000,000
		at 0x4fd25d9 <photon>.InvalidInputSyntaxForNumericError(external/workspace_spark_4_1/photon/common/status.cc:367)
		at 0x4fd25d9 <photon>.OnInvalidInput(external/workspace_spark_4_1/photon/exprs/cast-functions.h:694)
		at 0x4fd21ea <photon>.ProjectBatch(external/workspace_spark_4_1/photon/exprs/compute-function.h:1092)
		at 0x4fd1d3f <photon>.Eval(external/workspace_spark_4_1/photon/exprs/unary-expr.h:122)
		at 0x415dbf4 <photon>.Eval(external/workspace_spark_4_1/photon/exprs/binary-expr.h:140)
		at 0x50800a8 <photon>.Eval(external/workspace_spark_4_1/photon/exprs/unary-expr.h:105)
		at 0x558bb94 <photon>.Eval(external/workspace_spark_4_1/photon/exprs/binary-expr.h:140)
		at 0x534bf27 <photon>.EvalImpl(external/workspace_spark_4_1/photon/exprs/binary-expr.h:191)
		at 0x402fdad <photon>.EvalImpl(external/workspace_spark_4_1/photon/exprs/case-when-expr.h:529)
		at 0x40ace68 <photon>.Eval(external/workspace_spark_4_1/photon/exprs/case-when-expr.h:428)
		at 0x29fc784 <photon>.NextImpl(external/workspace_spark_4_1/photon/exec-nodes/project-node.cc:97)
		at 0x289cb21 <photon>.Next(external/workspace_spark_4_1/photon/exec-nodes/exec-node.cc:227)
		at 0x299fa56 <photon>.OpenImpl(external/workspace_spark_4_1/photon/exec-nodes/file-writer-node.cc:234)
		at com.databricks.photon.JniApiImpl.open(Native Method)
		at com.databricks.photon.JniApi.open(JniApi.scala)
		at com.databricks.photon.JniExecNode.open(JniExecNode.java:93)
		at com.databricks.photon.PhotonWriteResultHandler.$anonfun$getResult$5(PhotonWriteStageExec.scala:136)
		at scala.runtime.java8.JFunction0$mcV$sp.apply(JFunction0$mcV$sp.scala:18)
		at com.databricks.photon.PhotonResultHandler.timeit(PhotonResultHandler.scala:33)
		at com.databricks.photon.PhotonResultHandler.timeit$(PhotonResultHandler.scala:31)
		at com.databricks.photon.PhotonWriteResultHandler.timeit(PhotonWriteStageExec.scala:69)
		at com.databricks.photon.PhotonWriteResultHandler.$anonfun$getResult$4(PhotonWriteStageExec.scala:136)
		at org.apache.spark.util.Utils$.tryWithSafeFinallyAndFailureCallbacks(Utils.scala:1726)
		at com.databricks.photon.PhotonWriteResultHandler.getResult(PhotonWriteStageExec.scala:133)
		at com.databricks.photon.PhotonBasicEvaluatorFactory$PhotonBasicEvaluator$$anon$1.open(PhotonBasicEvaluatorFactory.scala:258)
		at com.databricks.photon.PhotonBasicEvaluatorFactory$PhotonBasicEvaluator$$anon$1.hasNextImpl(PhotonBasicEvaluatorFactory.scala:263)
		at com.databricks.photon.PhotonBasicEvaluatorFactory$PhotonBasicEvaluator$$anon$1.$anonfun$hasNext$1(PhotonBasicEvaluatorFactory.scala:283)
		at scala.runtime.java8.JFunction0$mcZ$sp.apply(JFunction0$mcZ$sp.scala:17)
		at org.apache.spark.TaskContext.runFuncAsBillable(TaskContext.scala:274)
		at com.databricks.photon.PhotonBasicEvaluatorFactory$PhotonBasicEvaluator$$anon$1.hasNext(PhotonBasicEvaluatorFactory.scala:283)
		at com.databricks.photon.CloseableIterator$$anon$10.hasNext(CloseableIterator.scala:211)
		at org.apache.spark.sql.execution.datasources.FileFormatWriter$.$anonfun$writeUsingPhoton$3(FileFormatWriter.scala:744)
		at org.apache.spark.scheduler.ResultTask.$anonfun$runTask$6(ResultTask.scala:107)
		at com.databricks.spark.util.ExecutorFrameProfiler$.record(ExecutorFrameProfiler.scala:110)
		at org.apache.spark.scheduler.ResultTask.$anonfun$runTask$1(ResultTask.scala:107)
		at com.databricks.spark.util.ExecutorFrameProfiler$.record(ExecutorFrameProfiler.scala:110)
		at org.apache.spark.scheduler.ResultTask.runTask(ResultTask.scala:66)
		at org.apache.spark.TaskContext.runTaskWithListeners(TaskContext.scala:233)
		at org.apache.spark.scheduler.Task.doRunTask(Task.scala:226)
		at org.apache.spark.scheduler.Task.$anonfun$run$6(Task.scala:182)
		at com.databricks.unity.UCSEphemeralState$Handle.runWith(UCSEphemeralState.scala:51)
		at com.databricks.unity.HandleImpl.runWith(UCSHandle.scala:128)
		at com.databricks.unity.HandleImpl.$anonfun$runWithAndClose$1(UCSHandle.scala:133)
		at scala.util.Using$.resource(Using.scala:296)
		at com.databricks.unity.HandleImpl.runWithAndClose(UCSHandle.scala:132)
		at org.apache.spark.scheduler.TaskExecutionUtils$.withUCHandleForTaskExecution(Task.scala:394)
		at org.apache.spark.scheduler.Task.$anonfun$run$3(Task.scala:176)
		at org.apache.spark.scheduler.TaskExecutionUtils$.withCredentialsForTaskExecution(Task.scala:371)
		at org.apache.spark.scheduler.Task.$anonfun$run$1(Task.scala:119)
		at com.databricks.spark.util.ExecutorFrameProfiler$.record(ExecutorFrameProfiler.scala:110)
		at org.apache.spark.scheduler.Task.run(Task.scala:114)
		at org.apache.spark.executor.Executor$TaskRunner.$anonfun$run$15(Executor.scala:1613)
		at org.apache.spark.util.SparkErrorUtils.tryWithSafeFinally(SparkErrorUtils.scala:86)
		at org.apache.spark.util.SparkErrorUtils.tryWithSafeFinally$(SparkErrorUtils.scala:83)
		at org.apache.spark.util.Utils$.tryWithSafeFinally(Utils.scala:118)
		at org.apache.spark.executor.Executor$TaskRunner.$anonfun$run$3(Executor.scala:1618)
		at scala.runtime.java8.JFunction0$mcV$sp.apply(JFunction0$mcV$sp.scala:18)
		at com.databricks.spark.util.ExecutorFrameProfiler$.record(ExecutorFrameProfiler.scala:110)
		at org.apache.spark.executor.Executor$TaskRunner.run(Executor.scala:1429)
		at com.databricks.aether.RDDTask.run(RDDTask.scala:296)
		at com.databricks.aether.worker.WorkerTaskAttemptThread.$anonfun$runInternal$1(AetherWorkerImpl.scala:406)
		at scala.runtime.java8.JFunction0$mcV$sp.apply(JFunction0$mcV$sp.scala:18)
		at com.databricks.aether.AetherInt64Gauge.scopedAdd(AetherServiceMetricImpls.scala:129)
		at com.databricks.aether.worker.WorkerTaskAttemptThread.runInternal(AetherWorkerImpl.scala:395)
		at com.databricks.aether.worker.WorkerTaskAttemptThread.run(AetherWorkerImpl.scala:371)
		at com.databricks.aether.FairBlockingQueue$SlotCountingRunnable.run(FairBlockingQueue.java:647)
		... 3 more
, operation-id=01f17ba3-3946-1d5f-873d-15a7a674cb7a
[0m16:34:04.323112 [debug] [Thread-5 (]: On model.dbt_steam_api.dim_games: Close
[0m16:34:04.331715 [debug] [Thread-5 (]: Databricks adapter: Connection(session-id=01f17ba3-38a1-1e27-bac9-1d1260139f1b) - Closing
[0m16:34:04.547868 [debug] [Thread-5 (]: Database Error in model dim_games (models\staging\dim_games.sql)
  [CAST_INVALID_INPUT] The value '100,000,000 .. 200,000,000' of the type "STRING" cannot be cast to "BIGINT" because it is malformed. Correct the value as per the syntax, or change its target type. Use `try_cast` to tolerate malformed input and return NULL instead. SQLSTATE: 22018
  compiled code at target\run\dbt_steam_api\models\staging\dim_games.sql
[0m16:34:04.547868 [debug] [Thread-5 (]: Sending event: {'category': 'dbt', 'action': 'run_model', 'label': '517a1d9f-5ead-418e-ae1a-55e82a4fde6d', 'context': [<snowplow_tracker.self_describing_json.SelfDescribingJson object at 0x000002098074C530>]}
[0m16:34:04.555893 [error] [Thread-5 (]: 9 of 11 ERROR creating sql table model raw_steam_staging.dim_games ............. [[31mERROR[0m in 6.83s]
[0m16:34:04.555893 [debug] [Thread-5 (]: Finished running node model.dbt_steam_api.dim_games
[0m16:34:04.555893 [debug] [Thread-5 (]: Began running node model.dbt_steam_api.fct_game_performance
[0m16:34:04.555893 [debug] [Thread-8 (]: Marking all children of 'model.dbt_steam_api.dim_games' to be skipped because of status 'error'.  Reason: Database Error in model dim_games (models\staging\dim_games.sql)
  [CAST_INVALID_INPUT] The value '100,000,000 .. 200,000,000' of the type "STRING" cannot be cast to "BIGINT" because it is malformed. Correct the value as per the syntax, or change its target type. Use `try_cast` to tolerate malformed input and return NULL instead. SQLSTATE: 22018
  compiled code at target\run\dbt_steam_api\models\staging\dim_games.sql.
[0m16:34:04.564258 [info ] [Thread-5 (]: 10 of 11 START sql table model raw_steam_staging.fct_game_performance .......... [RUN]
[0m16:34:04.564258 [debug] [Thread-5 (]: Databricks adapter: DatabricksDBTConnection(session-id=None, name=model.dbt_steam_api.fct_game_performance) - Creating connection
[0m16:34:04.564258 [debug] [Thread-5 (]: Acquiring new databricks connection 'model.dbt_steam_api.fct_game_performance'
[0m16:34:04.564258 [debug] [Thread-5 (]: Began compiling node model.dbt_steam_api.fct_game_performance
[0m16:34:04.588458 [debug] [Thread-5 (]: Writing injected SQL for node "model.dbt_steam_api.fct_game_performance"
[0m16:34:04.596459 [debug] [Thread-5 (]: Began executing node model.dbt_steam_api.fct_game_performance
[0m16:34:04.606496 [debug] [Thread-5 (]: MATERIALIZING TABLE
[0m16:34:04.606496 [debug] [Thread-5 (]: Using databricks connection "model.dbt_steam_api.fct_game_performance"
[0m16:34:04.614746 [debug] [Thread-5 (]: On model.dbt_steam_api.fct_game_performance: /* {"app": "dbt", "dbt_version": "1.11.12", "dbt_databricks_version": "1.12.1", "databricks_sql_connector_version": "4.2.6", "profile_name": "databricks_free", "target_name": "dev", "invocation_id": "517a1d9f-5ead-418e-ae1a-55e82a4fde6d", "node_id": "model.dbt_steam_api.fct_game_performance"} */
SELECT
    table_catalog,
    table_schema,
    table_name,
    filter_name,
    target_columns
  FROM `workspace`.`information_schema`.`row_filters`
  WHERE table_catalog = 'workspace'
    AND table_schema = 'raw_steam_staging'
    AND table_name = 'fct_game_performance'
[0m16:34:04.614746 [debug] [Thread-5 (]: Opening a new connection, currently in state init
[0m16:34:05.609169 [debug] [Thread-5 (]: Databricks adapter: Connection(session-id=01f17ba3-3ca8-1c1d-bc20-44ec8dbc285f) - Created
[0m16:34:06.312052 [debug] [Thread-5 (]: SQL status: OK in 1.690 seconds
[0m16:34:06.320060 [debug] [Thread-5 (]: Databricks adapter: Cursor(session-id=01f17ba3-3ca8-1c1d-bc20-44ec8dbc285f, command-id=01f17ba3-3cda-1386-9032-343f5101aefb) - Closing
[0m16:34:06.337146 [debug] [Thread-5 (]: Writing runtime sql for node "model.dbt_steam_api.fct_game_performance"
[0m16:34:06.345488 [debug] [Thread-5 (]: Using databricks connection "model.dbt_steam_api.fct_game_performance"
[0m16:34:06.345488 [debug] [Thread-5 (]: On model.dbt_steam_api.fct_game_performance: /* {"app": "dbt", "dbt_version": "1.11.12", "dbt_databricks_version": "1.12.1", "databricks_sql_connector_version": "4.2.6", "profile_name": "databricks_free", "target_name": "dev", "invocation_id": "517a1d9f-5ead-418e-ae1a-55e82a4fde6d", "node_id": "model.dbt_steam_api.fct_game_performance"} */

  
    
        create or replace table `workspace`.`raw_steam_staging`.`fct_game_performance`
      
      
    using delta
  
      
      
      
      
      
      
      
      
      as
      SELECT
    appid,
    game_name,
    developer,
    publisher,
    genre,
    price_tier,
    engagement_tier,
    success_category,

    -- Financial metrics
    price,
    original_price,
    discount,
    estimated_owners,
    ROUND(price * estimated_owners, 2) AS estimated_revenue,

    -- Engagement metrics
    avg_playtime_minutes,
    median_playtime_minutes,
    peak_concurrent_users,

    -- Ratios
    ROUND(avg_playtime_minutes / NULLIF(price, 0), 2) AS playtime_per_dollar,
    ROUND(peak_concurrent_users / NULLIF(estimated_owners, 0) * 100, 4) AS ccu_conversion_rate,

    CURRENT_DATE() AS snapshot_date

FROM `workspace`.`raw_steam_staging`.`stg_steam_apps`
  
[0m16:34:10.088200 [debug] [Thread-5 (]: Databricks adapter: Exception while trying to execute query
/* {"app": "dbt", "dbt_version": "1.11.12", "dbt_databricks_version": "1.12.1", "databricks_sql_connector_version": "4.2.6", "profile_name": "databricks_free", "target_name": "dev", "invocation_id": "517a1d9f-5ead-418e-ae1a-55e82a4fde6d", "node_id": "model.dbt_steam_api.fct_game_performance"} */

  
    
        create or replace table `workspace`.`raw_steam_staging`.`fct_game_performance`
      
      
    using delta
  
      
      
      
      
      
      
      
      
      as
      SELECT
    appid,
    game_name,
    developer,
    publisher,
    genre,
    price_tier,
    engagement_tier,
    success_category,

    -- Financial metrics
    price,
    original_price,
    discount,
    estimated_owners,
    ROUND(price * estimated_owners, 2) AS estimated_revenue,

    -- Engagement metrics
    avg_playtime_minutes,
    median_playtime_minutes,
    peak_concurrent_users,

    -- Ratios
    ROUND(avg_playtime_minutes / NULLIF(price, 0), 2) AS playtime_per_dollar,
    ROUND(peak_concurrent_users / NULLIF(estimated_owners, 0) * 100, 4) AS ccu_conversion_rate,

    CURRENT_DATE() AS snapshot_date

FROM `workspace`.`raw_steam_staging`.`stg_steam_apps`
  
: [CAST_INVALID_INPUT] The value '100,000,000 .. 200,000,000' of the type "STRING" cannot be cast to "BIGINT" because it is malformed. Correct the value as per the syntax, or change its target type. Use `try_cast` to tolerate malformed input and return NULL instead. SQLSTATE: 22018
Error properties: diagnostic-info=org.apache.hive.service.cli.HiveSQLException: Error running query: [CAST_INVALID_INPUT] org.apache.spark.SparkNumberFormatException: [CAST_INVALID_INPUT] The value '100,000,000 .. 200,000,000' of the type "STRING" cannot be cast to "BIGINT" because it is malformed. Correct the value as per the syntax, or change its target type. Use `try_cast` to tolerate malformed input and return NULL instead. SQLSTATE: 22018
	at org.apache.spark.sql.hive.thriftserver.HiveThriftServerErrors$.runningQueryError(HiveThriftServerErrors.scala:58)
	at org.apache.spark.sql.hive.thriftserver.SparkExecuteStatementOperation.$anonfun$execute$1(SparkExecuteStatementOperation.scala:1184)
	at scala.runtime.java8.JFunction0$mcV$sp.apply(JFunction0$mcV$sp.scala:18)
	at com.databricks.unity.UCSEphemeralState$Handle.runWith(UCSEphemeralState.scala:51)
	at com.databricks.unity.HandleImpl.runWith(UCSHandle.scala:128)
	at org.apache.spark.sql.hive.thriftserver.SparkExecuteStatementOperation.org$apache$spark$sql$hive$thriftserver$SparkExecuteStatementOperation$$execute(SparkExecuteStatementOperation.scala:877)
	at org.apache.spark.sql.hive.thriftserver.SparkExecuteStatementOperation$$anon$2$$anon$3.$anonfun$run$6(SparkExecuteStatementOperation.scala:636)
	at scala.runtime.java8.JFunction0$mcV$sp.apply(JFunction0$mcV$sp.scala:18)
	at org.apache.spark.sql.execution.SQLExecution$.withRootExecution(SQLExecution.scala:1468)
	at org.apache.spark.sql.hive.thriftserver.SparkExecuteStatementOperation$$anon$2$$anon$3.$anonfun$run$3(SparkExecuteStatementOperation.scala:636)
	at scala.runtime.java8.JFunction0$mcV$sp.apply(JFunction0$mcV$sp.scala:18)
	at com.databricks.util.TracingSpanUtils$.withTracing(TracingSpanUtils.scala:251)
	at com.databricks.spark.util.DatabricksTracingHelper.withSpan(DatabricksSparkTracingHelper.scala:154)
	at com.databricks.spark.util.DBRTracing$.withSpan(DBRTracing.scala:87)
	at org.apache.spark.sql.hive.thriftserver.ThriftLocalProperties.$anonfun$withLocalProperties$18(ThriftLocalProperties.scala:366)
	at com.databricks.logging.AttributionContextTracing.$anonfun$withAttributionContext$1(AttributionContextTracing.scala:146)
	at com.databricks.logging.AttributionContext$.$anonfun$withValue$1(AttributionContext.scala:349)
	at scala.util.DynamicVariable.withValue(DynamicVariable.scala:59)
	at com.databricks.logging.AttributionContext$.withValue(AttributionContext.scala:345)
	at com.databricks.logging.AttributionContextTracing.withAttributionContext(AttributionContextTracing.scala:144)
	at com.databricks.logging.AttributionContextTracing.withAttributionContext$(AttributionContextTracing.scala:141)
	at com.databricks.spark.util.PublicDBLogging.withAttributionContext(DatabricksSparkUsageLogger.scala:29)
	at com.databricks.logging.AttributionContextTracing.withAttributionTags(AttributionContextTracing.scala:201)
	at com.databricks.logging.AttributionContextTracing.withAttributionTags$(AttributionContextTracing.scala:182)
	at com.databricks.spark.util.PublicDBLogging.withAttributionTags(DatabricksSparkUsageLogger.scala:29)
	at com.databricks.spark.util.PublicDBLogging.withAttributionTags0(DatabricksSparkUsageLogger.scala:108)
	at com.databricks.spark.util.DatabricksSparkUsageLogger.withAttributionTags(DatabricksSparkUsageLogger.scala:215)
	at com.databricks.spark.util.UsageLogging.$anonfun$withAttributionTags$1(UsageLogger.scala:668)
	at com.databricks.spark.util.UsageLogging$.withAttributionTags(UsageLogger.scala:780)
	at com.databricks.spark.util.UsageLogging$.withAttributionTags(UsageLogger.scala:789)
	at com.databricks.spark.util.UsageLogging.withAttributionTags(UsageLogger.scala:668)
	at com.databricks.spark.util.UsageLogging.withAttributionTags$(UsageLogger.scala:666)
	at org.apache.spark.sql.hive.thriftserver.SparkExecuteStatementOperation.withAttributionTags(SparkExecuteStatementOperation.scala:78)
	at org.apache.spark.sql.hive.thriftserver.ThriftLocalProperties.$anonfun$withLocalProperties$15(ThriftLocalProperties.scala:365)
	at com.databricks.spark.util.IdentityClaim$.withClaim(IdentityClaim.scala:48)
	at org.apache.spark.sql.hive.thriftserver.ThriftLocalProperties.withLocalProperties(ThriftLocalProperties.scala:360)
	at org.apache.spark.sql.hive.thriftserver.ThriftLocalProperties.withLocalProperties$(ThriftLocalProperties.scala:180)
	at org.apache.spark.sql.hive.thriftserver.SparkExecuteStatementOperation.withLocalProperties(SparkExecuteStatementOperation.scala:78)
	at org.apache.spark.sql.hive.thriftserver.SparkExecuteStatementOperation$$anon$2$$anon$3.$anonfun$run$2(SparkExecuteStatementOperation.scala:612)
	at scala.runtime.java8.JFunction0$mcV$sp.apply(JFunction0$mcV$sp.scala:18)
	at com.databricks.spark.util.DBRTracing$.withSpanFromParent(DBRTracing.scala:70)
	at org.apache.spark.sql.hive.thriftserver.SparkExecuteStatementOperation$$anon$2$$anon$3.run(SparkExecuteStatementOperation.scala:612)
	at org.apache.spark.sql.hive.thriftserver.SparkExecuteStatementOperation$$anon$2$$anon$3.run(SparkExecuteStatementOperation.scala:585)
	at java.base/java.security.AccessController.doPrivileged(AccessController.java:712)
	at java.base/javax.security.auth.Subject.doAs(Subject.java:439)
	at org.apache.hadoop.security.UserGroupInformation.doAs(UserGroupInformation.java:1953)
	at org.apache.spark.sql.hive.thriftserver.SparkExecuteStatementOperation$$anon$2.run(SparkExecuteStatementOperation.scala:650)
	at java.base/java.util.concurrent.Executors$RunnableAdapter.call(Executors.java:539)
	at java.base/java.util.concurrent.FutureTask.run(FutureTask.java:264)
	at java.base/java.util.concurrent.ThreadPoolExecutor.runWorker(ThreadPoolExecutor.java:1136)
	at java.base/java.util.concurrent.ThreadPoolExecutor$Worker.run(ThreadPoolExecutor.java:635)
	at java.base/java.lang.Thread.run(Thread.java:840)
Caused by: org.apache.spark.SparkNumberFormatException: [CAST_INVALID_INPUT] The value '100,000,000 .. 200,000,000' of the type "STRING" cannot be cast to "BIGINT" because it is malformed. Correct the value as per the syntax, or change its target type. Use `try_cast` to tolerate malformed input and return NULL instead. SQLSTATE: 22018
	at org.apache.spark.sql.errors.QueryExecutionErrors$.invalidInputInCastToNumberError(QueryExecutionErrors.scala:188)
	at com.databricks.photon.PhotonException$.getSparkException(PhotonException.scala:266)
	at com.databricks.photon.PhotonWriteResultHandler.getResult(PhotonWriteStageExec.scala:153)
	at com.databricks.photon.PhotonBasicEvaluatorFactory$PhotonBasicEvaluator$$anon$1.open(PhotonBasicEvaluatorFactory.scala:258)
	at com.databricks.photon.PhotonBasicEvaluatorFactory$PhotonBasicEvaluator$$anon$1.hasNextImpl(PhotonBasicEvaluatorFactory.scala:263)
	at com.databricks.photon.PhotonBasicEvaluatorFactory$PhotonBasicEvaluator$$anon$1.$anonfun$hasNext$1(PhotonBasicEvaluatorFactory.scala:283)
	at scala.runtime.java8.JFunction0$mcZ$sp.apply(JFunction0$mcZ$sp.scala:17)
	at org.apache.spark.TaskContext.runFuncAsBillable(TaskContext.scala:274)
	at com.databricks.photon.PhotonBasicEvaluatorFactory$PhotonBasicEvaluator$$anon$1.hasNext(PhotonBasicEvaluatorFactory.scala:283)
	at com.databricks.photon.CloseableIterator$$anon$10.hasNext(CloseableIterator.scala:211)
	at org.apache.spark.sql.execution.datasources.FileFormatWriter$.$anonfun$writeUsingPhoton$3(FileFormatWriter.scala:744)
	at org.apache.spark.scheduler.ResultTask.$anonfun$runTask$6(ResultTask.scala:107)
	at com.databricks.spark.util.ExecutorFrameProfiler$.record(ExecutorFrameProfiler.scala:110)
	at org.apache.spark.scheduler.ResultTask.$anonfun$runTask$1(ResultTask.scala:107)
	at com.databricks.spark.util.ExecutorFrameProfiler$.record(ExecutorFrameProfiler.scala:110)
	at org.apache.spark.scheduler.ResultTask.runTask(ResultTask.scala:66)
	at org.apache.spark.TaskContext.runTaskWithListeners(TaskContext.scala:233)
	at org.apache.spark.scheduler.Task.doRunTask(Task.scala:226)
	at org.apache.spark.scheduler.Task.$anonfun$run$6(Task.scala:182)
	at com.databricks.unity.UCSEphemeralState$Handle.runWith(UCSEphemeralState.scala:51)
	at com.databricks.unity.HandleImpl.runWith(UCSHandle.scala:128)
	at com.databricks.unity.HandleImpl.$anonfun$runWithAndClose$1(UCSHandle.scala:133)
	at scala.util.Using$.resource(Using.scala:296)
	at com.databricks.unity.HandleImpl.runWithAndClose(UCSHandle.scala:132)
	at org.apache.spark.scheduler.TaskExecutionUtils$.withUCHandleForTaskExecution(Task.scala:394)
	at org.apache.spark.scheduler.Task.$anonfun$run$3(Task.scala:176)
	at org.apache.spark.scheduler.TaskExecutionUtils$.withCredentialsForTaskExecution(Task.scala:371)
	at org.apache.spark.scheduler.Task.$anonfun$run$1(Task.scala:119)
	at com.databricks.spark.util.ExecutorFrameProfiler$.record(ExecutorFrameProfiler.scala:110)
	at org.apache.spark.scheduler.Task.run(Task.scala:114)
	at org.apache.spark.executor.Executor$TaskRunner.$anonfun$run$15(Executor.scala:1613)
	at org.apache.spark.util.SparkErrorUtils.tryWithSafeFinally(SparkErrorUtils.scala:86)
	at org.apache.spark.util.SparkErrorUtils.tryWithSafeFinally$(SparkErrorUtils.scala:83)
	at org.apache.spark.util.Utils$.tryWithSafeFinally(Utils.scala:118)
	at org.apache.spark.executor.Executor$TaskRunner.$anonfun$run$3(Executor.scala:1618)
	at scala.runtime.java8.JFunction0$mcV$sp.apply(JFunction0$mcV$sp.scala:18)
	at com.databricks.spark.util.ExecutorFrameProfiler$.record(ExecutorFrameProfiler.scala:110)
	at org.apache.spark.executor.Executor$TaskRunner.run(Executor.scala:1429)
	at com.databricks.aether.RDDTask.run(RDDTask.scala:296)
	at com.databricks.aether.worker.WorkerTaskAttemptThread.$anonfun$runInternal$1(AetherWorkerImpl.scala:406)
	at scala.runtime.java8.JFunction0$mcV$sp.apply(JFunction0$mcV$sp.scala:18)
	at com.databricks.aether.AetherInt64Gauge.scopedAdd(AetherServiceMetricImpls.scala:129)
	at com.databricks.aether.worker.WorkerTaskAttemptThread.runInternal(AetherWorkerImpl.scala:395)
	at com.databricks.aether.worker.WorkerTaskAttemptThread.run(AetherWorkerImpl.scala:371)
	at com.databricks.aether.FairBlockingQueue$SlotCountingRunnable.run(FairBlockingQueue.java:647)
	at java.base/java.util.concurrent.ThreadPoolExecutor.runWorker(ThreadPoolExecutor.java:1136)
	at java.base/java.util.concurrent.ThreadPoolExecutor$Worker.run(ThreadPoolExecutor.java:635)
	at java.base/java.lang.Thread.run(Thread.java:840)
	at org.apache.spark.scheduler.DAGScheduler.$anonfun$runJob$1(DAGScheduler.scala:1894)
	at scala.runtime.java8.JFunction0$mcV$sp.apply(JFunction0$mcV$sp.scala:18)
	at com.databricks.spark.util.FrameProfiler$.$anonfun$record$1(FrameProfiler.scala:114)
	at com.databricks.spark.util.FrameProfilerExporter$.maybeExportFrameProfiler(FrameProfilerExporter.scala:146)
	at com.databricks.spark.util.FrameProfiler$.record(FrameProfiler.scala:105)
	at org.apache.spark.scheduler.DAGScheduler.runJob(DAGScheduler.scala:1878)
	at org.apache.spark.SparkContext.runJobInternal(SparkContext.scala:3457)
	at org.apache.spark.SparkContext.runJob(SparkContext.scala:3438)
	at org.apache.spark.sql.execution.datasources.FileFormatWriter$.$anonfun$writeUsingPhoton$2(FileFormatWriter.scala:741)
	at org.apache.spark.sql.execution.datasources.FileFormatWriter$.ignoreMaxResultLimit(FileFormatWriter.scala:942)
	at org.apache.spark.sql.execution.datasources.FileFormatWriter$.$anonfun$writeUsingPhoton$1(FileFormatWriter.scala:739)
	at org.apache.spark.sql.catalyst.MetricKeyUtils$.measureMs(MetricKey.scala:2646)
	at org.apache.spark.sql.execution.datasources.FileFormatWriter$.writeUsingPhoton(FileFormatWriter.scala:739)
	at org.apache.spark.sql.execution.datasources.FileFormatWriter$.$anonfun$write$23(FileFormatWriter.scala:336)
	at org.apache.spark.sql.execution.datasources.FileFormatWriter$.writeAndCommit(FileFormatWriter.scala:459)
	at org.apache.spark.sql.execution.datasources.FileFormatWriter$.$anonfun$write$1(FileFormatWriter.scala:324)
	at com.databricks.spark.util.FrameProfiler$.$anonfun$record$1(FrameProfiler.scala:114)
	at com.databricks.spark.util.FrameProfilerExporter$.maybeExportFrameProfiler(FrameProfilerExporter.scala:146)
	at com.databricks.spark.util.FrameProfiler$.record(FrameProfiler.scala:105)
	at org.apache.spark.sql.execution.datasources.FileFormatWriter$.write(FileFormatWriter.scala:131)
	at com.databricks.sql.transaction.tahoe.commands.WriteIntoDeltaCommand.run(WriteIntoDeltaCommand.scala:103)
	at org.apache.spark.sql.execution.command.DataWritingCommandExec.$anonfun$sideEffectResult$5(commands.scala:140)
	at org.apache.spark.sql.execution.SparkPlan.runCommandInAetherOrSpark(SparkPlan.scala:202)
	at org.apache.spark.sql.execution.command.DataWritingCommandExec.$anonfun$sideEffectResult$4(commands.scala:140)
	at com.databricks.spark.util.FrameProfiler$.$anonfun$record$1(FrameProfiler.scala:114)
	at com.databricks.spark.util.FrameProfilerExporter$.maybeExportFrameProfiler(FrameProfilerExporter.scala:146)
	at com.databricks.spark.util.FrameProfiler$.record(FrameProfiler.scala:105)
	at org.apache.spark.sql.execution.command.DataWritingCommandExec.sideEffectResult$lzycompute(commands.scala:136)
	at org.apache.spark.sql.execution.command.DataWritingCommandExec.sideEffectResult(commands.scala:135)
	at org.apache.spark.sql.execution.command.DataWritingCommandExec.executeCollect(commands.scala:152)
	at com.databricks.sql.transaction.tahoe.files.TransactionalWriteEdge.$anonfun$writeFilesAndGetQueryExecution$26(TransactionalWriteEdge.scala:842)
	at org.apache.spark.sql.execution.SQLExecution$.$anonfun$withNewExecutionId0$23(SQLExecution.scala:1115)
	at com.databricks.sql.util.MemoryTrackerHelper.withMemoryTracking(MemoryTrackerHelper.scala:111)
	at org.apache.spark.sql.execution.SQLExecution$.$anonfun$withNewExecutionId0$21(SQLExecution.scala:1035)
	at com.databricks.unity.UCSManager$.withTemporaryScope(UCSManager.scala:168)
	at org.apache.spark.sql.execution.SQLExecution$.$anonfun$withNewExecutionId0$20(SQLExecution.scala:937)
	at org.apache.spark.sql.execution.SQLExecution$.withSessionTagsApplied(SQLExecution.scala:1542)
	at org.apache.spark.sql.execution.SQLExecution$.$anonfun$withNewExecutionId0$19(SQLExecution.scala:926)
	at org.apache.spark.JobArtifactSet$.withActiveJobArtifactState(JobArtifactSet.scala:97)
	at org.apache.spark.sql.artifact.ArtifactManager.$anonfun$withResources$1(ArtifactManager.scala:124)
	at org.apache.spark.sql.artifact.ArtifactManager.withClassLoaderIfNeeded(ArtifactManager.scala:118)
	at org.apache.spark.sql.artifact.ArtifactManager.withResources(ArtifactManager.scala:123)
	at org.apache.spark.sql.execution.SQLExecution$.$anonfun$withNewExecutionId0$18(SQLExecution.scala:926)
	at org.apache.spark.sql.execution.SQLExecution$.withSQLConfPropagated(SQLExecution.scala:1577)
	at org.apache.spark.sql.execution.SQLExecution$.$anonfun$withNewExecutionId0$1(SQLExecution.scala:925)
	at org.apache.spark.sql.SparkSession.withActive(SparkSession.scala:866)
	at org.apache.spark.sql.execution.SQLExecution$.withNewExecutionId0(SQLExecution.scala:659)
	at org.apache.spark.sql.execution.SQLExecution$.withNewExecutionId(SQLExecution.scala:1495)
	at com.databricks.sql.transaction.tahoe.files.TransactionalWriteEdge.$anonfun$writeFilesAndGetQueryExecution$1(TransactionalWriteEdge.scala:836)
	at com.databricks.sql.transaction.tahoe.metering.DeltaLogging.withOperationTypeTag(DeltaLogging.scala:854)
	at com.databricks.sql.transaction.tahoe.metering.DeltaLogging.withOperationTypeTag$(DeltaLogging.scala:841)
	at com.databricks.sql.transaction.tahoe.OptimisticTransaction.withOperationTypeTag(OptimisticTransaction.scala:269)
	at com.databricks.sql.transaction.tahoe.metering.DeltaLogging.$anonfun$recordDeltaOperationInternal$2(DeltaLogging.scala:527)
	at com.databricks.spark.util.FrameProfiler$.$anonfun$record$1(FrameProfiler.scala:114)
	at com.databricks.spark.util.FrameProfilerExporter$.maybeExportFrameProfiler(FrameProfilerExporter.scala:146)
	at com.databricks.spark.util.FrameProfiler$.record(FrameProfiler.scala:105)
	at com.databricks.sql.transaction.tahoe.metering.DeltaLogging.recordFrameProfileWithCallSite(DeltaLogging.scala:969)
	at com.databricks.sql.transaction.tahoe.metering.DeltaLogging.recordFrameProfileWithCallSite$(DeltaLogging.scala:966)
	at com.databricks.sql.transaction.tahoe.OptimisticTransaction.recordFrameProfileWithCallSite(OptimisticTransaction.scala:269)
	at com.databricks.sql.transaction.tahoe.metering.DeltaLogging.$anonfun$recordDeltaOperationInternal$1(DeltaLogging.scala:526)
	at com.databricks.logging.UsageLogging.$anonfun$recordOperation$1(UsageLogging.scala:531)
	at com.databricks.logging.UsageLogging.executeThunkAndCaptureResultTags$1(UsageLogging.scala:669)
	at com.databricks.logging.UsageLogging.$anonfun$recordOperationWithResultTags$6(UsageLogging.scala:696)
	at com.databricks.logging.AttributionContextTracing.$anonfun$withAttributionContext$1(AttributionContextTracing.scala:146)
	at com.databricks.logging.AttributionContext$.$anonfun$withValue$1(AttributionContext.scala:349)
	at scala.util.DynamicVariable.withValue(DynamicVariable.scala:59)
	at com.databricks.logging.AttributionContext$.withValue(AttributionContext.scala:345)
	at com.databricks.logging.AttributionContextTracing.withAttributionContext(AttributionContextTracing.scala:144)
	at com.databricks.logging.AttributionContextTracing.withAttributionContext$(AttributionContextTracing.scala:141)
	at com.databricks.spark.util.PublicDBLogging.withAttributionContext(DatabricksSparkUsageLogger.scala:29)
	at com.databricks.logging.AttributionContextTracing.withAttributionTags(AttributionContextTracing.scala:201)
	at com.databricks.logging.AttributionContextTracing.withAttributionTags$(AttributionContextTracing.scala:182)
	at com.databricks.spark.util.PublicDBLogging.withAttributionTags(DatabricksSparkUsageLogger.scala:29)
	at com.databricks.logging.UsageLogging.$anonfun$recordOperationWithResultTags$5(UsageLogging.scala:664)
	at com.databricks.logging.UsageLogging.withOtelSpanInContext$1(UsageLogging.scala:656)
	at com.databricks.logging.UsageLogging.recordOperationWithResultTags(UsageLogging.scala:659)
	at com.databricks.logging.UsageLogging.recordOperationWithResultTags$(UsageLogging.scala:540)
	at com.databricks.spark.util.PublicDBLogging.recordOperationWithResultTags(DatabricksSparkUsageLogger.scala:29)
	at com.databricks.logging.UsageLogging.recordOperation(UsageLogging.scala:532)
	at com.databricks.logging.UsageLogging.recordOperation$(UsageLogging.scala:496)
	at com.databricks.spark.util.PublicDBLogging.recordOperation(DatabricksSparkUsageLogger.scala:29)
	at com.databricks.spark.util.PublicDBLogging.recordOperation0(DatabricksSparkUsageLogger.scala:104)
	at com.databricks.spark.util.DatabricksSparkUsageLogger.recordOperation(DatabricksSparkUsageLogger.scala:193)
	at com.databricks.spark.util.UsageLogger.recordOperation(UsageLogger.scala:78)
	at com.databricks.spark.util.UsageLogger.recordOperation$(UsageLogger.scala:65)
	at com.databricks.spark.util.DatabricksSparkUsageLogger.recordOperation(DatabricksSparkUsageLogger.scala:152)
	at com.databricks.spark.util.UsageLogging.recordOperation(UsageLogger.scala:537)
	at com.databricks.spark.util.UsageLogging.recordOperation$(UsageLogger.scala:516)
	at com.databricks.sql.transaction.tahoe.OptimisticTransaction.recordOperation(OptimisticTransaction.scala:269)
	at com.databricks.sql.transaction.tahoe.metering.DeltaLogging.recordDeltaOperationInternal(DeltaLogging.scala:525)
	at com.databricks.sql.transaction.tahoe.metering.DeltaLogging.recordDeltaOperation(DeltaLogging.scala:515)
	at com.databricks.sql.transaction.tahoe.metering.DeltaLogging.recordDeltaOperation$(DeltaLogging.scala:504)
	at com.databricks.sql.transaction.tahoe.OptimisticTransaction.recordDeltaOperation(OptimisticTransaction.scala:269)
	at com.databricks.sql.transaction.tahoe.files.TransactionalWriteEdge.$anonfun$recordWriteFilesOperation$1(TransactionalWriteEdge.scala:363)
	at com.databricks.sql.acl.CheckPermissions$.$anonfun$trusted$2(CheckPermissions.scala:2757)
	at com.databricks.sql.util.ThreadLocalTagger.withTag(QueryTagger.scala:63)
	at com.databricks.sql.util.ThreadLocalTagger.withTag$(QueryTagger.scala:60)
	at com.databricks.sql.util.QueryTagger$.withTag(QueryTagger.scala:254)
	at com.databricks.sql.acl.CheckPermissions$.trusted(CheckPermissions.scala:2757)
	at com.databricks.sql.transaction.tahoe.files.TransactionalWriteEdge.recordWriteFilesOperation(TransactionalWriteEdge.scala:362)
	at com.databricks.sql.transaction.tahoe.files.TransactionalWriteEdge.writeFilesAndGetQueryExecution(TransactionalWriteEdge.scala:423)
	at com.databricks.sql.transaction.tahoe.files.TransactionalWriteEdge.writeFilesAndGetQueryExecution$(TransactionalWriteEdge.scala:413)
	at com.databricks.sql.transaction.tahoe.OptimisticTransaction.writeFilesAndGetQueryExecution(OptimisticTransaction.scala:269)
	at com.databricks.sql.transaction.tahoe.files.TransactionalWriteEdge.writeFilesAndGetExecutedPlan(TransactionalWriteEdge.scala:1055)
	at com.databricks.sql.transaction.tahoe.files.TransactionalWriteEdge.writeFilesAndGetExecutedPlan$(TransactionalWriteEdge.scala:1032)
	at com.databricks.sql.transaction.tahoe.OptimisticTransaction.writeFilesAndGetExecutedPlan(OptimisticTransaction.scala:269)
	at com.databricks.sql.transaction.tahoe.commands.ClusteredWriter.writeFilesWithoutClustering(ClusteredWriter.scala:1217)
	at com.databricks.sql.transaction.tahoe.commands.ClusteredWriter.runInternal(ClusteredWriter.scala:315)
	at com.databricks.sql.transaction.tahoe.commands.ClusteredWriter.runAndReturnMaterializationPlans(ClusteredWriter.scala:260)
	at com.databricks.sql.transaction.tahoe.commands.WriteIntoDeltaEdge.writeFilesAndGetMaterializationPlans(WriteIntoDeltaEdge.scala:954)
	at com.databricks.sql.transaction.tahoe.commands.WriteIntoDeltaEdge.writeAndReturnCommitDataAndMaterializationPlans(WriteIntoDeltaEdge.scala:834)
	at com.databricks.sql.transaction.tahoe.commands.WriteIntoDeltaEdge.writeAndReturnCommitData(WriteIntoDeltaEdge.scala:334)
	at com.databricks.sql.transaction.tahoe.commands.CreateDeltaTableCommand.doDeltaWrite$1(CreateDeltaTableCommand.scala:724)
	at com.databricks.sql.transaction.tahoe.commands.CreateDeltaTableCommand.handleCreateTableAsSelect(CreateDeltaTableCommand.scala:874)
	at com.databricks.sql.transaction.tahoe.commands.CreateDeltaTableCommand.$anonfun$handleCommit$1(CreateDeltaTableCommand.scala:459)
	at com.databricks.sql.transaction.tahoe.OptimisticTransaction$.withActive(OptimisticTransaction.scala:314)
	at com.databricks.sql.transaction.tahoe.commands.CreateDeltaTableCommand.handleCommit(CreateDeltaTableCommand.scala:439)
	at com.databricks.sql.transaction.tahoe.commands.CreateDeltaTableCommand.$anonfun$run$8(CreateDeltaTableCommand.scala:342)
	at com.databricks.sql.transaction.tahoe.metering.DeltaLogging.withOperationTypeTag(DeltaLogging.scala:854)
	at com.databricks.sql.transaction.tahoe.metering.DeltaLogging.withOperationTypeTag$(DeltaLogging.scala:841)
	at com.databricks.sql.transaction.tahoe.commands.CreateDeltaTableCommand.withOperationTypeTag(CreateDeltaTableCommand.scala:107)
	at com.databricks.sql.transaction.tahoe.metering.DeltaLogging.$anonfun$recordDeltaOperationInternal$2(DeltaLogging.scala:527)
	at com.databricks.spark.util.FrameProfiler$.$anonfun$record$1(FrameProfiler.scala:114)
	at com.databricks.spark.util.FrameProfilerExporter$.maybeExportFrameProfiler(FrameProfilerExporter.scala:146)
	at com.databricks.spark.util.FrameProfiler$.record(FrameProfiler.scala:105)
	at com.databricks.sql.transaction.tahoe.metering.DeltaLogging.recordFrameProfileWithCallSite(DeltaLogging.scala:969)
	at com.databricks.sql.transaction.tahoe.metering.DeltaLogging.recordFrameProfileWithCallSite$(DeltaLogging.scala:966)
	at com.databricks.sql.transaction.tahoe.commands.CreateDeltaTableCommand.recordFrameProfileWithCallSite(CreateDeltaTableCommand.scala:107)
	at com.databricks.sql.transaction.tahoe.metering.DeltaLogging.$anonfun$recordDeltaOperationInternal$1(DeltaLogging.scala:526)
	at com.databricks.logging.UsageLogging.$anonfun$recordOperation$1(UsageLogging.scala:531)
	at com.databricks.logging.UsageLogging.executeThunkAndCaptureResultTags$1(UsageLogging.scala:669)
	at com.databricks.logging.UsageLogging.$anonfun$recordOperationWithResultTags$6(UsageLogging.scala:696)
	at com.databricks.logging.AttributionContextTracing.$anonfun$withAttributionContext$1(AttributionContextTracing.scala:146)
	at com.databricks.logging.AttributionContext$.$anonfun$withValue$1(AttributionContext.scala:349)
	at scala.util.DynamicVariable.withValue(DynamicVariable.scala:59)
	at com.databricks.logging.AttributionContext$.withValue(AttributionContext.scala:345)
	at com.databricks.logging.AttributionContextTracing.withAttributionContext(AttributionContextTracing.scala:144)
	at com.databricks.logging.AttributionContextTracing.withAttributionContext$(AttributionContextTracing.scala:141)
	at com.databricks.spark.util.PublicDBLogging.withAttributionContext(DatabricksSparkUsageLogger.scala:29)
	at com.databricks.logging.AttributionContextTracing.withAttributionTags(AttributionContextTracing.scala:201)
	at com.databricks.logging.AttributionContextTracing.withAttributionTags$(AttributionContextTracing.scala:182)
	at com.databricks.spark.util.PublicDBLogging.withAttributionTags(DatabricksSparkUsageLogger.scala:29)
	at com.databricks.logging.UsageLogging.$anonfun$recordOperationWithResultTags$5(UsageLogging.scala:664)
	at com.databricks.logging.UsageLogging.withOtelSpanInContext$1(UsageLogging.scala:656)
	at com.databricks.logging.UsageLogging.recordOperationWithResultTags(UsageLogging.scala:659)
	at com.databricks.logging.UsageLogging.recordOperationWithResultTags$(UsageLogging.scala:540)
	at com.databricks.spark.util.PublicDBLogging.recordOperationWithResultTags(DatabricksSparkUsageLogger.scala:29)
	at com.databricks.logging.UsageLogging.recordOperation(UsageLogging.scala:532)
	at com.databricks.logging.UsageLogging.recordOperation$(UsageLogging.scala:496)
	at com.databricks.spark.util.PublicDBLogging.recordOperation(DatabricksSparkUsageLogger.scala:29)
	at com.databricks.spark.util.PublicDBLogging.recordOperation0(DatabricksSparkUsageLogger.scala:104)
	at com.databricks.spark.util.DatabricksSparkUsageLogger.recordOperation(DatabricksSparkUsageLogger.scala:193)
	at com.databricks.spark.util.UsageLogger.recordOperation(UsageLogger.scala:78)
	at com.databricks.spark.util.UsageLogger.recordOperation$(UsageLogger.scala:65)
	at com.databricks.spark.util.DatabricksSparkUsageLogger.recordOperation(DatabricksSparkUsageLogger.scala:152)
	at com.databricks.spark.util.UsageLogging.recordOperation(UsageLogger.scala:537)
	at com.databricks.spark.util.UsageLogging.recordOperation$(UsageLogger.scala:516)
	at com.databricks.sql.transaction.tahoe.commands.CreateDeltaTableCommand.recordOperation(CreateDeltaTableCommand.scala:107)
	at com.databricks.sql.transaction.tahoe.metering.DeltaLogging.recordDeltaOperationInternal(DeltaLogging.scala:525)
	at com.databricks.sql.transaction.tahoe.metering.DeltaLogging.recordDeltaOperation(DeltaLogging.scala:515)
	at com.databricks.sql.transaction.tahoe.metering.DeltaLogging.recordDeltaOperation$(DeltaLogging.scala:504)
	at com.databricks.sql.transaction.tahoe.commands.CreateDeltaTableCommand.recordDeltaOperation(CreateDeltaTableCommand.scala:107)
	at com.databricks.sql.transaction.tahoe.commands.CreateDeltaTableCommand.run(CreateDeltaTableCommand.scala:296)
	at com.databricks.sql.transaction.tahoe.catalog.AbstractDeltaCatalog.$anonfun$createDeltaTable$1(AbstractDeltaCatalog.scala:1005)
	at com.databricks.spark.util.FrameProfiler$.$anonfun$record$1(FrameProfiler.scala:114)
	at com.databricks.spark.util.FrameProfilerExporter$.maybeExportFrameProfiler(FrameProfilerExporter.scala:146)
	at com.databricks.spark.util.FrameProfiler$.record(FrameProfiler.scala:105)
	at com.databricks.sql.transaction.tahoe.metering.DeltaLogging.recordFrameProfileWithCallSite(DeltaLogging.scala:969)
	at com.databricks.sql.transaction.tahoe.metering.DeltaLogging.recordFrameProfileWithCallSite$(DeltaLogging.scala:966)
	at com.databricks.sql.transaction.tahoe.catalog.AbstractDeltaCatalog.recordFrameProfileWithCallSite(AbstractDeltaCatalog.scala:199)
	at com.databricks.sql.transaction.tahoe.catalog.AbstractDeltaCatalog.com$databricks$sql$transaction$tahoe$catalog$AbstractDeltaCatalog$$createDeltaTable(AbstractDeltaCatalog.scala:430)
	at com.databricks.sql.transaction.tahoe.catalog.AbstractDeltaCatalog$StagedDeltaTableV2.$anonfun$commitStagedChanges$1(AbstractDeltaCatalog.scala:2396)
	at com.databricks.spark.util.FrameProfiler$.$anonfun$record$1(FrameProfiler.scala:114)
	at com.databricks.spark.util.FrameProfilerExporter$.maybeExportFrameProfiler(FrameProfilerExporter.scala:146)
	at com.databricks.spark.util.FrameProfiler$.record(FrameProfiler.scala:105)
	at com.databricks.sql.transaction.tahoe.metering.DeltaLogging.recordFrameProfileWithCallSite(DeltaLogging.scala:969)
	at com.databricks.sql.transaction.tahoe.metering.DeltaLogging.recordFrameProfileWithCallSite$(DeltaLogging.scala:966)
	at com.databricks.sql.transaction.tahoe.catalog.AbstractDeltaCatalog.recordFrameProfileWithCallSite(AbstractDeltaCatalog.scala:199)
	at com.databricks.sql.transaction.tahoe.catalog.AbstractDeltaCatalog$StagedDeltaTableV2.commitStagedChanges(AbstractDeltaCatalog.scala:2377)
	at org.apache.spark.sql.execution.datasources.v2.DataSourceV2Utils$.commitStagedChanges(DataSourceV2Utils.scala:324)
	at org.apache.spark.sql.execution.datasources.v2.V2CreateTableAsSelectBaseExec.$anonfun$writeToTable$6(WriteToDataSourceV2Exec.scala:930)
	at scala.runtime.java8.JFunction0$mcV$sp.apply(JFunction0$mcV$sp.scala:18)
	at org.apache.spark.sql.execution.datasources.v2.WriteToDataSourceV2Exec$.handleConcurrentCreateExceptions(WriteToDataSourceV2Exec.scala:78)
	at org.apache.spark.sql.execution.datasources.v2.V2CreateTableAsSelectBaseExec.$anonfun$writeToTable$2(WriteToDataSourceV2Exec.scala:930)
	at org.apache.spark.util.Utils$.tryWithSafeFinallyAndFailureCallbacks(Utils.scala:1726)
	at org.apache.spark.sql.execution.datasources.v2.V2CreateTableAsSelectBaseExec.$anonfun$writeToTable$1(WriteToDataSourceV2Exec.scala:910)
	at com.databricks.spark.util.FrameProfiler$.$anonfun$record$1(FrameProfiler.scala:114)
	at com.databricks.spark.util.FrameProfilerExporter$.maybeExportFrameProfiler(FrameProfilerExporter.scala:146)
	at com.databricks.spark.util.FrameProfiler$.record(FrameProfiler.scala:105)
	at org.apache.spark.sql.execution.datasources.v2.V2CreateTableAsSelectBaseExec.writeToTable(WriteToDataSourceV2Exec.scala:934)
	at org.apache.spark.sql.execution.datasources.v2.V2CreateTableAsSelectBaseExec.writeToTable$(WriteToDataSourceV2Exec.scala:896)
	at org.apache.spark.sql.execution.datasources.v2.AtomicReplaceTableAsSelectExec.writeToTable(WriteToDataSourceV2Exec.scala:285)
	at org.apache.spark.sql.execution.datasources.v2.AtomicReplaceTableAsSelectExec.run(WriteToDataSourceV2Exec.scala:366)
	at org.apache.spark.sql.execution.datasources.v2.V2CommandExec.$anonfun$result$2(V2CommandExec.scala:48)
	at org.apache.spark.sql.execution.SparkPlan.runCommandInAetherOrSpark(SparkPlan.scala:202)
	at org.apache.spark.sql.execution.datasources.v2.V2CommandExec.$anonfun$result$1(V2CommandExec.scala:48)
	at com.databricks.spark.util.FrameProfiler$.$anonfun$record$1(FrameProfiler.scala:114)
	at com.databricks.spark.util.FrameProfilerExporter$.maybeExportFrameProfiler(FrameProfilerExporter.scala:146)
	at com.databricks.spark.util.FrameProfiler$.record(FrameProfiler.scala:105)
	at org.apache.spark.sql.execution.datasources.v2.V2CommandExec.result$lzycompute(V2CommandExec.scala:47)
	at org.apache.spark.sql.execution.datasources.v2.V2CommandExec.result(V2CommandExec.scala:45)
	at org.apache.spark.sql.execution.datasources.v2.V2CommandExec.executeCollect(V2CommandExec.scala:56)
	at org.apache.spark.sql.execution.QueryExecution$.$anonfun$runCommand$12(QueryExecution.scala:1969)
	at com.databricks.util.LexicalThreadLocal$Handle.runWith(LexicalThreadLocal.scala:63)
	at org.apache.spark.sql.execution.QueryExecution$.$anonfun$runCommand$11(QueryExecution.scala:1963)
	at com.databricks.util.LexicalThreadLocal$Handle.runWith(LexicalThreadLocal.scala:63)
	at org.apache.spark.sql.execution.QueryExecution$.executeWithCaches$1(QueryExecution.scala:1963)
	at org.apache.spark.sql.execution.QueryExecution$.$anonfun$runCommand$10(QueryExecution.scala:1969)
	at org.apache.spark.sql.catalyst.QueryPlanningTracker$.withTracker(QueryPlanningTracker.scala:266)
	at org.apache.spark.sql.execution.QueryExecution$.$anonfun$runCommand$9(QueryExecution.scala:1956)
	at org.apache.spark.sql.execution.SQLExecution$.$anonfun$withNewExecutionId0$23(SQLExecution.scala:1115)
	at com.databricks.sql.util.MemoryTrackerHelper.withMemoryTracking(MemoryTrackerHelper.scala:111)
	at org.apache.spark.sql.execution.SQLExecution$.$anonfun$withNewExecutionId0$21(SQLExecution.scala:1035)
	at com.databricks.unity.UCSManager$.withTemporaryScope(UCSManager.scala:168)
	at org.apache.spark.sql.execution.SQLExecution$.$anonfun$withNewExecutionId0$20(SQLExecution.scala:937)
	at org.apache.spark.sql.execution.SQLExecution$.withSessionTagsApplied(SQLExecution.scala:1542)
	at org.apache.spark.sql.execution.SQLExecution$.$anonfun$withNewExecutionId0$19(SQLExecution.scala:926)
	at org.apache.spark.JobArtifactSet$.withActiveJobArtifactState(JobArtifactSet.scala:97)
	at org.apache.spark.sql.artifact.ArtifactManager.$anonfun$withResources$1(ArtifactManager.scala:124)
	at org.apache.spark.sql.artifact.ArtifactManager.withClassLoaderIfNeeded(ArtifactManager.scala:118)
	at org.apache.spark.sql.artifact.ArtifactManager.withResources(ArtifactManager.scala:123)
	at org.apache.spark.sql.execution.SQLExecution$.$anonfun$withNewExecutionId0$18(SQLExecution.scala:926)
	at org.apache.spark.sql.execution.SQLExecution$.withSQLConfPropagated(SQLExecution.scala:1577)
	at org.apache.spark.sql.execution.SQLExecution$.$anonfun$withNewExecutionId0$1(SQLExecution.scala:925)
	at org.apache.spark.sql.SparkSession.withActive(SparkSession.scala:866)
	at org.apache.spark.sql.execution.SQLExecution$.withNewExecutionId0(SQLExecution.scala:659)
	at org.apache.spark.sql.execution.SQLExecution$.withNewExecutionId(SQLExecution.scala:1495)
	at org.apache.spark.sql.execution.QueryExecution$.$anonfun$runCommand$8(QueryExecution.scala:1956)
	at org.apache.spark.sql.execution.QueryExecution$.withInternalError(QueryExecution.scala:1821)
	at org.apache.spark.sql.execution.QueryExecution$.$anonfun$runCommand$7(QueryExecution.scala:1952)
	at org.apache.spark.sql.execution.QueryExecution.withMVTagsIfNecessary(QueryExecution.scala:709)
	at org.apache.spark.sql.execution.QueryExecution$.$anonfun$runCommand$4(QueryExecution.scala:1937)
	at scala.Option.map(Option.scala:242)
	at org.apache.spark.sql.execution.QueryExecution$.executeWithMVTags$1(QueryExecution.scala:1937)
	at org.apache.spark.sql.execution.QueryExecution$.runCommand(QueryExecution.scala:1950)
	at org.apache.spark.sql.execution.QueryExecution.org$apache$spark$sql$execution$QueryExecution$$eagerlyExecute$1(QueryExecution.scala:746)
	at org.apache.spark.sql.execution.QueryExecution$$anonfun$$nestedInanonfun$eagerlyExecuteCommands$1$1.applyOrElse(QueryExecution.scala:763)
	at org.apache.spark.sql.execution.QueryExecution$$anonfun$$nestedInanonfun$eagerlyExecuteCommands$1$1.applyOrElse(QueryExecution.scala:755)
	at org.apache.spark.sql.catalyst.trees.TreeNode.$anonfun$transformDownWithPruning$1(TreeNode.scala:610)
	at org.apache.spark.sql.catalyst.trees.CurrentOrigin$.withOrigin(origin.scala:142)
	at org.apache.spark.sql.catalyst.trees.TreeNode.transformDownWithPruning(TreeNode.scala:610)
	at org.apache.spark.sql.catalyst.plans.logical.LogicalPlan.org$apache$spark$sql$catalyst$plans$logical$AnalysisHelper$$super$transformDownWithPruning(LogicalPlan.scala:48)
	at org.apache.spark.sql.catalyst.plans.logical.AnalysisHelper.transformDownWithPruning(AnalysisHelper.scala:361)
	at org.apache.spark.sql.catalyst.plans.logical.AnalysisHelper.transformDownWithPruning$(AnalysisHelper.scala:357)
	at org.apache.spark.sql.catalyst.plans.logical.LogicalPlan.transformDownWithPruning(LogicalPlan.scala:48)
	at org.apache.spark.sql.catalyst.plans.logical.LogicalPlan.transformDownWithPruning(LogicalPlan.scala:48)
	at org.apache.spark.sql.catalyst.trees.TreeNode.transformDown(TreeNode.scala:586)
	at org.apache.spark.sql.execution.QueryExecution.$anonfun$eagerlyExecuteCommands$1(QueryExecution.scala:755)
	at org.apache.spark.sql.catalyst.plans.logical.AnalysisHelper$.allowInvokingTransformsInAnalyzer(AnalysisHelper.scala:418)
	at org.apache.spark.sql.execution.QueryExecution.eagerlyExecuteCommands(QueryExecution.scala:755)
	at org.apache.spark.sql.execution.QueryExecution.$anonfun$lazyCommandExecuted$1(QueryExecution.scala:665)
	at scala.util.Try$.apply(Try.scala:217)
	at org.apache.spark.util.Utils$.doTryWithCallerStacktrace(Utils.scala:1796)
	at org.apache.spark.util.Utils$.getTryWithCallerStacktrace(Utils.scala:1846)
	at org.apache.spark.util.LazyTry.get(LazyTry.scala:78)
	at org.apache.spark.sql.execution.QueryExecution.commandExecuted(QueryExecution.scala:670)
	at org.apache.spark.sql.classic.Dataset.<init>(Dataset.scala:437)
	at org.apache.spark.sql.classic.Dataset.<init>(Dataset.scala:417)
	at org.apache.spark.sql.hive.thriftserver.SparkExecuteStatementOperation.getOrCreateDF(SparkExecuteStatementOperation.scala:738)
	at org.apache.spark.sql.hive.thriftserver.SparkExecuteStatementOperation.analyzeQuery(SparkExecuteStatementOperation.scala:765)
	at org.apache.spark.sql.hive.thriftserver.SparkExecuteStatementOperation.$anonfun$execute$6(SparkExecuteStatementOperation.scala:953)
	at org.apache.spark.util.Utils$.timeTakenMs(Utils.scala:599)
	at org.apache.spark.sql.hive.thriftserver.SparkExecuteStatementOperation.$anonfun$execute$1(SparkExecuteStatementOperation.scala:953)
	... 50 more
	Suppressed: com.databricks.photon.PhotonException: Error class: InvalidInputSyntaxForNumericError. Parameters: long,100,000,000 .. 200,000,000
		at 0x4fd25d9 <photon>.InvalidInputSyntaxForNumericError(external/workspace_spark_4_1/photon/common/status.cc:367)
		at 0x4fd25d9 <photon>.OnInvalidInput(external/workspace_spark_4_1/photon/exprs/cast-functions.h:694)
		at 0x4fd21ea <photon>.ProjectBatch(external/workspace_spark_4_1/photon/exprs/compute-function.h:1092)
		at 0x4fd1d3f <photon>.Eval(external/workspace_spark_4_1/photon/exprs/unary-expr.h:122)
		at 0x415dbf4 <photon>.Eval(external/workspace_spark_4_1/photon/exprs/binary-expr.h:140)
		at 0x50800a8 <photon>.Eval(external/workspace_spark_4_1/photon/exprs/unary-expr.h:105)
		at 0x558bb94 <photon>.Eval(external/workspace_spark_4_1/photon/exprs/binary-expr.h:140)
		at 0x4717aa4 <photon>.Eval(external/workspace_spark_4_1/photon/exprs/binary-expr.h:140)
		at 0x29fc784 <photon>.NextImpl(external/workspace_spark_4_1/photon/exec-nodes/project-node.cc:97)
		at 0x289cb21 <photon>.Next(external/workspace_spark_4_1/photon/exec-nodes/exec-node.cc:227)
		at 0x29fc6c9 <photon>.NextImpl(external/workspace_spark_4_1/photon/exec-nodes/project-node.cc:91)
		at 0x289cb21 <photon>.Next(external/workspace_spark_4_1/photon/exec-nodes/exec-node.cc:227)
		at 0x299fa56 <photon>.OpenImpl(external/workspace_spark_4_1/photon/exec-nodes/file-writer-node.cc:234)
		at com.databricks.photon.JniApiImpl.open(Native Method)
		at com.databricks.photon.JniApi.open(JniApi.scala)
		at com.databricks.photon.JniExecNode.open(JniExecNode.java:93)
		at com.databricks.photon.PhotonWriteResultHandler.$anonfun$getResult$5(PhotonWriteStageExec.scala:136)
		at scala.runtime.java8.JFunction0$mcV$sp.apply(JFunction0$mcV$sp.scala:18)
		at com.databricks.photon.PhotonResultHandler.timeit(PhotonResultHandler.scala:33)
		at com.databricks.photon.PhotonResultHandler.timeit$(PhotonResultHandler.scala:31)
		at com.databricks.photon.PhotonWriteResultHandler.timeit(PhotonWriteStageExec.scala:69)
		at com.databricks.photon.PhotonWriteResultHandler.$anonfun$getResult$4(PhotonWriteStageExec.scala:136)
		at org.apache.spark.util.Utils$.tryWithSafeFinallyAndFailureCallbacks(Utils.scala:1726)
		at com.databricks.photon.PhotonWriteResultHandler.getResult(PhotonWriteStageExec.scala:133)
		at com.databricks.photon.PhotonBasicEvaluatorFactory$PhotonBasicEvaluator$$anon$1.open(PhotonBasicEvaluatorFactory.scala:258)
		at com.databricks.photon.PhotonBasicEvaluatorFactory$PhotonBasicEvaluator$$anon$1.hasNextImpl(PhotonBasicEvaluatorFactory.scala:263)
		at com.databricks.photon.PhotonBasicEvaluatorFactory$PhotonBasicEvaluator$$anon$1.$anonfun$hasNext$1(PhotonBasicEvaluatorFactory.scala:283)
		at scala.runtime.java8.JFunction0$mcZ$sp.apply(JFunction0$mcZ$sp.scala:17)
		at org.apache.spark.TaskContext.runFuncAsBillable(TaskContext.scala:274)
		at com.databricks.photon.PhotonBasicEvaluatorFactory$PhotonBasicEvaluator$$anon$1.hasNext(PhotonBasicEvaluatorFactory.scala:283)
		at com.databricks.photon.CloseableIterator$$anon$10.hasNext(CloseableIterator.scala:211)
		at org.apache.spark.sql.execution.datasources.FileFormatWriter$.$anonfun$writeUsingPhoton$3(FileFormatWriter.scala:744)
		at org.apache.spark.scheduler.ResultTask.$anonfun$runTask$6(ResultTask.scala:107)
		at com.databricks.spark.util.ExecutorFrameProfiler$.record(ExecutorFrameProfiler.scala:110)
		at org.apache.spark.scheduler.ResultTask.$anonfun$runTask$1(ResultTask.scala:107)
		at com.databricks.spark.util.ExecutorFrameProfiler$.record(ExecutorFrameProfiler.scala:110)
		at org.apache.spark.scheduler.ResultTask.runTask(ResultTask.scala:66)
		at org.apache.spark.TaskContext.runTaskWithListeners(TaskContext.scala:233)
		at org.apache.spark.scheduler.Task.doRunTask(Task.scala:226)
		at org.apache.spark.scheduler.Task.$anonfun$run$6(Task.scala:182)
		at com.databricks.unity.UCSEphemeralState$Handle.runWith(UCSEphemeralState.scala:51)
		at com.databricks.unity.HandleImpl.runWith(UCSHandle.scala:128)
		at com.databricks.unity.HandleImpl.$anonfun$runWithAndClose$1(UCSHandle.scala:133)
		at scala.util.Using$.resource(Using.scala:296)
		at com.databricks.unity.HandleImpl.runWithAndClose(UCSHandle.scala:132)
		at org.apache.spark.scheduler.TaskExecutionUtils$.withUCHandleForTaskExecution(Task.scala:394)
		at org.apache.spark.scheduler.Task.$anonfun$run$3(Task.scala:176)
		at org.apache.spark.scheduler.TaskExecutionUtils$.withCredentialsForTaskExecution(Task.scala:371)
		at org.apache.spark.scheduler.Task.$anonfun$run$1(Task.scala:119)
		at com.databricks.spark.util.ExecutorFrameProfiler$.record(ExecutorFrameProfiler.scala:110)
		at org.apache.spark.scheduler.Task.run(Task.scala:114)
		at org.apache.spark.executor.Executor$TaskRunner.$anonfun$run$15(Executor.scala:1613)
		at org.apache.spark.util.SparkErrorUtils.tryWithSafeFinally(SparkErrorUtils.scala:86)
		at org.apache.spark.util.SparkErrorUtils.tryWithSafeFinally$(SparkErrorUtils.scala:83)
		at org.apache.spark.util.Utils$.tryWithSafeFinally(Utils.scala:118)
		at org.apache.spark.executor.Executor$TaskRunner.$anonfun$run$3(Executor.scala:1618)
		at scala.runtime.java8.JFunction0$mcV$sp.apply(JFunction0$mcV$sp.scala:18)
		at com.databricks.spark.util.ExecutorFrameProfiler$.record(ExecutorFrameProfiler.scala:110)
		at org.apache.spark.executor.Executor$TaskRunner.run(Executor.scala:1429)
		at com.databricks.aether.RDDTask.run(RDDTask.scala:296)
		at com.databricks.aether.worker.WorkerTaskAttemptThread.$anonfun$runInternal$1(AetherWorkerImpl.scala:406)
		at scala.runtime.java8.JFunction0$mcV$sp.apply(JFunction0$mcV$sp.scala:18)
		at com.databricks.aether.AetherInt64Gauge.scopedAdd(AetherServiceMetricImpls.scala:129)
		at com.databricks.aether.worker.WorkerTaskAttemptThread.runInternal(AetherWorkerImpl.scala:395)
		at com.databricks.aether.worker.WorkerTaskAttemptThread.run(AetherWorkerImpl.scala:371)
		at com.databricks.aether.FairBlockingQueue$SlotCountingRunnable.run(FairBlockingQueue.java:647)
		... 3 more
, operation-id=01f17ba3-3d4b-1435-a416-7050ad8729e1
[0m16:34:10.104548 [debug] [Thread-5 (]: On model.dbt_steam_api.fct_game_performance: Close
[0m16:34:10.104548 [debug] [Thread-5 (]: Databricks adapter: Connection(session-id=01f17ba3-3ca8-1c1d-bc20-44ec8dbc285f) - Closing
[0m16:34:10.313887 [debug] [Thread-5 (]: Database Error in model fct_game_performance (models\staging\fct_game_performance.sql)
  [CAST_INVALID_INPUT] The value '100,000,000 .. 200,000,000' of the type "STRING" cannot be cast to "BIGINT" because it is malformed. Correct the value as per the syntax, or change its target type. Use `try_cast` to tolerate malformed input and return NULL instead. SQLSTATE: 22018
  compiled code at target\run\dbt_steam_api\models\staging\fct_game_performance.sql
[0m16:34:10.313887 [debug] [Thread-5 (]: Sending event: {'category': 'dbt', 'action': 'run_model', 'label': '517a1d9f-5ead-418e-ae1a-55e82a4fde6d', 'context': [<snowplow_tracker.self_describing_json.SelfDescribingJson object at 0x0000020980768350>]}
[0m16:34:10.322870 [error] [Thread-5 (]: 10 of 11 ERROR creating sql table model raw_steam_staging.fct_game_performance . [[31mERROR[0m in 5.75s]
[0m16:34:10.330868 [debug] [Thread-5 (]: Finished running node model.dbt_steam_api.fct_game_performance
[0m16:34:10.330868 [debug] [Thread-8 (]: Marking all children of 'model.dbt_steam_api.fct_game_performance' to be skipped because of status 'error'.  Reason: Database Error in model fct_game_performance (models\staging\fct_game_performance.sql)
  [CAST_INVALID_INPUT] The value '100,000,000 .. 200,000,000' of the type "STRING" cannot be cast to "BIGINT" because it is malformed. Correct the value as per the syntax, or change its target type. Use `try_cast` to tolerate malformed input and return NULL instead. SQLSTATE: 22018
  compiled code at target\run\dbt_steam_api\models\staging\fct_game_performance.sql.
[0m16:34:10.339413 [debug] [Thread-5 (]: Began running node model.dbt_steam_api.mart_valve_recommendations
[0m16:34:10.339662 [info ] [Thread-5 (]: 11 of 11 SKIP relation raw_steam_marts.mart_valve_recommendations .............. [[33mSKIP[0m]
[0m16:34:10.347667 [debug] [Thread-5 (]: Finished running node model.dbt_steam_api.mart_valve_recommendations
[0m16:34:10.347667 [debug] [Thread-8 (]: Marking all children of 'model.dbt_steam_api.mart_valve_recommendations' to be skipped because of status 'skipped'. 
[0m16:34:10.355661 [debug] [MainThread]: Databricks adapter: DatabricksDBTConnection(session-id=None, name=master) - Creating connection
[0m16:34:10.363661 [debug] [MainThread]: Acquiring new databricks connection 'master'
[0m16:34:10.363661 [info ] [MainThread]: 
[0m16:34:10.363661 [info ] [MainThread]: Finished running 6 table models, 4 data tests, 1 view model in 0 hours 0 minutes and 56.92 seconds (56.92s).
[0m16:34:10.381903 [debug] [MainThread]: Command end result
[0m16:34:10.503213 [debug] [MainThread]: Wrote artifact WritableManifest to C:\Users\KaelThas\Documents\steam_analytics_api\dbt_steam_api\target\manifest.json
[0m16:34:10.503213 [debug] [MainThread]: Wrote artifact SemanticManifest to C:\Users\KaelThas\Documents\steam_analytics_api\dbt_steam_api\target\semantic_manifest.json
[0m16:34:10.519215 [debug] [MainThread]: Wrote artifact RunExecutionResult to C:\Users\KaelThas\Documents\steam_analytics_api\dbt_steam_api\target\run_results.json
[0m16:34:10.519215 [info ] [MainThread]: 
[0m16:34:10.527414 [info ] [MainThread]: [31mCompleted with 3 errors, 0 partial successes, and 0 warnings:[0m
[0m16:34:10.527414 [info ] [MainThread]: 
[0m16:34:10.527414 [error] [MainThread]: [31mFailure in model bridge_game_languages (models\staging\bridge_game_languages.sql)[0m
[0m16:34:10.527414 [error] [MainThread]:   Database Error in model bridge_game_languages (models\staging\bridge_game_languages.sql)
  [CAST_INVALID_INPUT] The value '100,000,000 .. 200,000,000' of the type "STRING" cannot be cast to "BIGINT" because it is malformed. Correct the value as per the syntax, or change its target type. Use `try_cast` to tolerate malformed input and return NULL instead. SQLSTATE: 22018
  == SQL of VIEW workspace.raw_steam_staging.stg_steam_apps (line 27, position 16) ==
          ROUND((CAST(SPLIT_PART(owners, '-', 1) AS BIGINT) + CAST(SPLIT_PART(owners, '-', ...
                 ^^^^^^^^^^^^^^^^^^^^^^^^^^^^^^^^^^^^^^^^^^
  
  compiled code at target\run\dbt_steam_api\models\staging\bridge_game_languages.sql
[0m16:34:10.527414 [info ] [MainThread]: 
[0m16:34:10.527414 [info ] [MainThread]:   compiled code at target\compiled\dbt_steam_api\models\staging\bridge_game_languages.sql
[0m16:34:10.535415 [info ] [MainThread]: 
[0m16:34:10.535415 [error] [MainThread]: [31mFailure in model dim_games (models\staging\dim_games.sql)[0m
[0m16:34:10.535415 [error] [MainThread]:   Database Error in model dim_games (models\staging\dim_games.sql)
  [CAST_INVALID_INPUT] The value '100,000,000 .. 200,000,000' of the type "STRING" cannot be cast to "BIGINT" because it is malformed. Correct the value as per the syntax, or change its target type. Use `try_cast` to tolerate malformed input and return NULL instead. SQLSTATE: 22018
  compiled code at target\run\dbt_steam_api\models\staging\dim_games.sql
[0m16:34:10.535415 [info ] [MainThread]: 
[0m16:34:10.535415 [info ] [MainThread]:   compiled code at target\compiled\dbt_steam_api\models\staging\dim_games.sql
[0m16:34:10.535415 [info ] [MainThread]: 
[0m16:34:10.543413 [error] [MainThread]: [31mFailure in model fct_game_performance (models\staging\fct_game_performance.sql)[0m
[0m16:34:10.548106 [error] [MainThread]:   Database Error in model fct_game_performance (models\staging\fct_game_performance.sql)
  [CAST_INVALID_INPUT] The value '100,000,000 .. 200,000,000' of the type "STRING" cannot be cast to "BIGINT" because it is malformed. Correct the value as per the syntax, or change its target type. Use `try_cast` to tolerate malformed input and return NULL instead. SQLSTATE: 22018
  compiled code at target\run\dbt_steam_api\models\staging\fct_game_performance.sql
[0m16:34:10.548106 [info ] [MainThread]: 
[0m16:34:10.548106 [info ] [MainThread]:   compiled code at target\compiled\dbt_steam_api\models\staging\fct_game_performance.sql
[0m16:34:10.548106 [info ] [MainThread]: 
[0m16:34:10.556821 [info ] [MainThread]: Done. PASS=7 WARN=0 ERROR=3 SKIP=1 NO-OP=0 TOTAL=11
[0m16:34:10.556821 [debug] [MainThread]: Command `dbt build` failed at 16:34:10.556821 after 68.53 seconds
[0m16:34:10.556821 [debug] [MainThread]: Sending event: {'category': 'dbt', 'action': 'invocation', 'label': 'end', 'context': [<snowplow_tracker.self_describing_json.SelfDescribingJson object at 0x0000020931D10740>, <snowplow_tracker.self_describing_json.SelfDescribingJson object at 0x0000020931D12660>, <snowplow_tracker.self_describing_json.SelfDescribingJson object at 0x000002093F969730>]}
[0m16:34:10.556821 [debug] [MainThread]: Flushing usage events
[0m16:34:11.859653 [debug] [MainThread]: An error was encountered while trying to flush usage events
[0m16:41:23.933076 [debug] [MainThread]: Sending event: {'category': 'dbt', 'action': 'invocation', 'label': 'start', 'context': [<snowplow_tracker.self_describing_json.SelfDescribingJson object at 0x000002A0C422C320>, <snowplow_tracker.self_describing_json.SelfDescribingJson object at 0x000002A0C130F7D0>, <snowplow_tracker.self_describing_json.SelfDescribingJson object at 0x000002A0C37B0EF0>]}


============================== 16:41:23.941243 | b5783aa0-bcc8-4d3d-8074-78f58c0f21ea ==============================
[0m16:41:23.941243 [info ] [MainThread]: Running with dbt=1.11.12
[0m16:41:23.941243 [debug] [MainThread]: running dbt with arguments {'version_check': 'True', 'no_print': 'None', 'static_parser': 'True', 'warn_error_options': 'WarnErrorOptionsV2(error=[], warn=[], silence=[])', 'target_path': 'None', 'printer_width': '80', 'write_json': 'True', 'introspect': 'True', 'log_cache_events': 'False', 'empty': 'False', 'cache_selected_only': 'False', 'fail_fast': 'False', 'debug': 'False', 'log_format': 'default', 'partial_parse': 'True', 'send_anonymous_usage_stats': 'True', 'quiet': 'False', 'warn_error': 'None', 'profiles_dir': 'C:\\Users\\KaelThas\\.dbt', 'indirect_selection': 'eager', 'invocation_command': 'dbt run --full-refresh --profile databricks_free', 'use_colors': 'True', 'use_experimental_parser': 'False', 'log_path': 'C:\\Users\\KaelThas\\Documents\\steam_analytics_api\\dbt_steam_api\\logs'}
[0m16:41:29.365912 [debug] [MainThread]: Spark adapter: Setting pyhive.hive logging to ERROR
[0m16:41:29.365912 [debug] [MainThread]: Spark adapter: Setting thrift.transport logging to ERROR
[0m16:41:29.365912 [debug] [MainThread]: Spark adapter: Setting thrift.protocol logging to ERROR
[0m16:41:31.616840 [debug] [MainThread]: Sending event: {'category': 'dbt', 'action': 'project_id', 'label': 'b5783aa0-bcc8-4d3d-8074-78f58c0f21ea', 'context': [<snowplow_tracker.self_describing_json.SelfDescribingJson object at 0x000002A0D141B3E0>]}
[0m16:41:31.784824 [debug] [MainThread]: Sending event: {'category': 'dbt', 'action': 'adapter_info', 'label': 'b5783aa0-bcc8-4d3d-8074-78f58c0f21ea', 'context': [<snowplow_tracker.self_describing_json.SelfDescribingJson object at 0x000002A0C5DACF50>]}
[0m16:41:31.784824 [info ] [MainThread]: Registered adapter: databricks=1.12.1
[0m16:41:33.312029 [debug] [MainThread]: checksum: 45e2f83721850e743bd0f768476d4ea2a0d55c5933c39c88efe5bb30eb62a789, vars: {}, profile: databricks_free, target: , version: 1.11.12
[0m16:41:33.801290 [debug] [MainThread]: Partial parsing enabled: 0 files deleted, 0 files added, 1 files changed.
[0m16:41:33.809296 [debug] [MainThread]: Partial parsing: updated file: dbt_steam_api://models\staging\stg_steam_apps.sql
[0m16:41:35.112337 [debug] [MainThread]: Sending event: {'category': 'dbt', 'action': 'load_project', 'label': 'b5783aa0-bcc8-4d3d-8074-78f58c0f21ea', 'context': [<snowplow_tracker.self_describing_json.SelfDescribingJson object at 0x000002A0D15054F0>]}
[0m16:41:35.420440 [debug] [MainThread]: Wrote artifact WritableManifest to C:\Users\KaelThas\Documents\steam_analytics_api\dbt_steam_api\target\manifest.json
[0m16:41:35.428610 [debug] [MainThread]: Wrote artifact SemanticManifest to C:\Users\KaelThas\Documents\steam_analytics_api\dbt_steam_api\target\semantic_manifest.json
[0m16:41:35.453978 [debug] [MainThread]: Sending event: {'category': 'dbt', 'action': 'resource_counts', 'label': 'b5783aa0-bcc8-4d3d-8074-78f58c0f21ea', 'context': [<snowplow_tracker.self_describing_json.SelfDescribingJson object at 0x000002A0D22FFC80>]}
[0m16:41:35.453978 [info ] [MainThread]: Found 7 models, 4 data tests, 1 source, 758 macros
[0m16:41:35.463391 [debug] [MainThread]: Sending event: {'category': 'dbt', 'action': 'runnable_timing', 'label': 'b5783aa0-bcc8-4d3d-8074-78f58c0f21ea', 'context': [<snowplow_tracker.self_describing_json.SelfDescribingJson object at 0x000002A0D22F1520>]}
[0m16:41:35.463649 [info ] [MainThread]: 
[0m16:41:35.463649 [info ] [MainThread]: Concurrency: 1 threads (target='dev')
[0m16:41:35.471649 [info ] [MainThread]: 
[0m16:41:35.471649 [debug] [MainThread]: Databricks adapter: DatabricksDBTConnection(session-id=None, name=master) - Creating connection
[0m16:41:35.471649 [debug] [MainThread]: Acquiring new databricks connection 'master'
[0m16:41:35.495843 [debug] [ThreadPool]: Databricks adapter: DatabricksDBTConnection(session-id=None, name=list_workspace) - Creating connection
[0m16:41:35.495843 [debug] [ThreadPool]: Acquiring new databricks connection 'list_workspace'
[0m16:41:35.530462 [debug] [ThreadPool]: Using databricks connection "list_workspace"
[0m16:41:35.530462 [debug] [ThreadPool]: On list_workspace: /* {"app": "dbt", "dbt_version": "1.11.12", "dbt_databricks_version": "1.12.1", "databricks_sql_connector_version": "4.2.6", "profile_name": "databricks_free", "target_name": "dev", "invocation_id": "b5783aa0-bcc8-4d3d-8074-78f58c0f21ea", "connection_name": "list_workspace"} */

    

  SHOW SCHEMAS IN `workspace`


  
[0m16:41:35.530462 [debug] [ThreadPool]: Opening a new connection, currently in state init
[0m16:41:39.415741 [debug] [ThreadPool]: Databricks adapter: Connection(session-id=01f17ba4-4adc-1e49-8a26-03a8ca63acd8) - Created
[0m16:41:40.009825 [debug] [ThreadPool]: SQL status: OK in 4.480 seconds
[0m16:41:40.023790 [debug] [ThreadPool]: Databricks adapter: Cursor(session-id=01f17ba4-4adc-1e49-8a26-03a8ca63acd8, command-id=01f17ba4-4b59-1b2a-ab37-987662725b18) - Closing
[0m16:41:40.032076 [debug] [ThreadPool]: On list_workspace: Close
[0m16:41:40.032076 [debug] [ThreadPool]: Databricks adapter: Connection(session-id=01f17ba4-4adc-1e49-8a26-03a8ca63acd8) - Closing
[0m16:41:40.233463 [debug] [ThreadPool]: Databricks adapter: DatabricksDBTConnection(session-id=None, name=list_workspace) - Creating connection
[0m16:41:40.233463 [debug] [ThreadPool]: Acquiring new databricks connection 'list_workspace'
[0m16:41:40.258497 [debug] [ThreadPool]: Using databricks connection "list_workspace"
[0m16:41:40.258497 [debug] [ThreadPool]: On list_workspace: /* {"app": "dbt", "dbt_version": "1.11.12", "dbt_databricks_version": "1.12.1", "databricks_sql_connector_version": "4.2.6", "profile_name": "databricks_free", "target_name": "dev", "invocation_id": "b5783aa0-bcc8-4d3d-8074-78f58c0f21ea", "connection_name": "list_workspace"} */

    

  SHOW SCHEMAS IN `workspace`


  
[0m16:41:40.258497 [debug] [ThreadPool]: Opening a new connection, currently in state init
[0m16:41:41.343450 [debug] [ThreadPool]: Databricks adapter: Connection(session-id=01f17ba4-4c54-1f9b-bddb-b41132af87d4) - Created
[0m16:41:41.956173 [debug] [ThreadPool]: SQL status: OK in 1.700 seconds
[0m16:41:41.964644 [debug] [ThreadPool]: Databricks adapter: Cursor(session-id=01f17ba4-4c54-1f9b-bddb-b41132af87d4, command-id=01f17ba4-4c80-1d7e-9554-17ae095b6649) - Closing
[0m16:41:41.973091 [debug] [ThreadPool]: On list_workspace: Close
[0m16:41:41.973091 [debug] [ThreadPool]: Databricks adapter: Connection(session-id=01f17ba4-4c54-1f9b-bddb-b41132af87d4) - Closing
[0m16:41:42.205633 [debug] [ThreadPool]: Databricks adapter: DatabricksDBTConnection(session-id=None, name=list_workspace_raw_steam_marts) - Creating connection
[0m16:41:42.205633 [debug] [ThreadPool]: Acquiring new databricks connection 'list_workspace_raw_steam_marts'
[0m16:41:42.237989 [debug] [ThreadPool]: Using databricks connection "list_workspace_raw_steam_marts"
[0m16:41:42.237989 [debug] [ThreadPool]: On list_workspace_raw_steam_marts: /* {"app": "dbt", "dbt_version": "1.11.12", "dbt_databricks_version": "1.12.1", "databricks_sql_connector_version": "4.2.6", "profile_name": "databricks_free", "target_name": "dev", "invocation_id": "b5783aa0-bcc8-4d3d-8074-78f58c0f21ea", "connection_name": "list_workspace_raw_steam_marts"} */

    
SELECT
  table_name,
  if(table_type IN ('EXTERNAL', 'MANAGED', 'MANAGED_SHALLOW_CLONE', 'EXTERNAL_SHALLOW_CLONE'), 'table', lower(table_type)) AS table_type,
  lower(data_source_format) AS file_format,
  table_owner,
  if(
    table_type IN (
      'EXTERNAL',
      'MANAGED',
      'MANAGED_SHALLOW_CLONE',
      'EXTERNAL_SHALLOW_CLONE'
    ),
    lower(table_type),
    NULL
  ) AS databricks_table_type
FROM `system`.`information_schema`.`tables`
WHERE table_catalog = 'workspace'
  AND table_schema = 'raw_steam_marts'

  
[0m16:41:42.237989 [debug] [ThreadPool]: Opening a new connection, currently in state init
[0m16:41:43.264151 [debug] [ThreadPool]: Databricks adapter: Connection(session-id=01f17ba4-4d75-1b29-93fd-faba2cf28b53) - Created
[0m16:41:44.034887 [debug] [ThreadPool]: SQL status: OK in 1.800 seconds
[0m16:41:44.048173 [debug] [ThreadPool]: Databricks adapter: Cursor(session-id=01f17ba4-4d75-1b29-93fd-faba2cf28b53, command-id=01f17ba4-4da5-15ef-8008-2ce511b17068) - Closing
[0m16:41:44.048173 [debug] [ThreadPool]: On list_workspace_raw_steam_marts: Close
[0m16:41:44.048173 [debug] [ThreadPool]: Databricks adapter: Connection(session-id=01f17ba4-4d75-1b29-93fd-faba2cf28b53) - Closing
[0m16:41:44.243682 [debug] [ThreadPool]: Databricks adapter: DatabricksDBTConnection(session-id=None, name=list_workspace_raw_steam_staging) - Creating connection
[0m16:41:44.252227 [debug] [ThreadPool]: Acquiring new databricks connection 'list_workspace_raw_steam_staging'
[0m16:41:44.277609 [debug] [ThreadPool]: Using databricks connection "list_workspace_raw_steam_staging"
[0m16:41:44.277609 [debug] [ThreadPool]: On list_workspace_raw_steam_staging: /* {"app": "dbt", "dbt_version": "1.11.12", "dbt_databricks_version": "1.12.1", "databricks_sql_connector_version": "4.2.6", "profile_name": "databricks_free", "target_name": "dev", "invocation_id": "b5783aa0-bcc8-4d3d-8074-78f58c0f21ea", "connection_name": "list_workspace_raw_steam_staging"} */

    
SELECT
  table_name,
  if(table_type IN ('EXTERNAL', 'MANAGED', 'MANAGED_SHALLOW_CLONE', 'EXTERNAL_SHALLOW_CLONE'), 'table', lower(table_type)) AS table_type,
  lower(data_source_format) AS file_format,
  table_owner,
  if(
    table_type IN (
      'EXTERNAL',
      'MANAGED',
      'MANAGED_SHALLOW_CLONE',
      'EXTERNAL_SHALLOW_CLONE'
    ),
    lower(table_type),
    NULL
  ) AS databricks_table_type
FROM `system`.`information_schema`.`tables`
WHERE table_catalog = 'workspace'
  AND table_schema = 'raw_steam_staging'

  
[0m16:41:44.277609 [debug] [ThreadPool]: Opening a new connection, currently in state init
[0m16:41:45.244524 [debug] [ThreadPool]: Databricks adapter: Connection(session-id=01f17ba4-4eac-16c5-b3dd-9f83c70b44c0) - Created
[0m16:41:45.908784 [debug] [ThreadPool]: SQL status: OK in 1.630 seconds
[0m16:41:45.908784 [debug] [ThreadPool]: Databricks adapter: Cursor(session-id=01f17ba4-4eac-16c5-b3dd-9f83c70b44c0, command-id=01f17ba4-4ed3-1715-81a9-b19c0019c9d6) - Closing
[0m16:41:45.908784 [debug] [ThreadPool]: On list_workspace_raw_steam_staging: Close
[0m16:41:45.908784 [debug] [ThreadPool]: Databricks adapter: Connection(session-id=01f17ba4-4eac-16c5-b3dd-9f83c70b44c0) - Closing
[0m16:41:46.089418 [debug] [MainThread]: Sending event: {'category': 'dbt', 'action': 'runnable_timing', 'label': 'b5783aa0-bcc8-4d3d-8074-78f58c0f21ea', 'context': [<snowplow_tracker.self_describing_json.SelfDescribingJson object at 0x000002A0D22DB680>]}
[0m16:41:46.105896 [debug] [Thread-5 (]: Began running node model.dbt_steam_api.stg_steam_apps
[0m16:41:46.105896 [info ] [Thread-5 (]: 1 of 7 START sql view model raw_steam_staging.stg_steam_apps ................... [RUN]
[0m16:41:46.105896 [debug] [Thread-5 (]: Databricks adapter: DatabricksDBTConnection(session-id=None, name=model.dbt_steam_api.stg_steam_apps) - Creating connection
[0m16:41:46.105896 [debug] [Thread-5 (]: Acquiring new databricks connection 'model.dbt_steam_api.stg_steam_apps'
[0m16:41:46.113916 [debug] [Thread-5 (]: Began compiling node model.dbt_steam_api.stg_steam_apps
[0m16:41:46.137899 [debug] [Thread-5 (]: Writing injected SQL for node "model.dbt_steam_api.stg_steam_apps"
[0m16:41:46.137899 [debug] [Thread-5 (]: Began executing node model.dbt_steam_api.stg_steam_apps
[0m16:41:46.178118 [debug] [Thread-5 (]: MATERIALIZING VIEW
[0m16:41:46.226987 [debug] [Thread-5 (]: Creating view `workspace`.`raw_steam_staging`.`stg_steam_apps`
[0m16:41:46.251425 [debug] [Thread-5 (]: Writing runtime sql for node "model.dbt_steam_api.stg_steam_apps"
[0m16:41:46.251425 [debug] [Thread-5 (]: Using databricks connection "model.dbt_steam_api.stg_steam_apps"
[0m16:41:46.251425 [debug] [Thread-5 (]: On model.dbt_steam_api.stg_steam_apps: /* {"app": "dbt", "dbt_version": "1.11.12", "dbt_databricks_version": "1.12.1", "databricks_sql_connector_version": "4.2.6", "profile_name": "databricks_free", "target_name": "dev", "invocation_id": "b5783aa0-bcc8-4d3d-8074-78f58c0f21ea", "node_id": "model.dbt_steam_api.stg_steam_apps"} */

  
  
  
  create or replace view `workspace`.`raw_steam_staging`.`stg_steam_apps`
  
  as (
    WITH parsed AS (
    SELECT
        appid,
        TRIM(name) AS game_name,
        TRIM(developer) AS developer,
        TRIM(publisher) AS publisher,
        score_rank,
        owners,
        average_forever AS avg_playtime_minutes,
        average_2weeks AS avg_playtime_2weeks,
        median_forever AS median_playtime_minutes,
        median_2weeks AS median_playtime_2weeks,
        ccu AS peak_concurrent_users,
        price,
        initialprice AS original_price,
        discount,
        tags,
        languages,
        genre,
        
        -- Fix: Clean owners string before parsing
        -- Remove commas and extract numbers
        REGEXP_EXTRACT(owners, '([0-9,]+)', 1) AS owners_min_str,
        REGEXP_EXTRACT(owners, '\\.\\. ([0-9,]+)', 1) AS owners_max_str,
        
        -- Fix: Remove commas and cast to BIGINT
        CAST(REPLACE(REGEXP_EXTRACT(owners, '([0-9,]+)', 1), ',', '') AS BIGINT) AS owners_min,
        CAST(REPLACE(REGEXP_EXTRACT(owners, '\\.\\. ([0-9,]+)', 1), ',', '') AS BIGINT) AS owners_max,
        
        -- Calculate estimated owners (midpoint of range)
        ROUND((
            CAST(REPLACE(REGEXP_EXTRACT(owners, '([0-9,]+)', 1), ',', '') AS BIGINT) + 
            CAST(REPLACE(REGEXP_EXTRACT(owners, '\\.\\. ([0-9,]+)', 1), ',', '') AS BIGINT)
        ) / 2, 0) AS estimated_owners,
        
        -- Price categories
        CASE 
            WHEN price = 0 THEN 'Free'
            WHEN price <= 10 THEN 'Budget ($0-10)'
            WHEN price > 10 AND price <= 30 THEN 'Mid-tier ($10-30)'
            WHEN price > 30 AND price <= 60 THEN 'Premium ($30-60)'
            ELSE 'Ultra-Tier ($60+)'
        END AS price_tier,
        
        -- Engagement categories
        CASE
            WHEN average_forever < 60 THEN 'Casual (<1h)'
            WHEN average_forever < 600 THEN 'Moderate (1-10h)'
            WHEN average_forever < 3000 THEN 'Engaged (10-50h)'
            ELSE 'Hardcore (50h+)'
        END AS engagement_tier,
        
        -- Discount flag
        CASE WHEN discount > 0 THEN TRUE ELSE FALSE END AS is_discounted,
        
        -- Parse tags into array for analysis
        SPLIT(tags, ',') AS tag_list,
        
        -- Parse languages
        SPLIT(languages, ',') AS language_list,
        
        -- Parse genres
        SPLIT(genre, ',') AS genre_list,
        
        -- Success indicators
        CASE 
            WHEN ROUND((
                CAST(REPLACE(REGEXP_EXTRACT(owners, '([0-9,]+)', 1), ',', '') AS BIGINT) + 
                CAST(REPLACE(REGEXP_EXTRACT(owners, '\\.\\. ([0-9,]+)', 1), ',', '') AS BIGINT)
            ) / 2, 0) > 1000000 AND average_forever > 600 THEN 'Hit'
            WHEN ROUND((
                CAST(REPLACE(REGEXP_EXTRACT(owners, '([0-9,]+)', 1), ',', '') AS BIGINT) + 
                CAST(REPLACE(REGEXP_EXTRACT(owners, '\\.\\. ([0-9,]+)', 1), ',', '') AS BIGINT)
            ) / 2, 0) > 100000 THEN 'Successful'
            WHEN ROUND((
                CAST(REPLACE(REGEXP_EXTRACT(owners, '([0-9,]+)', 1), ',', '') AS BIGINT) + 
                CAST(REPLACE(REGEXP_EXTRACT(owners, '\\.\\. ([0-9,]+)', 1), ',', '') AS BIGINT)
            ) / 2, 0) > 10000 THEN 'Moderate'
            ELSE 'Niche'
        END AS success_category

    FROM `workspace`.`raw_steam`.`raw_apps`
    WHERE name IS NOT NULL AND name != ''
)

SELECT * FROM parsed
  )

[0m16:41:46.259423 [debug] [Thread-5 (]: Opening a new connection, currently in state init
[0m16:41:47.257559 [debug] [Thread-5 (]: Databricks adapter: Connection(session-id=01f17ba4-4fdd-10aa-9e82-365e67a9c67d) - Created
[0m16:41:48.689376 [debug] [Thread-5 (]: SQL status: OK in 2.440 seconds
[0m16:41:48.697334 [debug] [Thread-5 (]: Databricks adapter: Cursor(session-id=01f17ba4-4fdd-10aa-9e82-365e67a9c67d, command-id=01f17ba4-5006-1a1a-b05c-2ad601787f77) - Closing
[0m16:41:48.754493 [debug] [Thread-5 (]: Applying tags to relation None
[0m16:41:48.771122 [debug] [Thread-5 (]: On model.dbt_steam_api.stg_steam_apps: Close
[0m16:41:48.771122 [debug] [Thread-5 (]: Databricks adapter: Connection(session-id=01f17ba4-4fdd-10aa-9e82-365e67a9c67d) - Closing
[0m16:41:48.974773 [debug] [Thread-5 (]: Sending event: {'category': 'dbt', 'action': 'run_model', 'label': 'b5783aa0-bcc8-4d3d-8074-78f58c0f21ea', 'context': [<snowplow_tracker.self_describing_json.SelfDescribingJson object at 0x000002A0D1008F80>]}
[0m16:41:48.974773 [info ] [Thread-5 (]: 1 of 7 OK created sql view model raw_steam_staging.stg_steam_apps .............. [[32mOK[0m in 2.85s]
[0m16:41:48.983073 [debug] [Thread-5 (]: Finished running node model.dbt_steam_api.stg_steam_apps
[0m16:41:48.983073 [debug] [Thread-5 (]: Began running node model.dbt_steam_api.bridge_game_genres
[0m16:41:48.983073 [info ] [Thread-5 (]: 2 of 7 START sql table model raw_steam_staging.bridge_game_genres .............. [RUN]
[0m16:41:48.991073 [debug] [Thread-5 (]: Databricks adapter: DatabricksDBTConnection(session-id=None, name=model.dbt_steam_api.bridge_game_genres) - Creating connection
[0m16:41:48.991073 [debug] [Thread-5 (]: Acquiring new databricks connection 'model.dbt_steam_api.bridge_game_genres'
[0m16:41:48.991073 [debug] [Thread-5 (]: Began compiling node model.dbt_steam_api.bridge_game_genres
[0m16:41:49.023806 [debug] [Thread-5 (]: Writing injected SQL for node "model.dbt_steam_api.bridge_game_genres"
[0m16:41:49.023806 [debug] [Thread-5 (]: Began executing node model.dbt_steam_api.bridge_game_genres
[0m16:41:49.096182 [debug] [Thread-5 (]: MATERIALIZING TABLE
[0m16:41:49.169814 [debug] [Thread-5 (]: Using databricks connection "model.dbt_steam_api.bridge_game_genres"
[0m16:41:49.178069 [debug] [Thread-5 (]: On model.dbt_steam_api.bridge_game_genres: /* {"app": "dbt", "dbt_version": "1.11.12", "dbt_databricks_version": "1.12.1", "databricks_sql_connector_version": "4.2.6", "profile_name": "databricks_free", "target_name": "dev", "invocation_id": "b5783aa0-bcc8-4d3d-8074-78f58c0f21ea", "node_id": "model.dbt_steam_api.bridge_game_genres"} */
SELECT
    table_catalog,
    table_schema,
    table_name,
    filter_name,
    target_columns
  FROM `workspace`.`information_schema`.`row_filters`
  WHERE table_catalog = 'workspace'
    AND table_schema = 'raw_steam_staging'
    AND table_name = 'bridge_game_genres'
[0m16:41:49.178069 [debug] [Thread-5 (]: Opening a new connection, currently in state init
[0m16:41:50.085406 [debug] [Thread-5 (]: Databricks adapter: Connection(session-id=01f17ba4-518d-12fb-9c40-81a9ac061076) - Created
[0m16:41:50.679379 [debug] [Thread-5 (]: SQL status: OK in 1.500 seconds
[0m16:41:50.696416 [debug] [Thread-5 (]: Databricks adapter: Cursor(session-id=01f17ba4-518d-12fb-9c40-81a9ac061076, command-id=01f17ba4-51b6-146c-838c-e40b58bd9bb5) - Closing
[0m16:41:50.760940 [debug] [Thread-5 (]: Writing runtime sql for node "model.dbt_steam_api.bridge_game_genres"
[0m16:41:50.760940 [debug] [Thread-5 (]: Using databricks connection "model.dbt_steam_api.bridge_game_genres"
[0m16:41:50.760940 [debug] [Thread-5 (]: On model.dbt_steam_api.bridge_game_genres: /* {"app": "dbt", "dbt_version": "1.11.12", "dbt_databricks_version": "1.12.1", "databricks_sql_connector_version": "4.2.6", "profile_name": "databricks_free", "target_name": "dev", "invocation_id": "b5783aa0-bcc8-4d3d-8074-78f58c0f21ea", "node_id": "model.dbt_steam_api.bridge_game_genres"} */

  
    
        create or replace table `workspace`.`raw_steam_staging`.`bridge_game_genres`
      
      
    using delta
  
      
      
      
      
      
      
      
      
      as
      WITH exploded AS (
    SELECT
        appid,
        game_name,
        TRIM(g) AS genre
    FROM `workspace`.`raw_steam_staging`.`stg_steam_apps`,
    LATERAL EXPLODE(genre_list) AS t(g)
)

SELECT
    appid,
    game_name,
    genre,
    COUNT(*) OVER (PARTITION BY genre) AS games_in_genre
FROM exploded
WHERE genre IS NOT NULL AND genre != ''
  
[0m16:41:55.226259 [debug] [Thread-5 (]: SQL status: OK in 4.470 seconds
[0m16:41:55.234642 [debug] [Thread-5 (]: Databricks adapter: Cursor(session-id=01f17ba4-518d-12fb-9c40-81a9ac061076, command-id=01f17ba4-521e-195e-9b54-e99ce4a8c733) - Closing
[0m16:41:55.259889 [debug] [Thread-5 (]: Applying tags to relation None
[0m16:41:55.345224 [debug] [Thread-5 (]: On model.dbt_steam_api.bridge_game_genres: Close
[0m16:41:55.345224 [debug] [Thread-5 (]: Databricks adapter: Connection(session-id=01f17ba4-518d-12fb-9c40-81a9ac061076) - Closing
[0m16:41:55.528013 [debug] [Thread-5 (]: Sending event: {'category': 'dbt', 'action': 'run_model', 'label': 'b5783aa0-bcc8-4d3d-8074-78f58c0f21ea', 'context': [<snowplow_tracker.self_describing_json.SelfDescribingJson object at 0x000002A0D2462A80>]}
[0m16:41:55.528013 [info ] [Thread-5 (]: 2 of 7 OK created sql table model raw_steam_staging.bridge_game_genres ......... [[32mOK[0m in 6.54s]
[0m16:41:55.528013 [debug] [Thread-5 (]: Finished running node model.dbt_steam_api.bridge_game_genres
[0m16:41:55.528013 [debug] [Thread-5 (]: Began running node model.dbt_steam_api.bridge_game_languages
[0m16:41:55.536013 [info ] [Thread-5 (]: 3 of 7 START sql table model raw_steam_staging.bridge_game_languages ........... [RUN]
[0m16:41:55.536013 [debug] [Thread-5 (]: Databricks adapter: DatabricksDBTConnection(session-id=None, name=model.dbt_steam_api.bridge_game_languages) - Creating connection
[0m16:41:55.536013 [debug] [Thread-5 (]: Acquiring new databricks connection 'model.dbt_steam_api.bridge_game_languages'
[0m16:41:55.536013 [debug] [Thread-5 (]: Began compiling node model.dbt_steam_api.bridge_game_languages
[0m16:41:55.554575 [debug] [Thread-5 (]: Writing injected SQL for node "model.dbt_steam_api.bridge_game_languages"
[0m16:41:55.554575 [debug] [Thread-5 (]: Began executing node model.dbt_steam_api.bridge_game_languages
[0m16:41:55.563136 [debug] [Thread-5 (]: MATERIALIZING TABLE
[0m16:41:55.571136 [debug] [Thread-5 (]: Using databricks connection "model.dbt_steam_api.bridge_game_languages"
[0m16:41:55.571136 [debug] [Thread-5 (]: On model.dbt_steam_api.bridge_game_languages: /* {"app": "dbt", "dbt_version": "1.11.12", "dbt_databricks_version": "1.12.1", "databricks_sql_connector_version": "4.2.6", "profile_name": "databricks_free", "target_name": "dev", "invocation_id": "b5783aa0-bcc8-4d3d-8074-78f58c0f21ea", "node_id": "model.dbt_steam_api.bridge_game_languages"} */
SELECT
    table_catalog,
    table_schema,
    table_name,
    filter_name,
    target_columns
  FROM `workspace`.`information_schema`.`row_filters`
  WHERE table_catalog = 'workspace'
    AND table_schema = 'raw_steam_staging'
    AND table_name = 'bridge_game_languages'
[0m16:41:55.571136 [debug] [Thread-5 (]: Opening a new connection, currently in state init
[0m16:41:56.483702 [debug] [Thread-5 (]: Databricks adapter: Connection(session-id=01f17ba4-555d-1065-b706-672a60cf6df5) - Created
[0m16:41:57.175389 [debug] [Thread-5 (]: SQL status: OK in 1.600 seconds
[0m16:41:57.185211 [debug] [Thread-5 (]: Databricks adapter: Cursor(session-id=01f17ba4-555d-1065-b706-672a60cf6df5, command-id=01f17ba4-5585-1648-a091-97314c4a9332) - Closing
[0m16:41:57.202453 [debug] [Thread-5 (]: Writing runtime sql for node "model.dbt_steam_api.bridge_game_languages"
[0m16:41:57.202453 [debug] [Thread-5 (]: Using databricks connection "model.dbt_steam_api.bridge_game_languages"
[0m16:41:57.210460 [debug] [Thread-5 (]: On model.dbt_steam_api.bridge_game_languages: /* {"app": "dbt", "dbt_version": "1.11.12", "dbt_databricks_version": "1.12.1", "databricks_sql_connector_version": "4.2.6", "profile_name": "databricks_free", "target_name": "dev", "invocation_id": "b5783aa0-bcc8-4d3d-8074-78f58c0f21ea", "node_id": "model.dbt_steam_api.bridge_game_languages"} */

  
    
        create or replace table `workspace`.`raw_steam_staging`.`bridge_game_languages`
      
      
    using delta
  
      
      
      
      
      
      
      
      
      as
      -- models/marts/bridge_game_languages.sql


WITH exploded AS (
    SELECT
        appid,
        game_name,
        estimated_owners,
        avg_playtime_minutes,
        price,
        success_category,
        TRIM(lang) AS language
    FROM `workspace`.`raw_steam_staging`.`stg_steam_apps`,
    LATERAL EXPLODE(language_list) AS t(lang)
)

SELECT
    appid,
    game_name,
    language,
    estimated_owners,
    avg_playtime_minutes,
    price,
    success_category,
    COUNT(*) OVER (PARTITION BY language) AS games_with_language
FROM exploded
WHERE language IS NOT NULL AND language != ''
  
[0m16:42:02.119459 [debug] [Thread-5 (]: SQL status: OK in 4.910 seconds
[0m16:42:02.130059 [debug] [Thread-5 (]: Databricks adapter: Cursor(session-id=01f17ba4-555d-1065-b706-672a60cf6df5, command-id=01f17ba4-55f4-1792-9162-f4fbeeae7f11) - Closing
[0m16:42:02.139984 [debug] [Thread-5 (]: Applying tags to relation None
[0m16:42:02.147995 [debug] [Thread-5 (]: On model.dbt_steam_api.bridge_game_languages: Close
[0m16:42:02.147995 [debug] [Thread-5 (]: Databricks adapter: Connection(session-id=01f17ba4-555d-1065-b706-672a60cf6df5) - Closing
[0m16:42:02.318358 [debug] [Thread-5 (]: Sending event: {'category': 'dbt', 'action': 'run_model', 'label': 'b5783aa0-bcc8-4d3d-8074-78f58c0f21ea', 'context': [<snowplow_tracker.self_describing_json.SelfDescribingJson object at 0x000002A0D1FE50D0>]}
[0m16:42:02.327465 [info ] [Thread-5 (]: 3 of 7 OK created sql table model raw_steam_staging.bridge_game_languages ...... [[32mOK[0m in 6.78s]
[0m16:42:02.335871 [debug] [Thread-5 (]: Finished running node model.dbt_steam_api.bridge_game_languages
[0m16:42:02.335871 [debug] [Thread-5 (]: Began running node model.dbt_steam_api.bridge_game_tags
[0m16:42:02.343881 [info ] [Thread-5 (]: 4 of 7 START sql table model raw_steam_staging.bridge_game_tags ................ [RUN]
[0m16:42:02.343881 [debug] [Thread-5 (]: Databricks adapter: DatabricksDBTConnection(session-id=None, name=model.dbt_steam_api.bridge_game_tags) - Creating connection
[0m16:42:02.351869 [debug] [Thread-5 (]: Acquiring new databricks connection 'model.dbt_steam_api.bridge_game_tags'
[0m16:42:02.351869 [debug] [Thread-5 (]: Began compiling node model.dbt_steam_api.bridge_game_tags
[0m16:42:02.380326 [debug] [Thread-5 (]: Writing injected SQL for node "model.dbt_steam_api.bridge_game_tags"
[0m16:42:02.380326 [debug] [Thread-5 (]: Began executing node model.dbt_steam_api.bridge_game_tags
[0m16:42:02.396670 [debug] [Thread-5 (]: MATERIALIZING TABLE
[0m16:42:02.405037 [debug] [Thread-5 (]: Using databricks connection "model.dbt_steam_api.bridge_game_tags"
[0m16:42:02.405037 [debug] [Thread-5 (]: On model.dbt_steam_api.bridge_game_tags: /* {"app": "dbt", "dbt_version": "1.11.12", "dbt_databricks_version": "1.12.1", "databricks_sql_connector_version": "4.2.6", "profile_name": "databricks_free", "target_name": "dev", "invocation_id": "b5783aa0-bcc8-4d3d-8074-78f58c0f21ea", "node_id": "model.dbt_steam_api.bridge_game_tags"} */
SELECT
    table_catalog,
    table_schema,
    table_name,
    filter_name,
    target_columns
  FROM `workspace`.`information_schema`.`row_filters`
  WHERE table_catalog = 'workspace'
    AND table_schema = 'raw_steam_staging'
    AND table_name = 'bridge_game_tags'
[0m16:42:02.405037 [debug] [Thread-5 (]: Opening a new connection, currently in state init
[0m16:42:03.446236 [debug] [Thread-5 (]: Databricks adapter: Connection(session-id=01f17ba4-597d-194f-aace-0f67e8d1da10) - Created
[0m16:42:04.084291 [debug] [Thread-5 (]: SQL status: OK in 1.680 seconds
[0m16:42:04.100756 [debug] [Thread-5 (]: Databricks adapter: Cursor(session-id=01f17ba4-597d-194f-aace-0f67e8d1da10, command-id=01f17ba4-59ab-18d3-8e0c-97a89d175307) - Closing
[0m16:42:04.109451 [debug] [Thread-5 (]: Writing runtime sql for node "model.dbt_steam_api.bridge_game_tags"
[0m16:42:04.117890 [debug] [Thread-5 (]: Using databricks connection "model.dbt_steam_api.bridge_game_tags"
[0m16:42:04.117890 [debug] [Thread-5 (]: On model.dbt_steam_api.bridge_game_tags: /* {"app": "dbt", "dbt_version": "1.11.12", "dbt_databricks_version": "1.12.1", "databricks_sql_connector_version": "4.2.6", "profile_name": "databricks_free", "target_name": "dev", "invocation_id": "b5783aa0-bcc8-4d3d-8074-78f58c0f21ea", "node_id": "model.dbt_steam_api.bridge_game_tags"} */

  
    
        create or replace table `workspace`.`raw_steam_staging`.`bridge_game_tags`
      
      
    using delta
  
      
      
      
      
      
      
      
      
      as
      WITH exploded AS (
    SELECT
        appid,
        game_name,
        TRIM(tag) AS tag
    FROM `workspace`.`raw_steam_staging`.`stg_steam_apps`,
    LATERAL EXPLODE(tag_list) AS t(tag)
)

SELECT
    appid,
    game_name,
    tag,
    COUNT(*) OVER (PARTITION BY tag) AS games_with_tag
FROM exploded
WHERE tag IS NOT NULL AND tag != ''
  
[0m16:42:07.456143 [debug] [Thread-5 (]: SQL status: OK in 3.330 seconds
[0m16:42:07.464989 [debug] [Thread-5 (]: Databricks adapter: Cursor(session-id=01f17ba4-597d-194f-aace-0f67e8d1da10, command-id=01f17ba4-5a13-1796-bb41-9dcc280b3e28) - Closing
[0m16:42:07.464989 [debug] [Thread-5 (]: Applying tags to relation None
[0m16:42:07.481877 [debug] [Thread-5 (]: On model.dbt_steam_api.bridge_game_tags: Close
[0m16:42:07.481877 [debug] [Thread-5 (]: Databricks adapter: Connection(session-id=01f17ba4-597d-194f-aace-0f67e8d1da10) - Closing
[0m16:42:07.666682 [debug] [Thread-5 (]: Sending event: {'category': 'dbt', 'action': 'run_model', 'label': 'b5783aa0-bcc8-4d3d-8074-78f58c0f21ea', 'context': [<snowplow_tracker.self_describing_json.SelfDescribingJson object at 0x000002A0D22E27B0>]}
[0m16:42:07.666682 [info ] [Thread-5 (]: 4 of 7 OK created sql table model raw_steam_staging.bridge_game_tags ........... [[32mOK[0m in 5.31s]
[0m16:42:07.675212 [debug] [Thread-5 (]: Finished running node model.dbt_steam_api.bridge_game_tags
[0m16:42:07.675212 [debug] [Thread-5 (]: Began running node model.dbt_steam_api.dim_games
[0m16:42:07.683223 [info ] [Thread-5 (]: 5 of 7 START sql table model raw_steam_staging.dim_games ....................... [RUN]
[0m16:42:07.688037 [debug] [Thread-5 (]: Databricks adapter: DatabricksDBTConnection(session-id=None, name=model.dbt_steam_api.dim_games) - Creating connection
[0m16:42:07.688037 [debug] [Thread-5 (]: Acquiring new databricks connection 'model.dbt_steam_api.dim_games'
[0m16:42:07.696040 [debug] [Thread-5 (]: Began compiling node model.dbt_steam_api.dim_games
[0m16:42:07.712040 [debug] [Thread-5 (]: Writing injected SQL for node "model.dbt_steam_api.dim_games"
[0m16:42:07.720032 [debug] [Thread-5 (]: Began executing node model.dbt_steam_api.dim_games
[0m16:42:07.731611 [debug] [Thread-5 (]: MATERIALIZING TABLE
[0m16:42:07.756276 [debug] [Thread-5 (]: Using databricks connection "model.dbt_steam_api.dim_games"
[0m16:42:07.765229 [debug] [Thread-5 (]: On model.dbt_steam_api.dim_games: /* {"app": "dbt", "dbt_version": "1.11.12", "dbt_databricks_version": "1.12.1", "databricks_sql_connector_version": "4.2.6", "profile_name": "databricks_free", "target_name": "dev", "invocation_id": "b5783aa0-bcc8-4d3d-8074-78f58c0f21ea", "node_id": "model.dbt_steam_api.dim_games"} */
SELECT
    table_catalog,
    table_schema,
    table_name,
    filter_name,
    target_columns
  FROM `workspace`.`information_schema`.`row_filters`
  WHERE table_catalog = 'workspace'
    AND table_schema = 'raw_steam_staging'
    AND table_name = 'dim_games'
[0m16:42:07.765229 [debug] [Thread-5 (]: Opening a new connection, currently in state init
[0m16:42:08.700301 [debug] [Thread-5 (]: Databricks adapter: Connection(session-id=01f17ba4-5c9f-1323-a7f4-4738126e1b54) - Created
[0m16:42:09.333472 [debug] [Thread-5 (]: SQL status: OK in 1.570 seconds
[0m16:42:09.341913 [debug] [Thread-5 (]: Databricks adapter: Cursor(session-id=01f17ba4-5c9f-1323-a7f4-4738126e1b54, command-id=01f17ba4-5cce-18d2-a0df-9a9142e3869d) - Closing
[0m16:42:09.358320 [debug] [Thread-5 (]: Writing runtime sql for node "model.dbt_steam_api.dim_games"
[0m16:42:09.358320 [debug] [Thread-5 (]: Using databricks connection "model.dbt_steam_api.dim_games"
[0m16:42:09.366723 [debug] [Thread-5 (]: On model.dbt_steam_api.dim_games: /* {"app": "dbt", "dbt_version": "1.11.12", "dbt_databricks_version": "1.12.1", "databricks_sql_connector_version": "4.2.6", "profile_name": "databricks_free", "target_name": "dev", "invocation_id": "b5783aa0-bcc8-4d3d-8074-78f58c0f21ea", "node_id": "model.dbt_steam_api.dim_games"} */

  
    
        create or replace table `workspace`.`raw_steam_staging`.`dim_games`
      
      
    using delta
  
      
      
      
      
      
      
      
      
      as
      SELECT
    appid,
    game_name,
    developer,
    publisher,
    price_tier,
    engagement_tier,
    success_category,
    tags,
    languages,
    genre,
    CURRENT_TIMESTAMP() AS loaded_at
FROM `workspace`.`raw_steam_staging`.`stg_steam_apps`
  
[0m16:42:13.073844 [debug] [Thread-5 (]: SQL status: OK in 3.710 seconds
[0m16:42:13.082263 [debug] [Thread-5 (]: Databricks adapter: Cursor(session-id=01f17ba4-5c9f-1323-a7f4-4738126e1b54, command-id=01f17ba4-5d33-1a36-97a4-68e3a9096907) - Closing
[0m16:42:13.090265 [debug] [Thread-5 (]: Applying tags to relation None
[0m16:42:13.098263 [debug] [Thread-5 (]: On model.dbt_steam_api.dim_games: Close
[0m16:42:13.098617 [debug] [Thread-5 (]: Databricks adapter: Connection(session-id=01f17ba4-5c9f-1323-a7f4-4738126e1b54) - Closing
[0m16:42:13.280548 [debug] [Thread-5 (]: Sending event: {'category': 'dbt', 'action': 'run_model', 'label': 'b5783aa0-bcc8-4d3d-8074-78f58c0f21ea', 'context': [<snowplow_tracker.self_describing_json.SelfDescribingJson object at 0x000002A0D24297C0>]}
[0m16:42:13.289423 [info ] [Thread-5 (]: 5 of 7 OK created sql table model raw_steam_staging.dim_games .................. [[32mOK[0m in 5.59s]
[0m16:42:13.289423 [debug] [Thread-5 (]: Finished running node model.dbt_steam_api.dim_games
[0m16:42:13.298100 [debug] [Thread-5 (]: Began running node model.dbt_steam_api.fct_game_performance
[0m16:42:13.298100 [info ] [Thread-5 (]: 6 of 7 START sql table model raw_steam_staging.fct_game_performance ............ [RUN]
[0m16:42:13.308821 [debug] [Thread-5 (]: Databricks adapter: DatabricksDBTConnection(session-id=None, name=model.dbt_steam_api.fct_game_performance) - Creating connection
[0m16:42:13.308821 [debug] [Thread-5 (]: Acquiring new databricks connection 'model.dbt_steam_api.fct_game_performance'
[0m16:42:13.316822 [debug] [Thread-5 (]: Began compiling node model.dbt_steam_api.fct_game_performance
[0m16:42:13.357140 [debug] [Thread-5 (]: Writing injected SQL for node "model.dbt_steam_api.fct_game_performance"
[0m16:42:13.357140 [debug] [Thread-5 (]: Began executing node model.dbt_steam_api.fct_game_performance
[0m16:42:13.373130 [debug] [Thread-5 (]: MATERIALIZING TABLE
[0m16:42:13.373130 [debug] [Thread-5 (]: Using databricks connection "model.dbt_steam_api.fct_game_performance"
[0m16:42:13.373130 [debug] [Thread-5 (]: On model.dbt_steam_api.fct_game_performance: /* {"app": "dbt", "dbt_version": "1.11.12", "dbt_databricks_version": "1.12.1", "databricks_sql_connector_version": "4.2.6", "profile_name": "databricks_free", "target_name": "dev", "invocation_id": "b5783aa0-bcc8-4d3d-8074-78f58c0f21ea", "node_id": "model.dbt_steam_api.fct_game_performance"} */
SELECT
    table_catalog,
    table_schema,
    table_name,
    filter_name,
    target_columns
  FROM `workspace`.`information_schema`.`row_filters`
  WHERE table_catalog = 'workspace'
    AND table_schema = 'raw_steam_staging'
    AND table_name = 'fct_game_performance'
[0m16:42:13.373130 [debug] [Thread-5 (]: Opening a new connection, currently in state init
[0m16:42:14.389604 [debug] [Thread-5 (]: Databricks adapter: Connection(session-id=01f17ba4-6000-1529-8137-9f4984a3593f) - Created
[0m16:42:15.173480 [debug] [Thread-5 (]: SQL status: OK in 1.790 seconds
[0m16:42:15.188839 [debug] [Thread-5 (]: Databricks adapter: Cursor(session-id=01f17ba4-6000-1529-8137-9f4984a3593f, command-id=01f17ba4-6033-1c6f-a87d-2b2335f8ffea) - Closing
[0m16:42:15.197271 [debug] [Thread-5 (]: Writing runtime sql for node "model.dbt_steam_api.fct_game_performance"
[0m16:42:15.205281 [debug] [Thread-5 (]: Using databricks connection "model.dbt_steam_api.fct_game_performance"
[0m16:42:15.205281 [debug] [Thread-5 (]: On model.dbt_steam_api.fct_game_performance: /* {"app": "dbt", "dbt_version": "1.11.12", "dbt_databricks_version": "1.12.1", "databricks_sql_connector_version": "4.2.6", "profile_name": "databricks_free", "target_name": "dev", "invocation_id": "b5783aa0-bcc8-4d3d-8074-78f58c0f21ea", "node_id": "model.dbt_steam_api.fct_game_performance"} */

  
    
        create or replace table `workspace`.`raw_steam_staging`.`fct_game_performance`
      
      
    using delta
  
      
      
      
      
      
      
      
      
      as
      SELECT
    appid,
    game_name,
    developer,
    publisher,
    genre,
    price_tier,
    engagement_tier,
    success_category,

    -- Financial metrics
    price,
    original_price,
    discount,
    estimated_owners,
    ROUND(price * estimated_owners, 2) AS estimated_revenue,

    -- Engagement metrics
    avg_playtime_minutes,
    median_playtime_minutes,
    peak_concurrent_users,

    -- Ratios
    ROUND(avg_playtime_minutes / NULLIF(price, 0), 2) AS playtime_per_dollar,
    ROUND(peak_concurrent_users / NULLIF(estimated_owners, 0) * 100, 4) AS ccu_conversion_rate,

    CURRENT_DATE() AS snapshot_date

FROM `workspace`.`raw_steam_staging`.`stg_steam_apps`
  
[0m16:42:18.982321 [debug] [Thread-5 (]: SQL status: OK in 3.770 seconds
[0m16:42:18.982321 [debug] [Thread-5 (]: Databricks adapter: Cursor(session-id=01f17ba4-6000-1529-8137-9f4984a3593f, command-id=01f17ba4-60ae-19d3-9940-f6e2245622f5) - Closing
[0m16:42:18.990356 [debug] [Thread-5 (]: Applying tags to relation None
[0m16:42:19.006788 [debug] [Thread-5 (]: On model.dbt_steam_api.fct_game_performance: Close
[0m16:42:19.007401 [debug] [Thread-5 (]: Databricks adapter: Connection(session-id=01f17ba4-6000-1529-8137-9f4984a3593f) - Closing
[0m16:42:19.193301 [debug] [Thread-5 (]: Sending event: {'category': 'dbt', 'action': 'run_model', 'label': 'b5783aa0-bcc8-4d3d-8074-78f58c0f21ea', 'context': [<snowplow_tracker.self_describing_json.SelfDescribingJson object at 0x000002A0D2459B80>]}
[0m16:42:19.193301 [info ] [Thread-5 (]: 6 of 7 OK created sql table model raw_steam_staging.fct_game_performance ....... [[32mOK[0m in 5.88s]
[0m16:42:19.201884 [debug] [Thread-5 (]: Finished running node model.dbt_steam_api.fct_game_performance
[0m16:42:19.209920 [debug] [Thread-5 (]: Began running node model.dbt_steam_api.mart_valve_recommendations
[0m16:42:19.209920 [info ] [Thread-5 (]: 7 of 7 START sql table model raw_steam_marts.mart_valve_recommendations ........ [RUN]
[0m16:42:19.219977 [debug] [Thread-5 (]: Databricks adapter: DatabricksDBTConnection(session-id=None, name=model.dbt_steam_api.mart_valve_recommendations) - Creating connection
[0m16:42:19.219977 [debug] [Thread-5 (]: Acquiring new databricks connection 'model.dbt_steam_api.mart_valve_recommendations'
[0m16:42:19.227980 [debug] [Thread-5 (]: Began compiling node model.dbt_steam_api.mart_valve_recommendations
[0m16:42:19.267921 [debug] [Thread-5 (]: Writing injected SQL for node "model.dbt_steam_api.mart_valve_recommendations"
[0m16:42:19.275926 [debug] [Thread-5 (]: Began executing node model.dbt_steam_api.mart_valve_recommendations
[0m16:42:19.283925 [debug] [Thread-5 (]: MATERIALIZING TABLE
[0m16:42:19.291920 [debug] [Thread-5 (]: Using databricks connection "model.dbt_steam_api.mart_valve_recommendations"
[0m16:42:19.291920 [debug] [Thread-5 (]: On model.dbt_steam_api.mart_valve_recommendations: /* {"app": "dbt", "dbt_version": "1.11.12", "dbt_databricks_version": "1.12.1", "databricks_sql_connector_version": "4.2.6", "profile_name": "databricks_free", "target_name": "dev", "invocation_id": "b5783aa0-bcc8-4d3d-8074-78f58c0f21ea", "node_id": "model.dbt_steam_api.mart_valve_recommendations"} */
SELECT
    table_catalog,
    table_schema,
    table_name,
    filter_name,
    target_columns
  FROM `workspace`.`information_schema`.`row_filters`
  WHERE table_catalog = 'workspace'
    AND table_schema = 'raw_steam_marts'
    AND table_name = 'mart_valve_recommendations'
[0m16:42:19.291920 [debug] [Thread-5 (]: Opening a new connection, currently in state init
[0m16:42:20.446891 [debug] [Thread-5 (]: Databricks adapter: Connection(session-id=01f17ba4-63a1-196d-b5df-0f5eec87a137) - Created
[0m16:42:21.161093 [debug] [Thread-5 (]: SQL status: OK in 1.870 seconds
[0m16:42:21.169114 [debug] [Thread-5 (]: Databricks adapter: Cursor(session-id=01f17ba4-63a1-196d-b5df-0f5eec87a137, command-id=01f17ba4-63ce-1f14-bbfe-360536801acd) - Closing
[0m16:42:21.177093 [debug] [Thread-5 (]: Writing runtime sql for node "model.dbt_steam_api.mart_valve_recommendations"
[0m16:42:21.177093 [debug] [Thread-5 (]: Using databricks connection "model.dbt_steam_api.mart_valve_recommendations"
[0m16:42:21.177093 [debug] [Thread-5 (]: On model.dbt_steam_api.mart_valve_recommendations: /* {"app": "dbt", "dbt_version": "1.11.12", "dbt_databricks_version": "1.12.1", "databricks_sql_connector_version": "4.2.6", "profile_name": "databricks_free", "target_name": "dev", "invocation_id": "b5783aa0-bcc8-4d3d-8074-78f58c0f21ea", "node_id": "model.dbt_steam_api.mart_valve_recommendations"} */

  
    
        create or replace table `workspace`.`raw_steam_marts`.`mart_valve_recommendations`
      
      
    using delta
  
      
      
      
      
      
      
      
      
      as
      WITH genre_analysis AS (
    SELECT
        genre,
        COUNT(DISTINCT appid) AS game_count,
        ROUND(AVG(price), 2) AS avg_price,
        ROUND(AVG(estimated_owners), 0) AS avg_owners,
        ROUND(AVG(avg_playtime_minutes), 0) AS avg_playtime,
        ROUND(AVG(discount), 0) AS avg_discount,
        ROUND(AVG(peak_concurrent_users), 0) AS avg_peak_ccu,
        SUM(CASE WHEN success_category = 'Hit' THEN 1 ELSE 0 END) AS hit_count,
        ROUND(
            SUM(CASE WHEN success_category = 'Hit' THEN 1 ELSE 0 END) * 100.0 / COUNT(*),
            2
        ) AS hit_rate_pct
    FROM `workspace`.`raw_steam_staging`.`fct_game_performance`
    WHERE genre IS NOT NULL AND genre != ''
    GROUP BY genre
),

tag_analysis AS (
    SELECT
        tag,
        COUNT(DISTINCT appid) AS game_count,
        ROUND(AVG(estimated_owners), 0) AS avg_owners,
        ROUND(AVG(avg_playtime_minutes), 0) AS avg_playtime,
        ROUND(AVG(price), 2) AS avg_price
    FROM `workspace`.`raw_steam_staging`.`bridge_game_tags`
    GROUP BY tag
    HAVING COUNT(DISTINCT appid) >= 5
),

price_analysis AS (
    SELECT
        price_tier,
        COUNT(*) AS game_count,
        ROUND(AVG(estimated_owners), 0) AS avg_owners,
        ROUND(AVG(avg_playtime_minutes), 0) AS avg_playtime,
        ROUND(AVG(discount), 0) AS avg_discount,
        SUM(CASE WHEN success_category IN ('Hit', 'Successful') THEN 1 ELSE 0 END) AS successful_count,
        ROUND(
            SUM(CASE WHEN success_category IN ('Hit', 'Successful') THEN 1 ELSE 0 END) * 100.0 / COUNT(*),
            2
        ) AS success_rate_pct
    FROM `workspace`.`raw_steam_staging`.`fct_game_performance`
    GROUP BY price_tier
),

engagement_analysis AS (
    SELECT
        engagement_tier,
        COUNT(*) AS game_count,
        ROUND(AVG(price), 2) AS avg_price,
        ROUND(AVG(discount), 0) AS avg_discount,
        ROUND(AVG(peak_concurrent_users), 0) AS avg_peak_ccu
    FROM `workspace`.`raw_steam_staging`.`fct_game_performance`
    GROUP BY engagement_tier
)

-- Final recommendations table
SELECT
    'genre' AS insight_category,
    genre AS insight_value,
    hit_rate_pct AS metric_value,
    CONCAT(
        'Genre "', genre, '" has ', game_count, ' games with ',
        hit_rate_pct, '% hit rate. Avg price $', avg_price,
        '. Consider this genre for new game development.'
    ) AS recommendation
FROM genre_analysis
WHERE hit_rate_pct > 10

UNION ALL

SELECT
    'price_tier' AS insight_category,
    price_tier AS insight_value,
    success_rate_pct AS metric_value,
    CONCAT(
        'Price tier "', price_tier, '" shows ', success_rate_pct,
        '% success rate with avg ', avg_owners, ' owners.',
        CASE 
            WHEN avg_discount > 20 THEN ' Heavy discounting common.'
            ELSE ' Minimal discounting needed.'
        END
    ) AS recommendation
FROM price_analysis

UNION ALL

SELECT
    'engagement' AS insight_category,
    engagement_tier AS insight_value,
    avg_peak_ccu AS metric_value,
    CONCAT(
        'Games with "', engagement_tier, '" engagement average ',
        avg_peak_ccu, ' peak CCU. Avg price $', avg_price, '.'
    ) AS recommendation
FROM engagement_analysis
  
[0m16:42:21.923838 [debug] [Thread-5 (]: Databricks adapter: Exception while trying to execute query
/* {"app": "dbt", "dbt_version": "1.11.12", "dbt_databricks_version": "1.12.1", "databricks_sql_connector_version": "4.2.6", "profile_name": "databricks_free", "target_name": "dev", "invocation_id": "b5783aa0-bcc8-4d3d-8074-78f58c0f21ea", "node_id": "model.dbt_steam_api.mart_valve_recommendations"} */

  
    
        create or replace table `workspace`.`raw_steam_marts`.`mart_valve_recommendations`
      
      
    using delta
  
      
      
      
      
      
      
      
      
      as
      WITH genre_analysis AS (
    SELECT
        genre,
        COUNT(DISTINCT appid) AS game_count,
        ROUND(AVG(price), 2) AS avg_price,
        ROUND(AVG(estimated_owners), 0) AS avg_owners,
        ROUND(AVG(avg_playtime_minutes), 0) AS avg_playtime,
        ROUND(AVG(discount), 0) AS avg_discount,
        ROUND(AVG(peak_concurrent_users), 0) AS avg_peak_ccu,
        SUM(CASE WHEN success_category = 'Hit' THEN 1 ELSE 0 END) AS hit_count,
        ROUND(
            SUM(CASE WHEN success_category = 'Hit' THEN 1 ELSE 0 END) * 100.0 / COUNT(*),
            2
        ) AS hit_rate_pct
    FROM `workspace`.`raw_steam_staging`.`fct_game_performance`
    WHERE genre IS NOT NULL AND genre != ''
    GROUP BY genre
),

tag_analysis AS (
    SELECT
        tag,
        COUNT(DISTINCT appid) AS game_count,
        ROUND(AVG(estimated_owners), 0) AS avg_owners,
        ROUND(AVG(avg_playtime_minutes), 0) AS avg_playtime,
        ROUND(AVG(price), 2) AS avg_price
    FROM `workspace`.`raw_steam_staging`.`bridge_game_tags`
    GROUP BY tag
    HAVING COUNT(DISTINCT appid) >= 5
),

price_analysis AS (
    SELECT
        price_tier,
        COUNT(*) AS game_count,
        ROUND(AVG(estimated_owners), 0) AS avg_owners,
        ROUND(AVG(avg_playtime_minutes), 0) AS avg_playtime,
        ROUND(AVG(discount), 0) AS avg_discount,
        SUM(CASE WHEN success_category IN ('Hit', 'Successful') THEN 1 ELSE 0 END) AS successful_count,
        ROUND(
            SUM(CASE WHEN success_category IN ('Hit', 'Successful') THEN 1 ELSE 0 END) * 100.0 / COUNT(*),
            2
        ) AS success_rate_pct
    FROM `workspace`.`raw_steam_staging`.`fct_game_performance`
    GROUP BY price_tier
),

engagement_analysis AS (
    SELECT
        engagement_tier,
        COUNT(*) AS game_count,
        ROUND(AVG(price), 2) AS avg_price,
        ROUND(AVG(discount), 0) AS avg_discount,
        ROUND(AVG(peak_concurrent_users), 0) AS avg_peak_ccu
    FROM `workspace`.`raw_steam_staging`.`fct_game_performance`
    GROUP BY engagement_tier
)

-- Final recommendations table
SELECT
    'genre' AS insight_category,
    genre AS insight_value,
    hit_rate_pct AS metric_value,
    CONCAT(
        'Genre "', genre, '" has ', game_count, ' games with ',
        hit_rate_pct, '% hit rate. Avg price $', avg_price,
        '. Consider this genre for new game development.'
    ) AS recommendation
FROM genre_analysis
WHERE hit_rate_pct > 10

UNION ALL

SELECT
    'price_tier' AS insight_category,
    price_tier AS insight_value,
    success_rate_pct AS metric_value,
    CONCAT(
        'Price tier "', price_tier, '" shows ', success_rate_pct,
        '% success rate with avg ', avg_owners, ' owners.',
        CASE 
            WHEN avg_discount > 20 THEN ' Heavy discounting common.'
            ELSE ' Minimal discounting needed.'
        END
    ) AS recommendation
FROM price_analysis

UNION ALL

SELECT
    'engagement' AS insight_category,
    engagement_tier AS insight_value,
    avg_peak_ccu AS metric_value,
    CONCAT(
        'Games with "', engagement_tier, '" engagement average ',
        avg_peak_ccu, ' peak CCU. Avg price $', avg_price, '.'
    ) AS recommendation
FROM engagement_analysis
  
: [UNRESOLVED_COLUMN.WITH_SUGGESTION] A column, variable, or function parameter with name `estimated_owners` cannot be resolved. Did you mean one of the following? [`game_name`, `tag`, `appid`, `games_with_tag`]. SQLSTATE: 42703; line 42 pos 18
Error properties: diagnostic-info=org.apache.hive.service.cli.HiveSQLException: Error running query: [UNRESOLVED_COLUMN.WITH_SUGGESTION] org.apache.spark.sql.catalyst.ExtendedAnalysisException: [UNRESOLVED_COLUMN.WITH_SUGGESTION] A column, variable, or function parameter with name `estimated_owners` cannot be resolved. Did you mean one of the following? [`game_name`, `tag`, `appid`, `games_with_tag`]. SQLSTATE: 42703; line 42 pos 18
	at org.apache.spark.sql.hive.thriftserver.HiveThriftServerErrors$.runningQueryError(HiveThriftServerErrors.scala:58)
	at org.apache.spark.sql.hive.thriftserver.SparkExecuteStatementOperation.$anonfun$execute$1(SparkExecuteStatementOperation.scala:1184)
	at scala.runtime.java8.JFunction0$mcV$sp.apply(JFunction0$mcV$sp.scala:18)
	at com.databricks.unity.UCSEphemeralState$Handle.runWith(UCSEphemeralState.scala:51)
	at com.databricks.unity.HandleImpl.runWith(UCSHandle.scala:128)
	at org.apache.spark.sql.hive.thriftserver.SparkExecuteStatementOperation.org$apache$spark$sql$hive$thriftserver$SparkExecuteStatementOperation$$execute(SparkExecuteStatementOperation.scala:877)
	at org.apache.spark.sql.hive.thriftserver.SparkExecuteStatementOperation$$anon$2$$anon$3.$anonfun$run$6(SparkExecuteStatementOperation.scala:636)
	at scala.runtime.java8.JFunction0$mcV$sp.apply(JFunction0$mcV$sp.scala:18)
	at org.apache.spark.sql.execution.SQLExecution$.withRootExecution(SQLExecution.scala:1468)
	at org.apache.spark.sql.hive.thriftserver.SparkExecuteStatementOperation$$anon$2$$anon$3.$anonfun$run$3(SparkExecuteStatementOperation.scala:636)
	at scala.runtime.java8.JFunction0$mcV$sp.apply(JFunction0$mcV$sp.scala:18)
	at com.databricks.util.TracingSpanUtils$.withTracing(TracingSpanUtils.scala:251)
	at com.databricks.spark.util.DatabricksTracingHelper.withSpan(DatabricksSparkTracingHelper.scala:154)
	at com.databricks.spark.util.DBRTracing$.withSpan(DBRTracing.scala:87)
	at org.apache.spark.sql.hive.thriftserver.ThriftLocalProperties.$anonfun$withLocalProperties$18(ThriftLocalProperties.scala:366)
	at com.databricks.logging.AttributionContextTracing.$anonfun$withAttributionContext$1(AttributionContextTracing.scala:146)
	at com.databricks.logging.AttributionContext$.$anonfun$withValue$1(AttributionContext.scala:349)
	at scala.util.DynamicVariable.withValue(DynamicVariable.scala:59)
	at com.databricks.logging.AttributionContext$.withValue(AttributionContext.scala:345)
	at com.databricks.logging.AttributionContextTracing.withAttributionContext(AttributionContextTracing.scala:144)
	at com.databricks.logging.AttributionContextTracing.withAttributionContext$(AttributionContextTracing.scala:141)
	at com.databricks.spark.util.PublicDBLogging.withAttributionContext(DatabricksSparkUsageLogger.scala:29)
	at com.databricks.logging.AttributionContextTracing.withAttributionTags(AttributionContextTracing.scala:201)
	at com.databricks.logging.AttributionContextTracing.withAttributionTags$(AttributionContextTracing.scala:182)
	at com.databricks.spark.util.PublicDBLogging.withAttributionTags(DatabricksSparkUsageLogger.scala:29)
	at com.databricks.spark.util.PublicDBLogging.withAttributionTags0(DatabricksSparkUsageLogger.scala:108)
	at com.databricks.spark.util.DatabricksSparkUsageLogger.withAttributionTags(DatabricksSparkUsageLogger.scala:215)
	at com.databricks.spark.util.UsageLogging.$anonfun$withAttributionTags$1(UsageLogger.scala:668)
	at com.databricks.spark.util.UsageLogging$.withAttributionTags(UsageLogger.scala:780)
	at com.databricks.spark.util.UsageLogging$.withAttributionTags(UsageLogger.scala:789)
	at com.databricks.spark.util.UsageLogging.withAttributionTags(UsageLogger.scala:668)
	at com.databricks.spark.util.UsageLogging.withAttributionTags$(UsageLogger.scala:666)
	at org.apache.spark.sql.hive.thriftserver.SparkExecuteStatementOperation.withAttributionTags(SparkExecuteStatementOperation.scala:78)
	at org.apache.spark.sql.hive.thriftserver.ThriftLocalProperties.$anonfun$withLocalProperties$15(ThriftLocalProperties.scala:365)
	at com.databricks.spark.util.IdentityClaim$.withClaim(IdentityClaim.scala:48)
	at org.apache.spark.sql.hive.thriftserver.ThriftLocalProperties.withLocalProperties(ThriftLocalProperties.scala:360)
	at org.apache.spark.sql.hive.thriftserver.ThriftLocalProperties.withLocalProperties$(ThriftLocalProperties.scala:180)
	at org.apache.spark.sql.hive.thriftserver.SparkExecuteStatementOperation.withLocalProperties(SparkExecuteStatementOperation.scala:78)
	at org.apache.spark.sql.hive.thriftserver.SparkExecuteStatementOperation$$anon$2$$anon$3.$anonfun$run$2(SparkExecuteStatementOperation.scala:612)
	at scala.runtime.java8.JFunction0$mcV$sp.apply(JFunction0$mcV$sp.scala:18)
	at com.databricks.spark.util.DBRTracing$.withSpanFromParent(DBRTracing.scala:70)
	at org.apache.spark.sql.hive.thriftserver.SparkExecuteStatementOperation$$anon$2$$anon$3.run(SparkExecuteStatementOperation.scala:612)
	at org.apache.spark.sql.hive.thriftserver.SparkExecuteStatementOperation$$anon$2$$anon$3.run(SparkExecuteStatementOperation.scala:585)
	at java.base/java.security.AccessController.doPrivileged(AccessController.java:712)
	at java.base/javax.security.auth.Subject.doAs(Subject.java:439)
	at org.apache.hadoop.security.UserGroupInformation.doAs(UserGroupInformation.java:1953)
	at org.apache.spark.sql.hive.thriftserver.SparkExecuteStatementOperation$$anon$2.run(SparkExecuteStatementOperation.scala:650)
	at java.base/java.util.concurrent.Executors$RunnableAdapter.call(Executors.java:539)
	at java.base/java.util.concurrent.FutureTask.run(FutureTask.java:264)
	at java.base/java.util.concurrent.ThreadPoolExecutor.runWorker(ThreadPoolExecutor.java:1136)
	at java.base/java.util.concurrent.ThreadPoolExecutor$Worker.run(ThreadPoolExecutor.java:635)
	at java.base/java.lang.Thread.run(Thread.java:840)
Caused by: org.apache.spark.sql.catalyst.ExtendedAnalysisException: [UNRESOLVED_COLUMN.WITH_SUGGESTION] A column, variable, or function parameter with name `estimated_owners` cannot be resolved. Did you mean one of the following? [`game_name`, `tag`, `appid`, `games_with_tag`]. SQLSTATE: 42703; line 42 pos 18
	at org.apache.spark.sql.catalyst.ExtendedAnalysisException.copyPlan(ExtendedAnalysisException.scala:97)
	at org.apache.spark.sql.hive.thriftserver.SparkExecuteStatementOperation.$anonfun$execute$1(SparkExecuteStatementOperation.scala:1137)
	... 50 more
, operation-id=01f17ba4-643e-10f4-8add-b9c59d7dc1d2
[0m16:42:21.932426 [debug] [Thread-5 (]: On model.dbt_steam_api.mart_valve_recommendations: Close
[0m16:42:21.932426 [debug] [Thread-5 (]: Databricks adapter: Connection(session-id=01f17ba4-63a1-196d-b5df-0f5eec87a137) - Closing
[0m16:42:22.151340 [debug] [Thread-5 (]: Database Error in model mart_valve_recommendations (models\marts\mart_valve_recommendations.sql)
  [UNRESOLVED_COLUMN.WITH_SUGGESTION] A column, variable, or function parameter with name `estimated_owners` cannot be resolved. Did you mean one of the following? [`game_name`, `tag`, `appid`, `games_with_tag`]. SQLSTATE: 42703; line 42 pos 18
  compiled code at target\run\dbt_steam_api\models\marts\mart_valve_recommendations.sql
[0m16:42:22.151340 [debug] [Thread-5 (]: Sending event: {'category': 'dbt', 'action': 'run_model', 'label': 'b5783aa0-bcc8-4d3d-8074-78f58c0f21ea', 'context': [<snowplow_tracker.self_describing_json.SelfDescribingJson object at 0x000002A0D152D190>]}
[0m16:42:22.159339 [error] [Thread-5 (]: 7 of 7 ERROR creating sql table model raw_steam_marts.mart_valve_recommendations  [[31mERROR[0m in 2.94s]
[0m16:42:22.159339 [debug] [Thread-5 (]: Finished running node model.dbt_steam_api.mart_valve_recommendations
[0m16:42:22.159339 [debug] [Thread-8 (]: Marking all children of 'model.dbt_steam_api.mart_valve_recommendations' to be skipped because of status 'error'.  Reason: Database Error in model mart_valve_recommendations (models\marts\mart_valve_recommendations.sql)
  [UNRESOLVED_COLUMN.WITH_SUGGESTION] A column, variable, or function parameter with name `estimated_owners` cannot be resolved. Did you mean one of the following? [`game_name`, `tag`, `appid`, `games_with_tag`]. SQLSTATE: 42703; line 42 pos 18
  compiled code at target\run\dbt_steam_api\models\marts\mart_valve_recommendations.sql.
[0m16:42:22.167345 [debug] [MainThread]: Databricks adapter: DatabricksDBTConnection(session-id=None, name=master) - Creating connection
[0m16:42:22.174161 [debug] [MainThread]: Acquiring new databricks connection 'master'
[0m16:42:22.174161 [info ] [MainThread]: 
[0m16:42:22.174161 [info ] [MainThread]: Finished running 6 table models, 1 view model in 0 hours 0 minutes and 46.70 seconds (46.70s).
[0m16:42:22.190162 [debug] [MainThread]: Command end result
[0m16:42:22.319738 [debug] [MainThread]: Wrote artifact WritableManifest to C:\Users\KaelThas\Documents\steam_analytics_api\dbt_steam_api\target\manifest.json
[0m16:42:22.327919 [debug] [MainThread]: Wrote artifact SemanticManifest to C:\Users\KaelThas\Documents\steam_analytics_api\dbt_steam_api\target\semantic_manifest.json
[0m16:42:22.344693 [debug] [MainThread]: Wrote artifact RunExecutionResult to C:\Users\KaelThas\Documents\steam_analytics_api\dbt_steam_api\target\run_results.json
[0m16:42:22.344693 [info ] [MainThread]: 
[0m16:42:22.344693 [info ] [MainThread]: [31mCompleted with 1 error, 0 partial successes, and 0 warnings:[0m
[0m16:42:22.344693 [info ] [MainThread]: 
[0m16:42:22.344693 [error] [MainThread]: [31mFailure in model mart_valve_recommendations (models\marts\mart_valve_recommendations.sql)[0m
[0m16:42:22.353111 [error] [MainThread]:   Database Error in model mart_valve_recommendations (models\marts\mart_valve_recommendations.sql)
  [UNRESOLVED_COLUMN.WITH_SUGGESTION] A column, variable, or function parameter with name `estimated_owners` cannot be resolved. Did you mean one of the following? [`game_name`, `tag`, `appid`, `games_with_tag`]. SQLSTATE: 42703; line 42 pos 18
  compiled code at target\run\dbt_steam_api\models\marts\mart_valve_recommendations.sql
[0m16:42:22.353111 [info ] [MainThread]: 
[0m16:42:22.353111 [info ] [MainThread]:   compiled code at target\compiled\dbt_steam_api\models\marts\mart_valve_recommendations.sql
[0m16:42:22.353111 [info ] [MainThread]: 
[0m16:42:22.353111 [info ] [MainThread]: Done. PASS=6 WARN=0 ERROR=1 SKIP=0 NO-OP=0 TOTAL=7
[0m16:42:22.361111 [debug] [MainThread]: Command `dbt run` failed at 16:42:22.361111 after 58.84 seconds
[0m16:42:22.361111 [debug] [MainThread]: Sending event: {'category': 'dbt', 'action': 'invocation', 'label': 'end', 'context': [<snowplow_tracker.self_describing_json.SelfDescribingJson object at 0x000002A0C4669160>, <snowplow_tracker.self_describing_json.SelfDescribingJson object at 0x000002A0C52D7230>, <snowplow_tracker.self_describing_json.SelfDescribingJson object at 0x000002A0C52D5040>]}
[0m16:42:22.361111 [debug] [MainThread]: Flushing usage events
[0m16:42:23.478552 [debug] [MainThread]: An error was encountered while trying to flush usage events
[0m17:12:14.538893 [debug] [MainThread]: Sending event: {'category': 'dbt', 'action': 'invocation', 'label': 'start', 'context': [<snowplow_tracker.self_describing_json.SelfDescribingJson object at 0x00000165AABA7F80>, <snowplow_tracker.self_describing_json.SelfDescribingJson object at 0x00000165AAA483B0>, <snowplow_tracker.self_describing_json.SelfDescribingJson object at 0x00000165A6D9D7F0>]}


============================== 17:12:14.547089 | 40dbea60-21f5-41c6-855d-bb678d68c491 ==============================
[0m17:12:14.547089 [info ] [MainThread]: Running with dbt=1.11.12
[0m17:12:14.547089 [debug] [MainThread]: running dbt with arguments {'version_check': 'True', 'no_print': 'None', 'static_parser': 'True', 'warn_error_options': 'WarnErrorOptionsV2(error=[], warn=[], silence=[])', 'target_path': 'None', 'printer_width': '80', 'write_json': 'True', 'introspect': 'True', 'log_cache_events': 'False', 'empty': 'False', 'cache_selected_only': 'False', 'log_format': 'default', 'debug': 'False', 'fail_fast': 'False', 'partial_parse': 'True', 'send_anonymous_usage_stats': 'True', 'quiet': 'False', 'warn_error': 'None', 'profiles_dir': 'C:\\Users\\KaelThas\\.dbt', 'indirect_selection': 'eager', 'invocation_command': 'dbt run --full-refresh --profile databricks_free', 'use_colors': 'True', 'use_experimental_parser': 'False', 'log_path': 'C:\\Users\\KaelThas\\Documents\\steam_analytics_api\\dbt_steam_api\\logs'}
[0m17:12:20.064569 [debug] [MainThread]: Spark adapter: Setting pyhive.hive logging to ERROR
[0m17:12:20.064569 [debug] [MainThread]: Spark adapter: Setting thrift.transport logging to ERROR
[0m17:12:20.064569 [debug] [MainThread]: Spark adapter: Setting thrift.protocol logging to ERROR
[0m17:12:22.461728 [debug] [MainThread]: Sending event: {'category': 'dbt', 'action': 'project_id', 'label': '40dbea60-21f5-41c6-855d-bb678d68c491', 'context': [<snowplow_tracker.self_describing_json.SelfDescribingJson object at 0x00000165ABD56D20>]}
[0m17:12:22.615547 [debug] [MainThread]: Sending event: {'category': 'dbt', 'action': 'adapter_info', 'label': '40dbea60-21f5-41c6-855d-bb678d68c491', 'context': [<snowplow_tracker.self_describing_json.SelfDescribingJson object at 0x00000165AA6113D0>]}
[0m17:12:22.615547 [info ] [MainThread]: Registered adapter: databricks=1.12.1
[0m17:12:24.087424 [debug] [MainThread]: checksum: 45e2f83721850e743bd0f768476d4ea2a0d55c5933c39c88efe5bb30eb62a789, vars: {}, profile: databricks_free, target: , version: 1.11.12
[0m17:12:24.559950 [debug] [MainThread]: Partial parsing enabled: 0 files deleted, 0 files added, 4 files changed.
[0m17:12:24.559950 [debug] [MainThread]: Partial parsing: updated file: dbt_steam_api://models\staging\bridge_game_genres.sql
[0m17:12:24.559950 [debug] [MainThread]: Partial parsing: updated file: dbt_steam_api://models\staging\bridge_game_languages.sql
[0m17:12:24.559950 [debug] [MainThread]: Partial parsing: updated file: dbt_steam_api://models\marts\mart_valve_recommendations.sql
[0m17:12:24.568132 [debug] [MainThread]: Partial parsing: updated file: dbt_steam_api://models\staging\bridge_game_tags.sql
[0m17:12:25.427134 [debug] [MainThread]: Sending event: {'category': 'dbt', 'action': 'load_project', 'label': '40dbea60-21f5-41c6-855d-bb678d68c491', 'context': [<snowplow_tracker.self_describing_json.SelfDescribingJson object at 0x00000165B74F8710>]}
[0m17:12:25.700919 [debug] [MainThread]: Wrote artifact WritableManifest to C:\Users\KaelThas\Documents\steam_analytics_api\dbt_steam_api\target\manifest.json
[0m17:12:25.709116 [debug] [MainThread]: Wrote artifact SemanticManifest to C:\Users\KaelThas\Documents\steam_analytics_api\dbt_steam_api\target\semantic_manifest.json
[0m17:12:25.739252 [debug] [MainThread]: Sending event: {'category': 'dbt', 'action': 'resource_counts', 'label': '40dbea60-21f5-41c6-855d-bb678d68c491', 'context': [<snowplow_tracker.self_describing_json.SelfDescribingJson object at 0x00000165B79DBA10>]}
[0m17:12:25.739252 [info ] [MainThread]: Found 7 models, 4 data tests, 1 source, 758 macros
[0m17:12:25.739252 [debug] [MainThread]: Sending event: {'category': 'dbt', 'action': 'runnable_timing', 'label': '40dbea60-21f5-41c6-855d-bb678d68c491', 'context': [<snowplow_tracker.self_describing_json.SelfDescribingJson object at 0x00000165B7F8D1C0>]}
[0m17:12:25.747440 [info ] [MainThread]: 
[0m17:12:25.747440 [info ] [MainThread]: Concurrency: 1 threads (target='dev')
[0m17:12:25.747440 [info ] [MainThread]: 
[0m17:12:25.747440 [debug] [MainThread]: Databricks adapter: DatabricksDBTConnection(session-id=None, name=master) - Creating connection
[0m17:12:25.747440 [debug] [MainThread]: Acquiring new databricks connection 'master'
[0m17:12:25.771456 [debug] [ThreadPool]: Databricks adapter: DatabricksDBTConnection(session-id=None, name=list_workspace) - Creating connection
[0m17:12:25.779457 [debug] [ThreadPool]: Acquiring new databricks connection 'list_workspace'
[0m17:12:25.803455 [debug] [ThreadPool]: Using databricks connection "list_workspace"
[0m17:12:25.811436 [debug] [ThreadPool]: On list_workspace: /* {"app": "dbt", "dbt_version": "1.11.12", "dbt_databricks_version": "1.12.1", "databricks_sql_connector_version": "4.2.6", "profile_name": "databricks_free", "target_name": "dev", "invocation_id": "40dbea60-21f5-41c6-855d-bb678d68c491", "connection_name": "list_workspace"} */

    

  SHOW SCHEMAS IN `workspace`


  
[0m17:12:25.811436 [debug] [ThreadPool]: Opening a new connection, currently in state init
[0m17:12:29.790719 [debug] [ThreadPool]: Databricks adapter: Connection(session-id=01f17ba8-993b-1b21-9fe7-1da0a59ba290) - Created
[0m17:12:39.493409 [debug] [ThreadPool]: SQL status: OK in 13.680 seconds
[0m17:12:39.517921 [debug] [ThreadPool]: Databricks adapter: Cursor(session-id=01f17ba8-993b-1b21-9fe7-1da0a59ba290, command-id=01f17ba8-99c7-13df-8e48-c7601638be57) - Closing
[0m17:12:39.827870 [debug] [ThreadPool]: On list_workspace: Close
[0m17:12:39.827870 [debug] [ThreadPool]: Databricks adapter: Connection(session-id=01f17ba8-993b-1b21-9fe7-1da0a59ba290) - Closing
[0m17:12:40.019149 [debug] [ThreadPool]: Databricks adapter: DatabricksDBTConnection(session-id=None, name=list_workspace) - Creating connection
[0m17:12:40.019149 [debug] [ThreadPool]: Acquiring new databricks connection 'list_workspace'
[0m17:12:40.035547 [debug] [ThreadPool]: Using databricks connection "list_workspace"
[0m17:12:40.043543 [debug] [ThreadPool]: On list_workspace: /* {"app": "dbt", "dbt_version": "1.11.12", "dbt_databricks_version": "1.12.1", "databricks_sql_connector_version": "4.2.6", "profile_name": "databricks_free", "target_name": "dev", "invocation_id": "40dbea60-21f5-41c6-855d-bb678d68c491", "connection_name": "list_workspace"} */

    

  SHOW SCHEMAS IN `workspace`


  
[0m17:12:40.043543 [debug] [ThreadPool]: Opening a new connection, currently in state init
[0m17:12:41.109795 [debug] [ThreadPool]: Databricks adapter: Connection(session-id=01f17ba8-a053-16ce-ab00-ae2a727d3f9b) - Created
[0m17:12:42.387060 [debug] [ThreadPool]: SQL status: OK in 2.340 seconds
[0m17:12:42.397514 [debug] [ThreadPool]: Databricks adapter: Cursor(session-id=01f17ba8-a053-16ce-ab00-ae2a727d3f9b, command-id=01f17ba8-a085-1b21-86cb-fb06ccb319c3) - Closing
[0m17:12:42.397514 [debug] [ThreadPool]: On list_workspace: Close
[0m17:12:42.397514 [debug] [ThreadPool]: Databricks adapter: Connection(session-id=01f17ba8-a053-16ce-ab00-ae2a727d3f9b) - Closing
[0m17:12:42.612958 [debug] [ThreadPool]: Databricks adapter: DatabricksDBTConnection(session-id=None, name=list_workspace_raw_steam_staging) - Creating connection
[0m17:12:42.621509 [debug] [ThreadPool]: Acquiring new databricks connection 'list_workspace_raw_steam_staging'
[0m17:12:42.653972 [debug] [ThreadPool]: Using databricks connection "list_workspace_raw_steam_staging"
[0m17:12:42.653972 [debug] [ThreadPool]: On list_workspace_raw_steam_staging: /* {"app": "dbt", "dbt_version": "1.11.12", "dbt_databricks_version": "1.12.1", "databricks_sql_connector_version": "4.2.6", "profile_name": "databricks_free", "target_name": "dev", "invocation_id": "40dbea60-21f5-41c6-855d-bb678d68c491", "connection_name": "list_workspace_raw_steam_staging"} */

    
SELECT
  table_name,
  if(table_type IN ('EXTERNAL', 'MANAGED', 'MANAGED_SHALLOW_CLONE', 'EXTERNAL_SHALLOW_CLONE'), 'table', lower(table_type)) AS table_type,
  lower(data_source_format) AS file_format,
  table_owner,
  if(
    table_type IN (
      'EXTERNAL',
      'MANAGED',
      'MANAGED_SHALLOW_CLONE',
      'EXTERNAL_SHALLOW_CLONE'
    ),
    lower(table_type),
    NULL
  ) AS databricks_table_type
FROM `system`.`information_schema`.`tables`
WHERE table_catalog = 'workspace'
  AND table_schema = 'raw_steam_staging'

  
[0m17:12:42.653972 [debug] [ThreadPool]: Opening a new connection, currently in state init
[0m17:12:43.752813 [debug] [ThreadPool]: Databricks adapter: Connection(session-id=01f17ba8-a1ed-1297-97c4-f06bb3549a03) - Created
[0m17:12:46.988045 [debug] [ThreadPool]: SQL status: OK in 4.330 seconds
[0m17:12:47.004869 [debug] [ThreadPool]: Databricks adapter: Cursor(session-id=01f17ba8-a1ed-1297-97c4-f06bb3549a03, command-id=01f17ba8-a21a-10a2-b0bb-6f453cd0ddf4) - Closing
[0m17:12:47.004869 [debug] [ThreadPool]: On list_workspace_raw_steam_staging: Close
[0m17:12:47.004869 [debug] [ThreadPool]: Databricks adapter: Connection(session-id=01f17ba8-a1ed-1297-97c4-f06bb3549a03) - Closing
[0m17:12:47.220106 [debug] [ThreadPool]: Databricks adapter: DatabricksDBTConnection(session-id=None, name=list_workspace_raw_steam_marts) - Creating connection
[0m17:12:47.228789 [debug] [ThreadPool]: Acquiring new databricks connection 'list_workspace_raw_steam_marts'
[0m17:12:47.245812 [debug] [ThreadPool]: Using databricks connection "list_workspace_raw_steam_marts"
[0m17:12:47.253811 [debug] [ThreadPool]: On list_workspace_raw_steam_marts: /* {"app": "dbt", "dbt_version": "1.11.12", "dbt_databricks_version": "1.12.1", "databricks_sql_connector_version": "4.2.6", "profile_name": "databricks_free", "target_name": "dev", "invocation_id": "40dbea60-21f5-41c6-855d-bb678d68c491", "connection_name": "list_workspace_raw_steam_marts"} */

    
SELECT
  table_name,
  if(table_type IN ('EXTERNAL', 'MANAGED', 'MANAGED_SHALLOW_CLONE', 'EXTERNAL_SHALLOW_CLONE'), 'table', lower(table_type)) AS table_type,
  lower(data_source_format) AS file_format,
  table_owner,
  if(
    table_type IN (
      'EXTERNAL',
      'MANAGED',
      'MANAGED_SHALLOW_CLONE',
      'EXTERNAL_SHALLOW_CLONE'
    ),
    lower(table_type),
    NULL
  ) AS databricks_table_type
FROM `system`.`information_schema`.`tables`
WHERE table_catalog = 'workspace'
  AND table_schema = 'raw_steam_marts'

  
[0m17:12:47.253811 [debug] [ThreadPool]: Opening a new connection, currently in state init
[0m17:12:48.413662 [debug] [ThreadPool]: Databricks adapter: Connection(session-id=01f17ba8-a4a9-1f46-a0c8-698f6b6aaf1e) - Created
[0m17:12:49.424560 [debug] [ThreadPool]: SQL status: OK in 2.170 seconds
[0m17:12:49.433626 [debug] [ThreadPool]: Databricks adapter: Cursor(session-id=01f17ba8-a4a9-1f46-a0c8-698f6b6aaf1e, command-id=01f17ba8-a4e1-1342-9cf2-7d9607dec2f2) - Closing
[0m17:12:49.433626 [debug] [ThreadPool]: On list_workspace_raw_steam_marts: Close
[0m17:12:49.441628 [debug] [ThreadPool]: Databricks adapter: Connection(session-id=01f17ba8-a4a9-1f46-a0c8-698f6b6aaf1e) - Closing
[0m17:12:49.677502 [debug] [MainThread]: Sending event: {'category': 'dbt', 'action': 'runnable_timing', 'label': '40dbea60-21f5-41c6-855d-bb678d68c491', 'context': [<snowplow_tracker.self_describing_json.SelfDescribingJson object at 0x00000165B7F225A0>]}
[0m17:12:49.702914 [debug] [Thread-5 (]: Began running node model.dbt_steam_api.stg_steam_apps
[0m17:12:49.711384 [info ] [Thread-5 (]: 1 of 7 START sql view model raw_steam_staging.stg_steam_apps ................... [RUN]
[0m17:12:49.719777 [debug] [Thread-5 (]: Databricks adapter: DatabricksDBTConnection(session-id=None, name=model.dbt_steam_api.stg_steam_apps) - Creating connection
[0m17:12:49.719777 [debug] [Thread-5 (]: Acquiring new databricks connection 'model.dbt_steam_api.stg_steam_apps'
[0m17:12:49.719777 [debug] [Thread-5 (]: Began compiling node model.dbt_steam_api.stg_steam_apps
[0m17:12:49.773601 [debug] [Thread-5 (]: Writing injected SQL for node "model.dbt_steam_api.stg_steam_apps"
[0m17:12:49.773601 [debug] [Thread-5 (]: Began executing node model.dbt_steam_api.stg_steam_apps
[0m17:12:49.832799 [debug] [Thread-5 (]: MATERIALIZING VIEW
[0m17:12:49.890033 [debug] [Thread-5 (]: Creating view `workspace`.`raw_steam_staging`.`stg_steam_apps`
[0m17:12:49.914557 [debug] [Thread-5 (]: Writing runtime sql for node "model.dbt_steam_api.stg_steam_apps"
[0m17:12:49.914557 [debug] [Thread-5 (]: Using databricks connection "model.dbt_steam_api.stg_steam_apps"
[0m17:12:49.922779 [debug] [Thread-5 (]: On model.dbt_steam_api.stg_steam_apps: /* {"app": "dbt", "dbt_version": "1.11.12", "dbt_databricks_version": "1.12.1", "databricks_sql_connector_version": "4.2.6", "profile_name": "databricks_free", "target_name": "dev", "invocation_id": "40dbea60-21f5-41c6-855d-bb678d68c491", "node_id": "model.dbt_steam_api.stg_steam_apps"} */

  
  
  
  create or replace view `workspace`.`raw_steam_staging`.`stg_steam_apps`
  
  as (
    WITH parsed AS (
    SELECT
        appid,
        TRIM(name) AS game_name,
        TRIM(developer) AS developer,
        TRIM(publisher) AS publisher,
        score_rank,
        owners,
        average_forever AS avg_playtime_minutes,
        average_2weeks AS avg_playtime_2weeks,
        median_forever AS median_playtime_minutes,
        median_2weeks AS median_playtime_2weeks,
        ccu AS peak_concurrent_users,
        price,
        initialprice AS original_price,
        discount,
        tags,
        languages,
        genre,
        
        -- Fix: Clean owners string before parsing
        -- Remove commas and extract numbers
        REGEXP_EXTRACT(owners, '([0-9,]+)', 1) AS owners_min_str,
        REGEXP_EXTRACT(owners, '\\.\\. ([0-9,]+)', 1) AS owners_max_str,
        
        -- Fix: Remove commas and cast to BIGINT
        CAST(REPLACE(REGEXP_EXTRACT(owners, '([0-9,]+)', 1), ',', '') AS BIGINT) AS owners_min,
        CAST(REPLACE(REGEXP_EXTRACT(owners, '\\.\\. ([0-9,]+)', 1), ',', '') AS BIGINT) AS owners_max,
        
        -- Calculate estimated owners (midpoint of range)
        ROUND((
            CAST(REPLACE(REGEXP_EXTRACT(owners, '([0-9,]+)', 1), ',', '') AS BIGINT) + 
            CAST(REPLACE(REGEXP_EXTRACT(owners, '\\.\\. ([0-9,]+)', 1), ',', '') AS BIGINT)
        ) / 2, 0) AS estimated_owners,
        
        -- Price categories
        CASE 
            WHEN price = 0 THEN 'Free'
            WHEN price <= 10 THEN 'Budget ($0-10)'
            WHEN price > 10 AND price <= 30 THEN 'Mid-tier ($10-30)'
            WHEN price > 30 AND price <= 60 THEN 'Premium ($30-60)'
            ELSE 'Ultra-Tier ($60+)'
        END AS price_tier,
        
        -- Engagement categories
        CASE
            WHEN average_forever < 60 THEN 'Casual (<1h)'
            WHEN average_forever < 600 THEN 'Moderate (1-10h)'
            WHEN average_forever < 3000 THEN 'Engaged (10-50h)'
            ELSE 'Hardcore (50h+)'
        END AS engagement_tier,
        
        -- Discount flag
        CASE WHEN discount > 0 THEN TRUE ELSE FALSE END AS is_discounted,
        
        -- Parse tags into array for analysis
        SPLIT(tags, ',') AS tag_list,
        
        -- Parse languages
        SPLIT(languages, ',') AS language_list,
        
        -- Parse genres
        SPLIT(genre, ',') AS genre_list,
        
        -- Success indicators
        CASE 
            WHEN ROUND((
                CAST(REPLACE(REGEXP_EXTRACT(owners, '([0-9,]+)', 1), ',', '') AS BIGINT) + 
                CAST(REPLACE(REGEXP_EXTRACT(owners, '\\.\\. ([0-9,]+)', 1), ',', '') AS BIGINT)
            ) / 2, 0) > 1000000 AND average_forever > 600 THEN 'Hit'
            WHEN ROUND((
                CAST(REPLACE(REGEXP_EXTRACT(owners, '([0-9,]+)', 1), ',', '') AS BIGINT) + 
                CAST(REPLACE(REGEXP_EXTRACT(owners, '\\.\\. ([0-9,]+)', 1), ',', '') AS BIGINT)
            ) / 2, 0) > 100000 THEN 'Successful'
            WHEN ROUND((
                CAST(REPLACE(REGEXP_EXTRACT(owners, '([0-9,]+)', 1), ',', '') AS BIGINT) + 
                CAST(REPLACE(REGEXP_EXTRACT(owners, '\\.\\. ([0-9,]+)', 1), ',', '') AS BIGINT)
            ) / 2, 0) > 10000 THEN 'Moderate'
            ELSE 'Niche'
        END AS success_category

    FROM `workspace`.`raw_steam`.`raw_apps`
    WHERE name IS NOT NULL AND name != ''
)

SELECT * FROM parsed
  )

[0m17:12:49.922779 [debug] [Thread-5 (]: Opening a new connection, currently in state init
[0m17:12:50.941737 [debug] [Thread-5 (]: Databricks adapter: Connection(session-id=01f17ba8-a633-168d-95b0-bd2edc42c757) - Created
[0m17:12:53.686665 [debug] [Thread-5 (]: SQL status: OK in 3.760 seconds
[0m17:12:53.686665 [debug] [Thread-5 (]: Databricks adapter: Cursor(session-id=01f17ba8-a633-168d-95b0-bd2edc42c757, command-id=01f17ba8-a662-195d-8e68-721794e96585) - Closing
[0m17:12:53.735890 [debug] [Thread-5 (]: Applying tags to relation None
[0m17:12:53.743891 [debug] [Thread-5 (]: On model.dbt_steam_api.stg_steam_apps: Close
[0m17:12:53.743891 [debug] [Thread-5 (]: Databricks adapter: Connection(session-id=01f17ba8-a633-168d-95b0-bd2edc42c757) - Closing
[0m17:12:53.954195 [debug] [Thread-5 (]: Sending event: {'category': 'dbt', 'action': 'run_model', 'label': '40dbea60-21f5-41c6-855d-bb678d68c491', 'context': [<snowplow_tracker.self_describing_json.SelfDescribingJson object at 0x00000165AA639B80>]}
[0m17:12:53.962633 [info ] [Thread-5 (]: 1 of 7 OK created sql view model raw_steam_staging.stg_steam_apps .............. [[32mOK[0m in 4.23s]
[0m17:12:53.962633 [debug] [Thread-5 (]: Finished running node model.dbt_steam_api.stg_steam_apps
[0m17:12:53.971209 [debug] [Thread-5 (]: Began running node model.dbt_steam_api.bridge_game_genres
[0m17:12:53.979361 [info ] [Thread-5 (]: 2 of 7 START sql table model raw_steam_staging.bridge_game_genres .............. [RUN]
[0m17:12:53.979612 [debug] [Thread-5 (]: Databricks adapter: DatabricksDBTConnection(session-id=None, name=model.dbt_steam_api.bridge_game_genres) - Creating connection
[0m17:12:53.987624 [debug] [Thread-5 (]: Acquiring new databricks connection 'model.dbt_steam_api.bridge_game_genres'
[0m17:12:53.987624 [debug] [Thread-5 (]: Began compiling node model.dbt_steam_api.bridge_game_genres
[0m17:12:54.033997 [debug] [Thread-5 (]: Writing injected SQL for node "model.dbt_steam_api.bridge_game_genres"
[0m17:12:54.033997 [debug] [Thread-5 (]: Began executing node model.dbt_steam_api.bridge_game_genres
[0m17:12:54.098591 [debug] [Thread-5 (]: MATERIALIZING TABLE
[0m17:12:54.161475 [debug] [Thread-5 (]: Using databricks connection "model.dbt_steam_api.bridge_game_genres"
[0m17:12:54.169481 [debug] [Thread-5 (]: On model.dbt_steam_api.bridge_game_genres: /* {"app": "dbt", "dbt_version": "1.11.12", "dbt_databricks_version": "1.12.1", "databricks_sql_connector_version": "4.2.6", "profile_name": "databricks_free", "target_name": "dev", "invocation_id": "40dbea60-21f5-41c6-855d-bb678d68c491", "node_id": "model.dbt_steam_api.bridge_game_genres"} */
SELECT
    table_catalog,
    table_schema,
    table_name,
    filter_name,
    target_columns
  FROM `workspace`.`information_schema`.`row_filters`
  WHERE table_catalog = 'workspace'
    AND table_schema = 'raw_steam_staging'
    AND table_name = 'bridge_game_genres'
[0m17:12:54.169481 [debug] [Thread-5 (]: Opening a new connection, currently in state init
[0m17:12:55.109824 [debug] [Thread-5 (]: Databricks adapter: Connection(session-id=01f17ba8-a8b5-1202-af6b-78196dce1b71) - Created
[0m17:12:56.046641 [debug] [Thread-5 (]: SQL status: OK in 1.880 seconds
[0m17:12:56.063057 [debug] [Thread-5 (]: Databricks adapter: Cursor(session-id=01f17ba8-a8b5-1202-af6b-78196dce1b71, command-id=01f17ba8-a8de-1785-b6be-33d01aed5051) - Closing
[0m17:12:56.143532 [debug] [Thread-5 (]: Writing runtime sql for node "model.dbt_steam_api.bridge_game_genres"
[0m17:12:56.143532 [debug] [Thread-5 (]: Using databricks connection "model.dbt_steam_api.bridge_game_genres"
[0m17:12:56.143532 [debug] [Thread-5 (]: On model.dbt_steam_api.bridge_game_genres: /* {"app": "dbt", "dbt_version": "1.11.12", "dbt_databricks_version": "1.12.1", "databricks_sql_connector_version": "4.2.6", "profile_name": "databricks_free", "target_name": "dev", "invocation_id": "40dbea60-21f5-41c6-855d-bb678d68c491", "node_id": "model.dbt_steam_api.bridge_game_genres"} */

  
    
        create or replace table `workspace`.`raw_steam_staging`.`bridge_game_genres`
      
      
    using delta
  
      
      
      
      
      
      
      
      
      as
      WITH exploded AS (
    SELECT
        appid,
        game_name,
        estimated_owners,
        avg_playtime_minutes,
        price,
        success_category,
        TRIM(g) AS genre
    FROM `workspace`.`raw_steam_staging`.`stg_steam_apps`,
    LATERAL EXPLODE(genre_list) AS t(g)
)

SELECT
    appid,
    game_name,
    genre,
    estimated_owners,
    avg_playtime_minutes,
    price,
    success_category,
    COUNT(*) OVER (PARTITION BY genre) AS games_in_genre
FROM exploded
WHERE genre IS NOT NULL AND genre != ''
  
[0m17:13:08.363424 [debug] [Thread-5 (]: SQL status: OK in 12.220 seconds
[0m17:13:08.371584 [debug] [Thread-5 (]: Databricks adapter: Cursor(session-id=01f17ba8-a8b5-1202-af6b-78196dce1b71, command-id=01f17ba8-a97c-19c3-9974-2509868d1060) - Closing
[0m17:13:08.605135 [debug] [Thread-5 (]: Applying tags to relation None
[0m17:13:08.697250 [debug] [Thread-5 (]: On model.dbt_steam_api.bridge_game_genres: Close
[0m17:13:08.697250 [debug] [Thread-5 (]: Databricks adapter: Connection(session-id=01f17ba8-a8b5-1202-af6b-78196dce1b71) - Closing
[0m17:13:08.898836 [debug] [Thread-5 (]: Sending event: {'category': 'dbt', 'action': 'run_model', 'label': '40dbea60-21f5-41c6-855d-bb678d68c491', 'context': [<snowplow_tracker.self_describing_json.SelfDescribingJson object at 0x00000165B825FEF0>]}
[0m17:13:08.906845 [info ] [Thread-5 (]: 2 of 7 OK created sql table model raw_steam_staging.bridge_game_genres ......... [[32mOK[0m in 14.92s]
[0m17:13:08.914835 [debug] [Thread-5 (]: Finished running node model.dbt_steam_api.bridge_game_genres
[0m17:13:08.914835 [debug] [Thread-5 (]: Began running node model.dbt_steam_api.bridge_game_languages
[0m17:13:08.914835 [info ] [Thread-5 (]: 3 of 7 START sql table model raw_steam_staging.bridge_game_languages ........... [RUN]
[0m17:13:08.922827 [debug] [Thread-5 (]: Databricks adapter: DatabricksDBTConnection(session-id=None, name=model.dbt_steam_api.bridge_game_languages) - Creating connection
[0m17:13:08.922827 [debug] [Thread-5 (]: Acquiring new databricks connection 'model.dbt_steam_api.bridge_game_languages'
[0m17:13:08.922827 [debug] [Thread-5 (]: Began compiling node model.dbt_steam_api.bridge_game_languages
[0m17:13:08.947169 [debug] [Thread-5 (]: Writing injected SQL for node "model.dbt_steam_api.bridge_game_languages"
[0m17:13:08.947169 [debug] [Thread-5 (]: Began executing node model.dbt_steam_api.bridge_game_languages
[0m17:13:08.955805 [debug] [Thread-5 (]: MATERIALIZING TABLE
[0m17:13:08.955805 [debug] [Thread-5 (]: Using databricks connection "model.dbt_steam_api.bridge_game_languages"
[0m17:13:08.963827 [debug] [Thread-5 (]: On model.dbt_steam_api.bridge_game_languages: /* {"app": "dbt", "dbt_version": "1.11.12", "dbt_databricks_version": "1.12.1", "databricks_sql_connector_version": "4.2.6", "profile_name": "databricks_free", "target_name": "dev", "invocation_id": "40dbea60-21f5-41c6-855d-bb678d68c491", "node_id": "model.dbt_steam_api.bridge_game_languages"} */
SELECT
    table_catalog,
    table_schema,
    table_name,
    filter_name,
    target_columns
  FROM `workspace`.`information_schema`.`row_filters`
  WHERE table_catalog = 'workspace'
    AND table_schema = 'raw_steam_staging'
    AND table_name = 'bridge_game_languages'
[0m17:13:08.963827 [debug] [Thread-5 (]: Opening a new connection, currently in state init
[0m17:13:10.034283 [debug] [Thread-5 (]: Databricks adapter: Connection(session-id=01f17ba8-b189-1404-b9ed-102b91147691) - Created
[0m17:13:10.686738 [debug] [Thread-5 (]: SQL status: OK in 1.720 seconds
[0m17:13:10.702798 [debug] [Thread-5 (]: Databricks adapter: Cursor(session-id=01f17ba8-b189-1404-b9ed-102b91147691, command-id=01f17ba8-b1c2-1bcb-8377-07f5d4c6725c) - Closing
[0m17:13:10.711039 [debug] [Thread-5 (]: Writing runtime sql for node "model.dbt_steam_api.bridge_game_languages"
[0m17:13:10.719054 [debug] [Thread-5 (]: Using databricks connection "model.dbt_steam_api.bridge_game_languages"
[0m17:13:10.727474 [debug] [Thread-5 (]: On model.dbt_steam_api.bridge_game_languages: /* {"app": "dbt", "dbt_version": "1.11.12", "dbt_databricks_version": "1.12.1", "databricks_sql_connector_version": "4.2.6", "profile_name": "databricks_free", "target_name": "dev", "invocation_id": "40dbea60-21f5-41c6-855d-bb678d68c491", "node_id": "model.dbt_steam_api.bridge_game_languages"} */

  
    
        create or replace table `workspace`.`raw_steam_staging`.`bridge_game_languages`
      
      
    using delta
  
      
      
      
      
      
      
      
      
      as
      WITH exploded AS (
    SELECT
        appid,
        game_name,
        estimated_owners,
        avg_playtime_minutes,
        price,
        success_category,
        TRIM(lang) AS language
    FROM `workspace`.`raw_steam_staging`.`stg_steam_apps`,
    LATERAL EXPLODE(language_list) AS t(lang)
)

SELECT
    appid,
    game_name,
    language,
    estimated_owners,
    avg_playtime_minutes,
    price,
    success_category,
    COUNT(*) OVER (PARTITION BY language) AS games_with_language
FROM exploded
WHERE language IS NOT NULL AND language != ''
  
[0m17:13:14.566028 [debug] [Thread-5 (]: SQL status: OK in 3.840 seconds
[0m17:13:14.574028 [debug] [Thread-5 (]: Databricks adapter: Cursor(session-id=01f17ba8-b189-1404-b9ed-102b91147691, command-id=01f17ba8-b22d-1a3d-99d6-2a919eecda68) - Closing
[0m17:13:14.582064 [debug] [Thread-5 (]: Applying tags to relation None
[0m17:13:14.598037 [debug] [Thread-5 (]: On model.dbt_steam_api.bridge_game_languages: Close
[0m17:13:14.598037 [debug] [Thread-5 (]: Databricks adapter: Connection(session-id=01f17ba8-b189-1404-b9ed-102b91147691) - Closing
[0m17:13:14.787365 [debug] [Thread-5 (]: Sending event: {'category': 'dbt', 'action': 'run_model', 'label': '40dbea60-21f5-41c6-855d-bb678d68c491', 'context': [<snowplow_tracker.self_describing_json.SelfDescribingJson object at 0x00000165B823B8C0>]}
[0m17:13:14.787365 [info ] [Thread-5 (]: 3 of 7 OK created sql table model raw_steam_staging.bridge_game_languages ...... [[32mOK[0m in 5.86s]
[0m17:13:14.795693 [debug] [Thread-5 (]: Finished running node model.dbt_steam_api.bridge_game_languages
[0m17:13:14.795693 [debug] [Thread-5 (]: Began running node model.dbt_steam_api.bridge_game_tags
[0m17:13:14.795693 [info ] [Thread-5 (]: 4 of 7 START sql table model raw_steam_staging.bridge_game_tags ................ [RUN]
[0m17:13:14.795693 [debug] [Thread-5 (]: Databricks adapter: DatabricksDBTConnection(session-id=None, name=model.dbt_steam_api.bridge_game_tags) - Creating connection
[0m17:13:14.803699 [debug] [Thread-5 (]: Acquiring new databricks connection 'model.dbt_steam_api.bridge_game_tags'
[0m17:13:14.803699 [debug] [Thread-5 (]: Began compiling node model.dbt_steam_api.bridge_game_tags
[0m17:13:14.827935 [debug] [Thread-5 (]: Writing injected SQL for node "model.dbt_steam_api.bridge_game_tags"
[0m17:13:14.827935 [debug] [Thread-5 (]: Began executing node model.dbt_steam_api.bridge_game_tags
[0m17:13:14.836137 [debug] [Thread-5 (]: MATERIALIZING TABLE
[0m17:13:14.844141 [debug] [Thread-5 (]: Using databricks connection "model.dbt_steam_api.bridge_game_tags"
[0m17:13:14.844141 [debug] [Thread-5 (]: On model.dbt_steam_api.bridge_game_tags: /* {"app": "dbt", "dbt_version": "1.11.12", "dbt_databricks_version": "1.12.1", "databricks_sql_connector_version": "4.2.6", "profile_name": "databricks_free", "target_name": "dev", "invocation_id": "40dbea60-21f5-41c6-855d-bb678d68c491", "node_id": "model.dbt_steam_api.bridge_game_tags"} */
SELECT
    table_catalog,
    table_schema,
    table_name,
    filter_name,
    target_columns
  FROM `workspace`.`information_schema`.`row_filters`
  WHERE table_catalog = 'workspace'
    AND table_schema = 'raw_steam_staging'
    AND table_name = 'bridge_game_tags'
[0m17:13:14.844141 [debug] [Thread-5 (]: Opening a new connection, currently in state init
[0m17:13:15.830668 [debug] [Thread-5 (]: Databricks adapter: Connection(session-id=01f17ba8-b511-1ddf-9a8f-0997f9caec3a) - Created
[0m17:13:16.877774 [debug] [Thread-5 (]: SQL status: OK in 2.030 seconds
[0m17:13:16.894161 [debug] [Thread-5 (]: Databricks adapter: Cursor(session-id=01f17ba8-b511-1ddf-9a8f-0997f9caec3a, command-id=01f17ba8-b539-1a8c-81cb-f17121c5b689) - Closing
[0m17:13:16.902597 [debug] [Thread-5 (]: Writing runtime sql for node "model.dbt_steam_api.bridge_game_tags"
[0m17:13:16.911250 [debug] [Thread-5 (]: Using databricks connection "model.dbt_steam_api.bridge_game_tags"
[0m17:13:16.911250 [debug] [Thread-5 (]: On model.dbt_steam_api.bridge_game_tags: /* {"app": "dbt", "dbt_version": "1.11.12", "dbt_databricks_version": "1.12.1", "databricks_sql_connector_version": "4.2.6", "profile_name": "databricks_free", "target_name": "dev", "invocation_id": "40dbea60-21f5-41c6-855d-bb678d68c491", "node_id": "model.dbt_steam_api.bridge_game_tags"} */

  
    
        create or replace table `workspace`.`raw_steam_staging`.`bridge_game_tags`
      
      
    using delta
  
      
      
      
      
      
      
      
      
      as
      WITH exploded AS (
    SELECT
        appid,
        game_name,
        estimated_owners,
        avg_playtime_minutes,
        price,
        success_category,
        TRIM(tag) AS tag
    FROM `workspace`.`raw_steam_staging`.`stg_steam_apps`,
    LATERAL EXPLODE(tag_list) AS t(tag)
)

SELECT
    appid,
    game_name,
    tag,
    estimated_owners,
    avg_playtime_minutes,
    price,
    success_category,
    COUNT(*) OVER (PARTITION BY tag) AS games_with_tag
FROM exploded
WHERE tag IS NOT NULL AND tag != ''
  
[0m17:13:20.623807 [debug] [Thread-5 (]: SQL status: OK in 3.710 seconds
[0m17:13:20.623807 [debug] [Thread-5 (]: Databricks adapter: Cursor(session-id=01f17ba8-b511-1ddf-9a8f-0997f9caec3a, command-id=01f17ba8-b5dc-1e3a-824f-600cc56bbd87) - Closing
[0m17:13:20.623807 [debug] [Thread-5 (]: Applying tags to relation None
[0m17:13:20.632009 [debug] [Thread-5 (]: On model.dbt_steam_api.bridge_game_tags: Close
[0m17:13:20.632009 [debug] [Thread-5 (]: Databricks adapter: Connection(session-id=01f17ba8-b511-1ddf-9a8f-0997f9caec3a) - Closing
[0m17:13:20.808510 [debug] [Thread-5 (]: Sending event: {'category': 'dbt', 'action': 'run_model', 'label': '40dbea60-21f5-41c6-855d-bb678d68c491', 'context': [<snowplow_tracker.self_describing_json.SelfDescribingJson object at 0x00000165B7448140>]}
[0m17:13:20.808510 [info ] [Thread-5 (]: 4 of 7 OK created sql table model raw_steam_staging.bridge_game_tags ........... [[32mOK[0m in 6.01s]
[0m17:13:20.816481 [debug] [Thread-5 (]: Finished running node model.dbt_steam_api.bridge_game_tags
[0m17:13:20.816481 [debug] [Thread-5 (]: Began running node model.dbt_steam_api.dim_games
[0m17:13:20.824487 [info ] [Thread-5 (]: 5 of 7 START sql table model raw_steam_staging.dim_games ....................... [RUN]
[0m17:13:20.824487 [debug] [Thread-5 (]: Databricks adapter: DatabricksDBTConnection(session-id=None, name=model.dbt_steam_api.dim_games) - Creating connection
[0m17:13:20.824487 [debug] [Thread-5 (]: Acquiring new databricks connection 'model.dbt_steam_api.dim_games'
[0m17:13:20.832477 [debug] [Thread-5 (]: Began compiling node model.dbt_steam_api.dim_games
[0m17:13:20.851855 [debug] [Thread-5 (]: Writing injected SQL for node "model.dbt_steam_api.dim_games"
[0m17:13:20.851855 [debug] [Thread-5 (]: Began executing node model.dbt_steam_api.dim_games
[0m17:13:20.868131 [debug] [Thread-5 (]: MATERIALIZING TABLE
[0m17:13:20.868131 [debug] [Thread-5 (]: Using databricks connection "model.dbt_steam_api.dim_games"
[0m17:13:20.876129 [debug] [Thread-5 (]: On model.dbt_steam_api.dim_games: /* {"app": "dbt", "dbt_version": "1.11.12", "dbt_databricks_version": "1.12.1", "databricks_sql_connector_version": "4.2.6", "profile_name": "databricks_free", "target_name": "dev", "invocation_id": "40dbea60-21f5-41c6-855d-bb678d68c491", "node_id": "model.dbt_steam_api.dim_games"} */
SELECT
    table_catalog,
    table_schema,
    table_name,
    filter_name,
    target_columns
  FROM `workspace`.`information_schema`.`row_filters`
  WHERE table_catalog = 'workspace'
    AND table_schema = 'raw_steam_staging'
    AND table_name = 'dim_games'
[0m17:13:20.876129 [debug] [Thread-5 (]: Opening a new connection, currently in state init
[0m17:13:21.900585 [debug] [Thread-5 (]: Databricks adapter: Connection(session-id=01f17ba8-b8a9-1237-bbfb-9171c2234ba8) - Created
[0m17:13:22.704229 [debug] [Thread-5 (]: SQL status: OK in 1.820 seconds
[0m17:13:22.720225 [debug] [Thread-5 (]: Databricks adapter: Cursor(session-id=01f17ba8-b8a9-1237-bbfb-9171c2234ba8, command-id=01f17ba8-b8d6-1763-af15-eaad896cddcb) - Closing
[0m17:13:22.729077 [debug] [Thread-5 (]: Writing runtime sql for node "model.dbt_steam_api.dim_games"
[0m17:13:22.737637 [debug] [Thread-5 (]: Using databricks connection "model.dbt_steam_api.dim_games"
[0m17:13:22.737637 [debug] [Thread-5 (]: On model.dbt_steam_api.dim_games: /* {"app": "dbt", "dbt_version": "1.11.12", "dbt_databricks_version": "1.12.1", "databricks_sql_connector_version": "4.2.6", "profile_name": "databricks_free", "target_name": "dev", "invocation_id": "40dbea60-21f5-41c6-855d-bb678d68c491", "node_id": "model.dbt_steam_api.dim_games"} */

  
    
        create or replace table `workspace`.`raw_steam_staging`.`dim_games`
      
      
    using delta
  
      
      
      
      
      
      
      
      
      as
      SELECT
    appid,
    game_name,
    developer,
    publisher,
    price_tier,
    engagement_tier,
    success_category,
    tags,
    languages,
    genre,
    CURRENT_TIMESTAMP() AS loaded_at
FROM `workspace`.`raw_steam_staging`.`stg_steam_apps`
  
[0m17:13:25.958465 [debug] [Thread-5 (]: SQL status: OK in 3.220 seconds
[0m17:13:25.966871 [debug] [Thread-5 (]: Databricks adapter: Cursor(session-id=01f17ba8-b8a9-1237-bbfb-9171c2234ba8, command-id=01f17ba8-b956-1879-b2b6-05d404366c15) - Closing
[0m17:13:25.974875 [debug] [Thread-5 (]: Applying tags to relation None
[0m17:13:25.983334 [debug] [Thread-5 (]: On model.dbt_steam_api.dim_games: Close
[0m17:13:25.992185 [debug] [Thread-5 (]: Databricks adapter: Connection(session-id=01f17ba8-b8a9-1237-bbfb-9171c2234ba8) - Closing
[0m17:13:26.172280 [debug] [Thread-5 (]: Sending event: {'category': 'dbt', 'action': 'run_model', 'label': '40dbea60-21f5-41c6-855d-bb678d68c491', 'context': [<snowplow_tracker.self_describing_json.SelfDescribingJson object at 0x00000165B82479E0>]}
[0m17:13:26.172280 [info ] [Thread-5 (]: 5 of 7 OK created sql table model raw_steam_staging.dim_games .................. [[32mOK[0m in 5.34s]
[0m17:13:26.172280 [debug] [Thread-5 (]: Finished running node model.dbt_steam_api.dim_games
[0m17:13:26.180278 [debug] [Thread-5 (]: Began running node model.dbt_steam_api.fct_game_performance
[0m17:13:26.180278 [info ] [Thread-5 (]: 6 of 7 START sql table model raw_steam_staging.fct_game_performance ............ [RUN]
[0m17:13:26.180278 [debug] [Thread-5 (]: Databricks adapter: DatabricksDBTConnection(session-id=None, name=model.dbt_steam_api.fct_game_performance) - Creating connection
[0m17:13:26.188282 [debug] [Thread-5 (]: Acquiring new databricks connection 'model.dbt_steam_api.fct_game_performance'
[0m17:13:26.188282 [debug] [Thread-5 (]: Began compiling node model.dbt_steam_api.fct_game_performance
[0m17:13:26.212279 [debug] [Thread-5 (]: Writing injected SQL for node "model.dbt_steam_api.fct_game_performance"
[0m17:13:26.212279 [debug] [Thread-5 (]: Began executing node model.dbt_steam_api.fct_game_performance
[0m17:13:26.220551 [debug] [Thread-5 (]: MATERIALIZING TABLE
[0m17:13:26.228549 [debug] [Thread-5 (]: Using databricks connection "model.dbt_steam_api.fct_game_performance"
[0m17:13:26.228549 [debug] [Thread-5 (]: On model.dbt_steam_api.fct_game_performance: /* {"app": "dbt", "dbt_version": "1.11.12", "dbt_databricks_version": "1.12.1", "databricks_sql_connector_version": "4.2.6", "profile_name": "databricks_free", "target_name": "dev", "invocation_id": "40dbea60-21f5-41c6-855d-bb678d68c491", "node_id": "model.dbt_steam_api.fct_game_performance"} */
SELECT
    table_catalog,
    table_schema,
    table_name,
    filter_name,
    target_columns
  FROM `workspace`.`information_schema`.`row_filters`
  WHERE table_catalog = 'workspace'
    AND table_schema = 'raw_steam_staging'
    AND table_name = 'fct_game_performance'
[0m17:13:26.228549 [debug] [Thread-5 (]: Opening a new connection, currently in state init
[0m17:13:27.122647 [debug] [Thread-5 (]: Databricks adapter: Connection(session-id=01f17ba8-bbcf-1a1d-85d2-17402a8720f2) - Created
[0m17:13:27.883714 [debug] [Thread-5 (]: SQL status: OK in 1.660 seconds
[0m17:13:27.900761 [debug] [Thread-5 (]: Databricks adapter: Cursor(session-id=01f17ba8-bbcf-1a1d-85d2-17402a8720f2, command-id=01f17ba8-bbf3-1655-a52e-d483e2afc838) - Closing
[0m17:13:27.909179 [debug] [Thread-5 (]: Writing runtime sql for node "model.dbt_steam_api.fct_game_performance"
[0m17:13:27.917192 [debug] [Thread-5 (]: Using databricks connection "model.dbt_steam_api.fct_game_performance"
[0m17:13:27.917192 [debug] [Thread-5 (]: On model.dbt_steam_api.fct_game_performance: /* {"app": "dbt", "dbt_version": "1.11.12", "dbt_databricks_version": "1.12.1", "databricks_sql_connector_version": "4.2.6", "profile_name": "databricks_free", "target_name": "dev", "invocation_id": "40dbea60-21f5-41c6-855d-bb678d68c491", "node_id": "model.dbt_steam_api.fct_game_performance"} */

  
    
        create or replace table `workspace`.`raw_steam_staging`.`fct_game_performance`
      
      
    using delta
  
      
      
      
      
      
      
      
      
      as
      SELECT
    appid,
    game_name,
    developer,
    publisher,
    genre,
    price_tier,
    engagement_tier,
    success_category,

    -- Financial metrics
    price,
    original_price,
    discount,
    estimated_owners,
    ROUND(price * estimated_owners, 2) AS estimated_revenue,

    -- Engagement metrics
    avg_playtime_minutes,
    median_playtime_minutes,
    peak_concurrent_users,

    -- Ratios
    ROUND(avg_playtime_minutes / NULLIF(price, 0), 2) AS playtime_per_dollar,
    ROUND(peak_concurrent_users / NULLIF(estimated_owners, 0) * 100, 4) AS ccu_conversion_rate,

    CURRENT_DATE() AS snapshot_date

FROM `workspace`.`raw_steam_staging`.`stg_steam_apps`
  
[0m17:13:31.295597 [debug] [Thread-5 (]: SQL status: OK in 3.370 seconds
[0m17:13:31.303640 [debug] [Thread-5 (]: Databricks adapter: Cursor(session-id=01f17ba8-bbcf-1a1d-85d2-17402a8720f2, command-id=01f17ba8-bc6f-1dac-b87a-f996b2576cd5) - Closing
[0m17:13:31.312102 [debug] [Thread-5 (]: Applying tags to relation None
[0m17:13:31.319444 [debug] [Thread-5 (]: On model.dbt_steam_api.fct_game_performance: Close
[0m17:13:31.319444 [debug] [Thread-5 (]: Databricks adapter: Connection(session-id=01f17ba8-bbcf-1a1d-85d2-17402a8720f2) - Closing
[0m17:13:31.511112 [debug] [Thread-5 (]: Sending event: {'category': 'dbt', 'action': 'run_model', 'label': '40dbea60-21f5-41c6-855d-bb678d68c491', 'context': [<snowplow_tracker.self_describing_json.SelfDescribingJson object at 0x00000165B823EE70>]}
[0m17:13:31.519109 [info ] [Thread-5 (]: 6 of 7 OK created sql table model raw_steam_staging.fct_game_performance ....... [[32mOK[0m in 5.33s]
[0m17:13:31.527111 [debug] [Thread-5 (]: Finished running node model.dbt_steam_api.fct_game_performance
[0m17:13:31.527111 [debug] [Thread-5 (]: Began running node model.dbt_steam_api.mart_valve_recommendations
[0m17:13:31.535118 [info ] [Thread-5 (]: 7 of 7 START sql table model raw_steam_marts.mart_valve_recommendations ........ [RUN]
[0m17:13:31.543108 [debug] [Thread-5 (]: Databricks adapter: DatabricksDBTConnection(session-id=None, name=model.dbt_steam_api.mart_valve_recommendations) - Creating connection
[0m17:13:31.543108 [debug] [Thread-5 (]: Acquiring new databricks connection 'model.dbt_steam_api.mart_valve_recommendations'
[0m17:13:31.551145 [debug] [Thread-5 (]: Began compiling node model.dbt_steam_api.mart_valve_recommendations
[0m17:13:31.612732 [debug] [Thread-5 (]: Writing injected SQL for node "model.dbt_steam_api.mart_valve_recommendations"
[0m17:13:31.620894 [debug] [Thread-5 (]: Began executing node model.dbt_steam_api.mart_valve_recommendations
[0m17:13:31.629060 [debug] [Thread-5 (]: MATERIALIZING TABLE
[0m17:13:31.629060 [debug] [Thread-5 (]: Using databricks connection "model.dbt_steam_api.mart_valve_recommendations"
[0m17:13:31.637060 [debug] [Thread-5 (]: On model.dbt_steam_api.mart_valve_recommendations: /* {"app": "dbt", "dbt_version": "1.11.12", "dbt_databricks_version": "1.12.1", "databricks_sql_connector_version": "4.2.6", "profile_name": "databricks_free", "target_name": "dev", "invocation_id": "40dbea60-21f5-41c6-855d-bb678d68c491", "node_id": "model.dbt_steam_api.mart_valve_recommendations"} */
SELECT
    table_catalog,
    table_schema,
    table_name,
    filter_name,
    target_columns
  FROM `workspace`.`information_schema`.`row_filters`
  WHERE table_catalog = 'workspace'
    AND table_schema = 'raw_steam_marts'
    AND table_name = 'mart_valve_recommendations'
[0m17:13:31.637060 [debug] [Thread-5 (]: Opening a new connection, currently in state init
[0m17:13:32.803365 [debug] [Thread-5 (]: Databricks adapter: Connection(session-id=01f17ba8-bf13-1bbd-b9fc-dc530260edfa) - Created
[0m17:13:33.449884 [debug] [Thread-5 (]: SQL status: OK in 1.810 seconds
[0m17:13:33.475672 [debug] [Thread-5 (]: Databricks adapter: Cursor(session-id=01f17ba8-bf13-1bbd-b9fc-dc530260edfa, command-id=01f17ba8-bf55-135b-a115-fc7bbc8ca75f) - Closing
[0m17:13:33.478015 [debug] [Thread-5 (]: Writing runtime sql for node "model.dbt_steam_api.mart_valve_recommendations"
[0m17:13:33.486323 [debug] [Thread-5 (]: Using databricks connection "model.dbt_steam_api.mart_valve_recommendations"
[0m17:13:33.486323 [debug] [Thread-5 (]: On model.dbt_steam_api.mart_valve_recommendations: /* {"app": "dbt", "dbt_version": "1.11.12", "dbt_databricks_version": "1.12.1", "databricks_sql_connector_version": "4.2.6", "profile_name": "databricks_free", "target_name": "dev", "invocation_id": "40dbea60-21f5-41c6-855d-bb678d68c491", "node_id": "model.dbt_steam_api.mart_valve_recommendations"} */

  
    
        create or replace table `workspace`.`raw_steam_marts`.`mart_valve_recommendations`
      
      
    using delta
  
      
      
      
      
      
      
      
      
      as
      WITH genre_analysis AS (
    SELECT
        genre,
        COUNT(DISTINCT appid) AS game_count,
        ROUND(AVG(price), 2) AS avg_price,
        ROUND(AVG(estimated_owners), 0) AS avg_owners,
        ROUND(AVG(avg_playtime_minutes), 0) AS avg_playtime,
        ROUND(AVG(discount), 0) AS avg_discount,
        ROUND(AVG(peak_concurrent_users), 0) AS avg_peak_ccu,
        SUM(CASE WHEN success_category = 'Hit' THEN 1 ELSE 0 END) AS hit_count,
        ROUND(
            SUM(CASE WHEN success_category = 'Hit' THEN 1 ELSE 0 END) * 100.0 / COUNT(*),
            2
        ) AS hit_rate_pct
    FROM `workspace`.`raw_steam_staging`.`bridge_game_genres`
    WHERE genre IS NOT NULL AND genre != ''
    GROUP BY genre
),

tag_analysis AS (
    SELECT
        tag,
        COUNT(DISTINCT appid) AS game_count,
        ROUND(AVG(estimated_owners), 0) AS avg_owners,
        ROUND(AVG(avg_playtime_minutes), 0) AS avg_playtime,
        ROUND(AVG(price), 2) AS avg_price
    FROM `workspace`.`raw_steam_staging`.`bridge_game_tags`
    GROUP BY tag
    HAVING COUNT(DISTINCT appid) >= 5
),

price_analysis AS (
    SELECT
        price_tier,
        COUNT(*) AS game_count,
        ROUND(AVG(estimated_owners), 0) AS avg_owners,
        ROUND(AVG(avg_playtime_minutes), 0) AS avg_playtime,
        ROUND(AVG(discount), 0) AS avg_discount,
        SUM(CASE WHEN success_category IN ('Hit', 'Successful') THEN 1 ELSE 0 END) AS successful_count,
        ROUND(
            SUM(CASE WHEN success_category IN ('Hit', 'Successful') THEN 1 ELSE 0 END) * 100.0 / COUNT(*),
            2
        ) AS success_rate_pct
    FROM `workspace`.`raw_steam_staging`.`fct_game_performance`
    GROUP BY price_tier
),

engagement_analysis AS (
    SELECT
        engagement_tier,
        COUNT(*) AS game_count,
        ROUND(AVG(price), 2) AS avg_price,
        ROUND(AVG(discount), 0) AS avg_discount,
        ROUND(AVG(peak_concurrent_users), 0) AS avg_peak_ccu
    FROM `workspace`.`raw_steam_staging`.`fct_game_performance`
    GROUP BY engagement_tier
),

language_analysis AS (
    SELECT
        language,
        COUNT(DISTINCT appid) AS game_count,
        ROUND(AVG(estimated_owners), 0) AS avg_owners,
        ROUND(AVG(avg_playtime_minutes), 0) AS avg_playtime,
        ROUND(AVG(price), 2) AS avg_price,
        SUM(CASE WHEN success_category IN ('Hit', 'Successful') THEN 1 ELSE 0 END) AS successful_count,
        ROUND(
            SUM(CASE WHEN success_category IN ('Hit', 'Successful') THEN 1 ELSE 0 END) * 100.0 / COUNT(*),
            2
        ) AS success_rate_pct
    FROM `workspace`.`raw_steam_staging`.`bridge_game_languages`
    WHERE language IS NOT NULL AND language != ''
    GROUP BY language
    HAVING COUNT(DISTINCT appid) >= 5
),

localization_analysis AS (
    SELECT
        CASE 
            WHEN language_count >= 10 THEN 'Heavily Localized (10+)'
            WHEN language_count >= 5 THEN 'Moderately Localized (5-9)'
            WHEN language_count >= 2 THEN 'Basic Localization (2-4)'
            ELSE 'Single Language'
        END AS localization_tier,
        COUNT(*) AS game_count,
        ROUND(AVG(estimated_owners), 0) AS avg_owners,
        ROUND(AVG(avg_playtime_minutes), 0) AS avg_playtime,
        ROUND(AVG(price), 2) AS avg_price,
        SUM(CASE WHEN success_category IN ('Hit', 'Successful') THEN 1 ELSE 0 END) AS successful_count,
        ROUND(
            SUM(CASE WHEN success_category IN ('Hit', 'Successful') THEN 1 ELSE 0 END) * 100.0 / COUNT(*),
            2
        ) AS success_rate_pct
    FROM (
        SELECT 
            appid,
            estimated_owners,
            avg_playtime_minutes,
            price,
            success_category,
            COUNT(DISTINCT language) AS language_count
        FROM `workspace`.`raw_steam_staging`.`bridge_game_languages`
        GROUP BY appid, estimated_owners, avg_playtime_minutes, price, success_category
    )
    GROUP BY localization_tier
)

-- Final recommendations table
SELECT
    'genre' AS insight_category,
    genre AS insight_value,
    hit_rate_pct AS metric_value,
    CONCAT(
        'Genre "', genre, '" has ', game_count, ' games with ',
        hit_rate_pct, '% hit rate. Avg price $', avg_price,
        '. Consider this genre for new game development.'
    ) AS recommendation
FROM genre_analysis
WHERE hit_rate_pct > 10

UNION ALL

SELECT
    'tag' AS insight_category,
    tag AS insight_value,
    game_count AS metric_value,
    CONCAT(
        'Tag "', tag, '" appears in ', game_count, 
        ' games with avg ', avg_owners, ' owners. ',
        'Avg playtime: ', avg_playtime, ' minutes.'
    ) AS recommendation
FROM tag_analysis
WHERE game_count >= 10

UNION ALL

SELECT
    'price_tier' AS insight_category,
    price_tier AS insight_value,
    success_rate_pct AS metric_value,
    CONCAT(
        'Price tier "', price_tier, '" shows ', success_rate_pct,
        '% success rate with avg ', avg_owners, ' owners.',
        CASE 
            WHEN avg_discount > 20 THEN ' Heavy discounting common.'
            ELSE ' Minimal discounting needed.'
        END
    ) AS recommendation
FROM price_analysis

UNION ALL

SELECT
    'engagement' AS insight_category,
    engagement_tier AS insight_value,
    avg_peak_ccu AS metric_value,
    CONCAT(
        'Games with "', engagement_tier, '" engagement average ',
        avg_peak_ccu, ' peak CCU. Avg price $', avg_price, '.'
    ) AS recommendation
FROM engagement_analysis

UNION ALL

SELECT
    'language' AS insight_category,
    language AS insight_value,
    success_rate_pct AS metric_value,
    CONCAT(
        'Language "', language, '" appears in ', game_count, 
        ' games with ', success_rate_pct, '% success rate. ',
        'Avg owners: ', avg_owners, '. ',
        CASE 
            WHEN success_rate_pct > 30 THEN 'Strong market - prioritize localization.'
            WHEN success_rate_pct > 15 THEN 'Moderate market - include if budget allows.'
            ELSE 'Niche market - consider post-launch.'
        END
    ) AS recommendation
FROM language_analysis
WHERE success_rate_pct > 10

UNION ALL

SELECT
    'localization' AS insight_category,
    localization_tier AS insight_value,
    success_rate_pct AS metric_value,
    CONCAT(
        'Games with "', localization_tier, '" have ', success_rate_pct,
        '% success rate. Avg owners: ', avg_owners, '. ',
        CASE 
            WHEN localization_tier = 'Heavily Localized (10+)' THEN 'Full localization drives success.'
            WHEN localization_tier = 'Moderately Localized (5-9)' THEN 'Good balance of reach and cost.'
            ELSE 'Consider expanding language support.'
        END
    ) AS recommendation
FROM localization_analysis
  
[0m17:13:34.433915 [debug] [Thread-5 (]: Databricks adapter: Exception while trying to execute query
/* {"app": "dbt", "dbt_version": "1.11.12", "dbt_databricks_version": "1.12.1", "databricks_sql_connector_version": "4.2.6", "profile_name": "databricks_free", "target_name": "dev", "invocation_id": "40dbea60-21f5-41c6-855d-bb678d68c491", "node_id": "model.dbt_steam_api.mart_valve_recommendations"} */

  
    
        create or replace table `workspace`.`raw_steam_marts`.`mart_valve_recommendations`
      
      
    using delta
  
      
      
      
      
      
      
      
      
      as
      WITH genre_analysis AS (
    SELECT
        genre,
        COUNT(DISTINCT appid) AS game_count,
        ROUND(AVG(price), 2) AS avg_price,
        ROUND(AVG(estimated_owners), 0) AS avg_owners,
        ROUND(AVG(avg_playtime_minutes), 0) AS avg_playtime,
        ROUND(AVG(discount), 0) AS avg_discount,
        ROUND(AVG(peak_concurrent_users), 0) AS avg_peak_ccu,
        SUM(CASE WHEN success_category = 'Hit' THEN 1 ELSE 0 END) AS hit_count,
        ROUND(
            SUM(CASE WHEN success_category = 'Hit' THEN 1 ELSE 0 END) * 100.0 / COUNT(*),
            2
        ) AS hit_rate_pct
    FROM `workspace`.`raw_steam_staging`.`bridge_game_genres`
    WHERE genre IS NOT NULL AND genre != ''
    GROUP BY genre
),

tag_analysis AS (
    SELECT
        tag,
        COUNT(DISTINCT appid) AS game_count,
        ROUND(AVG(estimated_owners), 0) AS avg_owners,
        ROUND(AVG(avg_playtime_minutes), 0) AS avg_playtime,
        ROUND(AVG(price), 2) AS avg_price
    FROM `workspace`.`raw_steam_staging`.`bridge_game_tags`
    GROUP BY tag
    HAVING COUNT(DISTINCT appid) >= 5
),

price_analysis AS (
    SELECT
        price_tier,
        COUNT(*) AS game_count,
        ROUND(AVG(estimated_owners), 0) AS avg_owners,
        ROUND(AVG(avg_playtime_minutes), 0) AS avg_playtime,
        ROUND(AVG(discount), 0) AS avg_discount,
        SUM(CASE WHEN success_category IN ('Hit', 'Successful') THEN 1 ELSE 0 END) AS successful_count,
        ROUND(
            SUM(CASE WHEN success_category IN ('Hit', 'Successful') THEN 1 ELSE 0 END) * 100.0 / COUNT(*),
            2
        ) AS success_rate_pct
    FROM `workspace`.`raw_steam_staging`.`fct_game_performance`
    GROUP BY price_tier
),

engagement_analysis AS (
    SELECT
        engagement_tier,
        COUNT(*) AS game_count,
        ROUND(AVG(price), 2) AS avg_price,
        ROUND(AVG(discount), 0) AS avg_discount,
        ROUND(AVG(peak_concurrent_users), 0) AS avg_peak_ccu
    FROM `workspace`.`raw_steam_staging`.`fct_game_performance`
    GROUP BY engagement_tier
),

language_analysis AS (
    SELECT
        language,
        COUNT(DISTINCT appid) AS game_count,
        ROUND(AVG(estimated_owners), 0) AS avg_owners,
        ROUND(AVG(avg_playtime_minutes), 0) AS avg_playtime,
        ROUND(AVG(price), 2) AS avg_price,
        SUM(CASE WHEN success_category IN ('Hit', 'Successful') THEN 1 ELSE 0 END) AS successful_count,
        ROUND(
            SUM(CASE WHEN success_category IN ('Hit', 'Successful') THEN 1 ELSE 0 END) * 100.0 / COUNT(*),
            2
        ) AS success_rate_pct
    FROM `workspace`.`raw_steam_staging`.`bridge_game_languages`
    WHERE language IS NOT NULL AND language != ''
    GROUP BY language
    HAVING COUNT(DISTINCT appid) >= 5
),

localization_analysis AS (
    SELECT
        CASE 
            WHEN language_count >= 10 THEN 'Heavily Localized (10+)'
            WHEN language_count >= 5 THEN 'Moderately Localized (5-9)'
            WHEN language_count >= 2 THEN 'Basic Localization (2-4)'
            ELSE 'Single Language'
        END AS localization_tier,
        COUNT(*) AS game_count,
        ROUND(AVG(estimated_owners), 0) AS avg_owners,
        ROUND(AVG(avg_playtime_minutes), 0) AS avg_playtime,
        ROUND(AVG(price), 2) AS avg_price,
        SUM(CASE WHEN success_category IN ('Hit', 'Successful') THEN 1 ELSE 0 END) AS successful_count,
        ROUND(
            SUM(CASE WHEN success_category IN ('Hit', 'Successful') THEN 1 ELSE 0 END) * 100.0 / COUNT(*),
            2
        ) AS success_rate_pct
    FROM (
        SELECT 
            appid,
            estimated_owners,
            avg_playtime_minutes,
            price,
            success_category,
            COUNT(DISTINCT language) AS language_count
        FROM `workspace`.`raw_steam_staging`.`bridge_game_languages`
        GROUP BY appid, estimated_owners, avg_playtime_minutes, price, success_category
    )
    GROUP BY localization_tier
)

-- Final recommendations table
SELECT
    'genre' AS insight_category,
    genre AS insight_value,
    hit_rate_pct AS metric_value,
    CONCAT(
        'Genre "', genre, '" has ', game_count, ' games with ',
        hit_rate_pct, '% hit rate. Avg price $', avg_price,
        '. Consider this genre for new game development.'
    ) AS recommendation
FROM genre_analysis
WHERE hit_rate_pct > 10

UNION ALL

SELECT
    'tag' AS insight_category,
    tag AS insight_value,
    game_count AS metric_value,
    CONCAT(
        'Tag "', tag, '" appears in ', game_count, 
        ' games with avg ', avg_owners, ' owners. ',
        'Avg playtime: ', avg_playtime, ' minutes.'
    ) AS recommendation
FROM tag_analysis
WHERE game_count >= 10

UNION ALL

SELECT
    'price_tier' AS insight_category,
    price_tier AS insight_value,
    success_rate_pct AS metric_value,
    CONCAT(
        'Price tier "', price_tier, '" shows ', success_rate_pct,
        '% success rate with avg ', avg_owners, ' owners.',
        CASE 
            WHEN avg_discount > 20 THEN ' Heavy discounting common.'
            ELSE ' Minimal discounting needed.'
        END
    ) AS recommendation
FROM price_analysis

UNION ALL

SELECT
    'engagement' AS insight_category,
    engagement_tier AS insight_value,
    avg_peak_ccu AS metric_value,
    CONCAT(
        'Games with "', engagement_tier, '" engagement average ',
        avg_peak_ccu, ' peak CCU. Avg price $', avg_price, '.'
    ) AS recommendation
FROM engagement_analysis

UNION ALL

SELECT
    'language' AS insight_category,
    language AS insight_value,
    success_rate_pct AS metric_value,
    CONCAT(
        'Language "', language, '" appears in ', game_count, 
        ' games with ', success_rate_pct, '% success rate. ',
        'Avg owners: ', avg_owners, '. ',
        CASE 
            WHEN success_rate_pct > 30 THEN 'Strong market - prioritize localization.'
            WHEN success_rate_pct > 15 THEN 'Moderate market - include if budget allows.'
            ELSE 'Niche market - consider post-launch.'
        END
    ) AS recommendation
FROM language_analysis
WHERE success_rate_pct > 10

UNION ALL

SELECT
    'localization' AS insight_category,
    localization_tier AS insight_value,
    success_rate_pct AS metric_value,
    CONCAT(
        'Games with "', localization_tier, '" have ', success_rate_pct,
        '% success rate. Avg owners: ', avg_owners, '. ',
        CASE 
            WHEN localization_tier = 'Heavily Localized (10+)' THEN 'Full localization drives success.'
            WHEN localization_tier = 'Moderately Localized (5-9)' THEN 'Good balance of reach and cost.'
            ELSE 'Consider expanding language support.'
        END
    ) AS recommendation
FROM localization_analysis
  
: [UNRESOLVED_COLUMN.WITH_SUGGESTION] A column, variable, or function parameter with name `discount` cannot be resolved. Did you mean one of the following? [`appid`, `genre`, `price`, `game_name`, `games_in_genre`]. SQLSTATE: 42703; line 26 pos 18
Error properties: diagnostic-info=org.apache.hive.service.cli.HiveSQLException: Error running query: [UNRESOLVED_COLUMN.WITH_SUGGESTION] org.apache.spark.sql.catalyst.ExtendedAnalysisException: [UNRESOLVED_COLUMN.WITH_SUGGESTION] A column, variable, or function parameter with name `discount` cannot be resolved. Did you mean one of the following? [`appid`, `genre`, `price`, `game_name`, `games_in_genre`]. SQLSTATE: 42703; line 26 pos 18
	at org.apache.spark.sql.hive.thriftserver.HiveThriftServerErrors$.runningQueryError(HiveThriftServerErrors.scala:58)
	at org.apache.spark.sql.hive.thriftserver.SparkExecuteStatementOperation.$anonfun$execute$1(SparkExecuteStatementOperation.scala:1184)
	at scala.runtime.java8.JFunction0$mcV$sp.apply(JFunction0$mcV$sp.scala:18)
	at com.databricks.unity.UCSEphemeralState$Handle.runWith(UCSEphemeralState.scala:51)
	at com.databricks.unity.HandleImpl.runWith(UCSHandle.scala:128)
	at org.apache.spark.sql.hive.thriftserver.SparkExecuteStatementOperation.org$apache$spark$sql$hive$thriftserver$SparkExecuteStatementOperation$$execute(SparkExecuteStatementOperation.scala:877)
	at org.apache.spark.sql.hive.thriftserver.SparkExecuteStatementOperation$$anon$2$$anon$3.$anonfun$run$6(SparkExecuteStatementOperation.scala:636)
	at scala.runtime.java8.JFunction0$mcV$sp.apply(JFunction0$mcV$sp.scala:18)
	at org.apache.spark.sql.execution.SQLExecution$.withRootExecution(SQLExecution.scala:1468)
	at org.apache.spark.sql.hive.thriftserver.SparkExecuteStatementOperation$$anon$2$$anon$3.$anonfun$run$3(SparkExecuteStatementOperation.scala:636)
	at scala.runtime.java8.JFunction0$mcV$sp.apply(JFunction0$mcV$sp.scala:18)
	at com.databricks.util.TracingSpanUtils$.withTracing(TracingSpanUtils.scala:251)
	at com.databricks.spark.util.DatabricksTracingHelper.withSpan(DatabricksSparkTracingHelper.scala:154)
	at com.databricks.spark.util.DBRTracing$.withSpan(DBRTracing.scala:87)
	at org.apache.spark.sql.hive.thriftserver.ThriftLocalProperties.$anonfun$withLocalProperties$18(ThriftLocalProperties.scala:366)
	at com.databricks.logging.AttributionContextTracing.$anonfun$withAttributionContext$1(AttributionContextTracing.scala:146)
	at com.databricks.logging.AttributionContext$.$anonfun$withValue$1(AttributionContext.scala:349)
	at scala.util.DynamicVariable.withValue(DynamicVariable.scala:59)
	at com.databricks.logging.AttributionContext$.withValue(AttributionContext.scala:345)
	at com.databricks.logging.AttributionContextTracing.withAttributionContext(AttributionContextTracing.scala:144)
	at com.databricks.logging.AttributionContextTracing.withAttributionContext$(AttributionContextTracing.scala:141)
	at com.databricks.spark.util.PublicDBLogging.withAttributionContext(DatabricksSparkUsageLogger.scala:29)
	at com.databricks.logging.AttributionContextTracing.withAttributionTags(AttributionContextTracing.scala:201)
	at com.databricks.logging.AttributionContextTracing.withAttributionTags$(AttributionContextTracing.scala:182)
	at com.databricks.spark.util.PublicDBLogging.withAttributionTags(DatabricksSparkUsageLogger.scala:29)
	at com.databricks.spark.util.PublicDBLogging.withAttributionTags0(DatabricksSparkUsageLogger.scala:108)
	at com.databricks.spark.util.DatabricksSparkUsageLogger.withAttributionTags(DatabricksSparkUsageLogger.scala:215)
	at com.databricks.spark.util.UsageLogging.$anonfun$withAttributionTags$1(UsageLogger.scala:668)
	at com.databricks.spark.util.UsageLogging$.withAttributionTags(UsageLogger.scala:780)
	at com.databricks.spark.util.UsageLogging$.withAttributionTags(UsageLogger.scala:789)
	at com.databricks.spark.util.UsageLogging.withAttributionTags(UsageLogger.scala:668)
	at com.databricks.spark.util.UsageLogging.withAttributionTags$(UsageLogger.scala:666)
	at org.apache.spark.sql.hive.thriftserver.SparkExecuteStatementOperation.withAttributionTags(SparkExecuteStatementOperation.scala:78)
	at org.apache.spark.sql.hive.thriftserver.ThriftLocalProperties.$anonfun$withLocalProperties$15(ThriftLocalProperties.scala:365)
	at com.databricks.spark.util.IdentityClaim$.withClaim(IdentityClaim.scala:48)
	at org.apache.spark.sql.hive.thriftserver.ThriftLocalProperties.withLocalProperties(ThriftLocalProperties.scala:360)
	at org.apache.spark.sql.hive.thriftserver.ThriftLocalProperties.withLocalProperties$(ThriftLocalProperties.scala:180)
	at org.apache.spark.sql.hive.thriftserver.SparkExecuteStatementOperation.withLocalProperties(SparkExecuteStatementOperation.scala:78)
	at org.apache.spark.sql.hive.thriftserver.SparkExecuteStatementOperation$$anon$2$$anon$3.$anonfun$run$2(SparkExecuteStatementOperation.scala:612)
	at scala.runtime.java8.JFunction0$mcV$sp.apply(JFunction0$mcV$sp.scala:18)
	at com.databricks.spark.util.DBRTracing$.withSpanFromParent(DBRTracing.scala:70)
	at org.apache.spark.sql.hive.thriftserver.SparkExecuteStatementOperation$$anon$2$$anon$3.run(SparkExecuteStatementOperation.scala:612)
	at org.apache.spark.sql.hive.thriftserver.SparkExecuteStatementOperation$$anon$2$$anon$3.run(SparkExecuteStatementOperation.scala:585)
	at java.base/java.security.AccessController.doPrivileged(AccessController.java:712)
	at java.base/javax.security.auth.Subject.doAs(Subject.java:439)
	at org.apache.hadoop.security.UserGroupInformation.doAs(UserGroupInformation.java:1953)
	at org.apache.spark.sql.hive.thriftserver.SparkExecuteStatementOperation$$anon$2.run(SparkExecuteStatementOperation.scala:650)
	at java.base/java.util.concurrent.Executors$RunnableAdapter.call(Executors.java:539)
	at java.base/java.util.concurrent.FutureTask.run(FutureTask.java:264)
	at java.base/java.util.concurrent.ThreadPoolExecutor.runWorker(ThreadPoolExecutor.java:1136)
	at java.base/java.util.concurrent.ThreadPoolExecutor$Worker.run(ThreadPoolExecutor.java:635)
	at java.base/java.lang.Thread.run(Thread.java:840)
Caused by: org.apache.spark.sql.catalyst.ExtendedAnalysisException: [UNRESOLVED_COLUMN.WITH_SUGGESTION] A column, variable, or function parameter with name `discount` cannot be resolved. Did you mean one of the following? [`appid`, `genre`, `price`, `game_name`, `games_in_genre`]. SQLSTATE: 42703; line 26 pos 18
	at org.apache.spark.sql.catalyst.ExtendedAnalysisException.copyPlan(ExtendedAnalysisException.scala:97)
	at org.apache.spark.sql.hive.thriftserver.SparkExecuteStatementOperation.$anonfun$execute$1(SparkExecuteStatementOperation.scala:1137)
	... 50 more
, operation-id=01f17ba8-bfbe-1357-a090-5c3d9c1a3095
[0m17:13:34.442601 [debug] [Thread-5 (]: On model.dbt_steam_api.mart_valve_recommendations: Close
[0m17:13:34.442601 [debug] [Thread-5 (]: Databricks adapter: Connection(session-id=01f17ba8-bf13-1bbd-b9fc-dc530260edfa) - Closing
[0m17:13:34.680784 [debug] [Thread-5 (]: Database Error in model mart_valve_recommendations (models\marts\mart_valve_recommendations.sql)
  [UNRESOLVED_COLUMN.WITH_SUGGESTION] A column, variable, or function parameter with name `discount` cannot be resolved. Did you mean one of the following? [`appid`, `genre`, `price`, `game_name`, `games_in_genre`]. SQLSTATE: 42703; line 26 pos 18
  compiled code at target\run\dbt_steam_api\models\marts\mart_valve_recommendations.sql
[0m17:13:34.689084 [debug] [Thread-5 (]: Sending event: {'category': 'dbt', 'action': 'run_model', 'label': '40dbea60-21f5-41c6-855d-bb678d68c491', 'context': [<snowplow_tracker.self_describing_json.SelfDescribingJson object at 0x00000165B82C6120>]}
[0m17:13:34.689084 [error] [Thread-5 (]: 7 of 7 ERROR creating sql table model raw_steam_marts.mart_valve_recommendations  [[31mERROR[0m in 3.15s]
[0m17:13:34.689084 [debug] [Thread-5 (]: Finished running node model.dbt_steam_api.mart_valve_recommendations
[0m17:13:34.689084 [debug] [Thread-8 (]: Marking all children of 'model.dbt_steam_api.mart_valve_recommendations' to be skipped because of status 'error'.  Reason: Database Error in model mart_valve_recommendations (models\marts\mart_valve_recommendations.sql)
  [UNRESOLVED_COLUMN.WITH_SUGGESTION] A column, variable, or function parameter with name `discount` cannot be resolved. Did you mean one of the following? [`appid`, `genre`, `price`, `game_name`, `games_in_genre`]. SQLSTATE: 42703; line 26 pos 18
  compiled code at target\run\dbt_steam_api\models\marts\mart_valve_recommendations.sql.
[0m17:13:34.697345 [debug] [MainThread]: Databricks adapter: DatabricksDBTConnection(session-id=None, name=master) - Creating connection
[0m17:13:34.697345 [debug] [MainThread]: Acquiring new databricks connection 'master'
[0m17:13:34.705651 [info ] [MainThread]: 
[0m17:13:34.705651 [info ] [MainThread]: Finished running 6 table models, 1 view model in 0 hours 1 minutes and 8.96 seconds (68.96s).
[0m17:13:34.713652 [debug] [MainThread]: Command end result
[0m17:13:34.847041 [debug] [MainThread]: Wrote artifact WritableManifest to C:\Users\KaelThas\Documents\steam_analytics_api\dbt_steam_api\target\manifest.json
[0m17:13:34.855061 [debug] [MainThread]: Wrote artifact SemanticManifest to C:\Users\KaelThas\Documents\steam_analytics_api\dbt_steam_api\target\semantic_manifest.json
[0m17:13:34.871297 [debug] [MainThread]: Wrote artifact RunExecutionResult to C:\Users\KaelThas\Documents\steam_analytics_api\dbt_steam_api\target\run_results.json
[0m17:13:34.871297 [info ] [MainThread]: 
[0m17:13:34.871297 [info ] [MainThread]: [31mCompleted with 1 error, 0 partial successes, and 0 warnings:[0m
[0m17:13:34.871297 [info ] [MainThread]: 
[0m17:13:34.871297 [error] [MainThread]: [31mFailure in model mart_valve_recommendations (models\marts\mart_valve_recommendations.sql)[0m
[0m17:13:34.879499 [error] [MainThread]:   Database Error in model mart_valve_recommendations (models\marts\mart_valve_recommendations.sql)
  [UNRESOLVED_COLUMN.WITH_SUGGESTION] A column, variable, or function parameter with name `discount` cannot be resolved. Did you mean one of the following? [`appid`, `genre`, `price`, `game_name`, `games_in_genre`]. SQLSTATE: 42703; line 26 pos 18
  compiled code at target\run\dbt_steam_api\models\marts\mart_valve_recommendations.sql
[0m17:13:34.879499 [info ] [MainThread]: 
[0m17:13:34.879499 [info ] [MainThread]:   compiled code at target\compiled\dbt_steam_api\models\marts\mart_valve_recommendations.sql
[0m17:13:34.879499 [info ] [MainThread]: 
[0m17:13:34.879499 [info ] [MainThread]: Done. PASS=6 WARN=0 ERROR=1 SKIP=0 NO-OP=0 TOTAL=7
[0m17:13:34.887501 [debug] [MainThread]: Command `dbt run` failed at 17:13:34.887501 after 80.62 seconds
[0m17:13:34.887501 [debug] [MainThread]: Sending event: {'category': 'dbt', 'action': 'invocation', 'label': 'end', 'context': [<snowplow_tracker.self_describing_json.SelfDescribingJson object at 0x00000165AAB87B00>, <snowplow_tracker.self_describing_json.SelfDescribingJson object at 0x00000165A710BC80>, <snowplow_tracker.self_describing_json.SelfDescribingJson object at 0x00000165AAED5DC0>]}
[0m17:13:34.887501 [debug] [MainThread]: Flushing usage events
[0m17:13:36.002129 [debug] [MainThread]: An error was encountered while trying to flush usage events
[0m17:28:18.572154 [debug] [MainThread]: Sending event: {'category': 'dbt', 'action': 'invocation', 'label': 'start', 'context': [<snowplow_tracker.self_describing_json.SelfDescribingJson object at 0x00000236E009C5C0>, <snowplow_tracker.self_describing_json.SelfDescribingJson object at 0x00000236E26B58E0>, <snowplow_tracker.self_describing_json.SelfDescribingJson object at 0x00000236E3839520>]}


============================== 17:28:18.582392 | a874f220-5bc3-41a5-96fb-6bcb782984f7 ==============================
[0m17:28:18.582392 [info ] [MainThread]: Running with dbt=1.11.12
[0m17:28:18.582392 [debug] [MainThread]: running dbt with arguments {'version_check': 'True', 'no_print': 'None', 'static_parser': 'True', 'target_path': 'None', 'warn_error_options': 'WarnErrorOptionsV2(error=[], warn=[], silence=[])', 'printer_width': '80', 'write_json': 'True', 'empty': 'False', 'log_cache_events': 'False', 'introspect': 'True', 'cache_selected_only': 'False', 'fail_fast': 'False', 'debug': 'False', 'log_format': 'default', 'partial_parse': 'True', 'send_anonymous_usage_stats': 'True', 'quiet': 'False', 'warn_error': 'None', 'profiles_dir': 'C:\\Users\\KaelThas\\.dbt', 'use_colors': 'True', 'invocation_command': 'dbt run --full-refresh --profile databricks_free', 'indirect_selection': 'eager', 'use_experimental_parser': 'False', 'log_path': 'C:\\Users\\KaelThas\\Documents\\steam_analytics_api\\dbt_steam_api\\logs'}
[0m17:28:24.366982 [debug] [MainThread]: Spark adapter: Setting pyhive.hive logging to ERROR
[0m17:28:24.366982 [debug] [MainThread]: Spark adapter: Setting thrift.transport logging to ERROR
[0m17:28:24.366982 [debug] [MainThread]: Spark adapter: Setting thrift.protocol logging to ERROR
[0m17:28:26.597905 [debug] [MainThread]: Sending event: {'category': 'dbt', 'action': 'project_id', 'label': 'a874f220-5bc3-41a5-96fb-6bcb782984f7', 'context': [<snowplow_tracker.self_describing_json.SelfDescribingJson object at 0x00000236E75207D0>]}
[0m17:28:26.752440 [debug] [MainThread]: Sending event: {'category': 'dbt', 'action': 'adapter_info', 'label': 'a874f220-5bc3-41a5-96fb-6bcb782984f7', 'context': [<snowplow_tracker.self_describing_json.SelfDescribingJson object at 0x00000236EF6F3770>]}
[0m17:28:26.752440 [info ] [MainThread]: Registered adapter: databricks=1.12.1
[0m17:28:28.352238 [debug] [MainThread]: checksum: 45e2f83721850e743bd0f768476d4ea2a0d55c5933c39c88efe5bb30eb62a789, vars: {}, profile: databricks_free, target: , version: 1.11.12
[0m17:28:28.842553 [debug] [MainThread]: Partial parsing enabled: 0 files deleted, 0 files added, 2 files changed.
[0m17:28:28.842553 [debug] [MainThread]: Partial parsing: updated file: dbt_steam_api://models\staging\fct_game_performance.sql
[0m17:28:28.842553 [debug] [MainThread]: Partial parsing: updated file: dbt_steam_api://models\marts\mart_valve_recommendations.sql
[0m17:28:29.717002 [debug] [MainThread]: Sending event: {'category': 'dbt', 'action': 'load_project', 'label': 'a874f220-5bc3-41a5-96fb-6bcb782984f7', 'context': [<snowplow_tracker.self_describing_json.SelfDescribingJson object at 0x00000236F013B8F0>]}
[0m17:28:30.012507 [debug] [MainThread]: Wrote artifact WritableManifest to C:\Users\KaelThas\Documents\steam_analytics_api\dbt_steam_api\target\manifest.json
[0m17:28:30.012507 [debug] [MainThread]: Wrote artifact SemanticManifest to C:\Users\KaelThas\Documents\steam_analytics_api\dbt_steam_api\target\semantic_manifest.json
[0m17:28:30.042372 [debug] [MainThread]: Sending event: {'category': 'dbt', 'action': 'resource_counts', 'label': 'a874f220-5bc3-41a5-96fb-6bcb782984f7', 'context': [<snowplow_tracker.self_describing_json.SelfDescribingJson object at 0x00000236F09CBFB0>]}
[0m17:28:30.052203 [info ] [MainThread]: Found 7 models, 4 data tests, 1 source, 758 macros
[0m17:28:30.052203 [debug] [MainThread]: Sending event: {'category': 'dbt', 'action': 'runnable_timing', 'label': 'a874f220-5bc3-41a5-96fb-6bcb782984f7', 'context': [<snowplow_tracker.self_describing_json.SelfDescribingJson object at 0x00000236F044BCB0>]}
[0m17:28:30.052203 [info ] [MainThread]: 
[0m17:28:30.052203 [info ] [MainThread]: Concurrency: 1 threads (target='dev')
[0m17:28:30.052203 [info ] [MainThread]: 
[0m17:28:30.062050 [debug] [MainThread]: Databricks adapter: DatabricksDBTConnection(session-id=None, name=master) - Creating connection
[0m17:28:30.062050 [debug] [MainThread]: Acquiring new databricks connection 'master'
[0m17:28:30.081986 [debug] [ThreadPool]: Databricks adapter: DatabricksDBTConnection(session-id=None, name=list_workspace) - Creating connection
[0m17:28:30.092100 [debug] [ThreadPool]: Acquiring new databricks connection 'list_workspace'
[0m17:28:30.117010 [debug] [ThreadPool]: Using databricks connection "list_workspace"
[0m17:28:30.122254 [debug] [ThreadPool]: On list_workspace: /* {"app": "dbt", "dbt_version": "1.11.12", "dbt_databricks_version": "1.12.1", "databricks_sql_connector_version": "4.2.6", "profile_name": "databricks_free", "target_name": "dev", "invocation_id": "a874f220-5bc3-41a5-96fb-6bcb782984f7", "connection_name": "list_workspace"} */

    

  SHOW SCHEMAS IN `workspace`


  
[0m17:28:30.122254 [debug] [ThreadPool]: Opening a new connection, currently in state init
[0m17:28:34.105810 [debug] [ThreadPool]: Databricks adapter: Connection(session-id=01f17baa-d7fc-16ff-ae2a-b0c90f33e839) - Created
[0m17:28:44.681191 [debug] [ThreadPool]: SQL status: OK in 14.560 seconds
[0m17:28:44.705195 [debug] [ThreadPool]: Databricks adapter: Cursor(session-id=01f17baa-d7fc-16ff-ae2a-b0c90f33e839, command-id=01f17baa-d88f-1983-85b0-543de9c47f24) - Closing
[0m17:28:44.973545 [debug] [ThreadPool]: On list_workspace: Close
[0m17:28:44.982886 [debug] [ThreadPool]: Databricks adapter: Connection(session-id=01f17baa-d7fc-16ff-ae2a-b0c90f33e839) - Closing
[0m17:28:45.158430 [debug] [ThreadPool]: Databricks adapter: DatabricksDBTConnection(session-id=None, name=list_workspace) - Creating connection
[0m17:28:45.158430 [debug] [ThreadPool]: Acquiring new databricks connection 'list_workspace'
[0m17:28:45.174662 [debug] [ThreadPool]: Using databricks connection "list_workspace"
[0m17:28:45.174662 [debug] [ThreadPool]: On list_workspace: /* {"app": "dbt", "dbt_version": "1.11.12", "dbt_databricks_version": "1.12.1", "databricks_sql_connector_version": "4.2.6", "profile_name": "databricks_free", "target_name": "dev", "invocation_id": "a874f220-5bc3-41a5-96fb-6bcb782984f7", "connection_name": "list_workspace"} */

    

  SHOW SCHEMAS IN `workspace`


  
[0m17:28:45.174662 [debug] [ThreadPool]: Opening a new connection, currently in state init
[0m17:28:46.158216 [debug] [ThreadPool]: Databricks adapter: Connection(session-id=01f17baa-df8a-1f1a-bc80-1a08c3d0b215) - Created
[0m17:28:47.872380 [debug] [ThreadPool]: SQL status: OK in 2.700 seconds
[0m17:28:47.881025 [debug] [ThreadPool]: Databricks adapter: Cursor(session-id=01f17baa-df8a-1f1a-bc80-1a08c3d0b215, command-id=01f17baa-dfbd-1cc7-9aa5-6d0b51e9cb73) - Closing
[0m17:28:47.889599 [debug] [ThreadPool]: On list_workspace: Close
[0m17:28:47.889599 [debug] [ThreadPool]: Databricks adapter: Connection(session-id=01f17baa-df8a-1f1a-bc80-1a08c3d0b215) - Closing
[0m17:28:48.089098 [debug] [ThreadPool]: Databricks adapter: DatabricksDBTConnection(session-id=None, name=list_workspace_raw_steam_marts) - Creating connection
[0m17:28:48.089098 [debug] [ThreadPool]: Acquiring new databricks connection 'list_workspace_raw_steam_marts'
[0m17:28:48.139691 [debug] [ThreadPool]: Using databricks connection "list_workspace_raw_steam_marts"
[0m17:28:48.147701 [debug] [ThreadPool]: On list_workspace_raw_steam_marts: /* {"app": "dbt", "dbt_version": "1.11.12", "dbt_databricks_version": "1.12.1", "databricks_sql_connector_version": "4.2.6", "profile_name": "databricks_free", "target_name": "dev", "invocation_id": "a874f220-5bc3-41a5-96fb-6bcb782984f7", "connection_name": "list_workspace_raw_steam_marts"} */

    
SELECT
  table_name,
  if(table_type IN ('EXTERNAL', 'MANAGED', 'MANAGED_SHALLOW_CLONE', 'EXTERNAL_SHALLOW_CLONE'), 'table', lower(table_type)) AS table_type,
  lower(data_source_format) AS file_format,
  table_owner,
  if(
    table_type IN (
      'EXTERNAL',
      'MANAGED',
      'MANAGED_SHALLOW_CLONE',
      'EXTERNAL_SHALLOW_CLONE'
    ),
    lower(table_type),
    NULL
  ) AS databricks_table_type
FROM `system`.`information_schema`.`tables`
WHERE table_catalog = 'workspace'
  AND table_schema = 'raw_steam_marts'

  
[0m17:28:48.147701 [debug] [ThreadPool]: Opening a new connection, currently in state init
[0m17:28:49.265286 [debug] [ThreadPool]: Databricks adapter: Connection(session-id=01f17baa-e16d-1306-9b26-9b7044c701c3) - Created
[0m17:28:51.848847 [debug] [ThreadPool]: SQL status: OK in 3.700 seconds
[0m17:28:51.848847 [debug] [ThreadPool]: Databricks adapter: Cursor(session-id=01f17baa-e16d-1306-9b26-9b7044c701c3, command-id=01f17baa-e199-13ae-b739-029d5341ea0b) - Closing
[0m17:28:51.848847 [debug] [ThreadPool]: On list_workspace_raw_steam_marts: Close
[0m17:28:51.848847 [debug] [ThreadPool]: Databricks adapter: Connection(session-id=01f17baa-e16d-1306-9b26-9b7044c701c3) - Closing
[0m17:28:52.026027 [debug] [ThreadPool]: Databricks adapter: DatabricksDBTConnection(session-id=None, name=list_workspace_raw_steam_staging) - Creating connection
[0m17:28:52.026027 [debug] [ThreadPool]: Acquiring new databricks connection 'list_workspace_raw_steam_staging'
[0m17:28:52.034046 [debug] [ThreadPool]: Using databricks connection "list_workspace_raw_steam_staging"
[0m17:28:52.034046 [debug] [ThreadPool]: On list_workspace_raw_steam_staging: /* {"app": "dbt", "dbt_version": "1.11.12", "dbt_databricks_version": "1.12.1", "databricks_sql_connector_version": "4.2.6", "profile_name": "databricks_free", "target_name": "dev", "invocation_id": "a874f220-5bc3-41a5-96fb-6bcb782984f7", "connection_name": "list_workspace_raw_steam_staging"} */

    
SELECT
  table_name,
  if(table_type IN ('EXTERNAL', 'MANAGED', 'MANAGED_SHALLOW_CLONE', 'EXTERNAL_SHALLOW_CLONE'), 'table', lower(table_type)) AS table_type,
  lower(data_source_format) AS file_format,
  table_owner,
  if(
    table_type IN (
      'EXTERNAL',
      'MANAGED',
      'MANAGED_SHALLOW_CLONE',
      'EXTERNAL_SHALLOW_CLONE'
    ),
    lower(table_type),
    NULL
  ) AS databricks_table_type
FROM `system`.`information_schema`.`tables`
WHERE table_catalog = 'workspace'
  AND table_schema = 'raw_steam_staging'

  
[0m17:28:52.034046 [debug] [ThreadPool]: Opening a new connection, currently in state init
[0m17:28:53.021344 [debug] [ThreadPool]: Databricks adapter: Connection(session-id=01f17baa-e3af-15ba-a490-49f0645b24aa) - Created
[0m17:28:55.078078 [debug] [ThreadPool]: SQL status: OK in 3.040 seconds
[0m17:28:55.094805 [debug] [ThreadPool]: Databricks adapter: Cursor(session-id=01f17baa-e3af-15ba-a490-49f0645b24aa, command-id=01f17baa-e3d5-1914-9516-369fa6a070eb) - Closing
[0m17:28:55.094805 [debug] [ThreadPool]: On list_workspace_raw_steam_staging: Close
[0m17:28:55.102800 [debug] [ThreadPool]: Databricks adapter: Connection(session-id=01f17baa-e3af-15ba-a490-49f0645b24aa) - Closing
[0m17:28:55.292774 [debug] [MainThread]: Sending event: {'category': 'dbt', 'action': 'runnable_timing', 'label': 'a874f220-5bc3-41a5-96fb-6bcb782984f7', 'context': [<snowplow_tracker.self_describing_json.SelfDescribingJson object at 0x00000236F0FC0440>]}
[0m17:28:55.324783 [debug] [Thread-5 (]: Began running node model.dbt_steam_api.stg_steam_apps
[0m17:28:55.324783 [info ] [Thread-5 (]: 1 of 7 START sql view model raw_steam_staging.stg_steam_apps ................... [RUN]
[0m17:28:55.334466 [debug] [Thread-5 (]: Databricks adapter: DatabricksDBTConnection(session-id=None, name=model.dbt_steam_api.stg_steam_apps) - Creating connection
[0m17:28:55.334466 [debug] [Thread-5 (]: Acquiring new databricks connection 'model.dbt_steam_api.stg_steam_apps'
[0m17:28:55.334466 [debug] [Thread-5 (]: Began compiling node model.dbt_steam_api.stg_steam_apps
[0m17:28:55.402482 [debug] [Thread-5 (]: Writing injected SQL for node "model.dbt_steam_api.stg_steam_apps"
[0m17:28:55.402482 [debug] [Thread-5 (]: Began executing node model.dbt_steam_api.stg_steam_apps
[0m17:28:55.442788 [debug] [Thread-5 (]: MATERIALIZING VIEW
[0m17:28:55.490976 [debug] [Thread-5 (]: Creating view `workspace`.`raw_steam_staging`.`stg_steam_apps`
[0m17:28:55.515268 [debug] [Thread-5 (]: Writing runtime sql for node "model.dbt_steam_api.stg_steam_apps"
[0m17:28:55.515268 [debug] [Thread-5 (]: Using databricks connection "model.dbt_steam_api.stg_steam_apps"
[0m17:28:55.523268 [debug] [Thread-5 (]: On model.dbt_steam_api.stg_steam_apps: /* {"app": "dbt", "dbt_version": "1.11.12", "dbt_databricks_version": "1.12.1", "databricks_sql_connector_version": "4.2.6", "profile_name": "databricks_free", "target_name": "dev", "invocation_id": "a874f220-5bc3-41a5-96fb-6bcb782984f7", "node_id": "model.dbt_steam_api.stg_steam_apps"} */

  
  
  
  create or replace view `workspace`.`raw_steam_staging`.`stg_steam_apps`
  
  as (
    WITH parsed AS (
    SELECT
        appid,
        TRIM(name) AS game_name,
        TRIM(developer) AS developer,
        TRIM(publisher) AS publisher,
        score_rank,
        owners,
        average_forever AS avg_playtime_minutes,
        average_2weeks AS avg_playtime_2weeks,
        median_forever AS median_playtime_minutes,
        median_2weeks AS median_playtime_2weeks,
        ccu AS peak_concurrent_users,
        price,
        initialprice AS original_price,
        discount,
        tags,
        languages,
        genre,
        
        -- Fix: Clean owners string before parsing
        -- Remove commas and extract numbers
        REGEXP_EXTRACT(owners, '([0-9,]+)', 1) AS owners_min_str,
        REGEXP_EXTRACT(owners, '\\.\\. ([0-9,]+)', 1) AS owners_max_str,
        
        -- Fix: Remove commas and cast to BIGINT
        CAST(REPLACE(REGEXP_EXTRACT(owners, '([0-9,]+)', 1), ',', '') AS BIGINT) AS owners_min,
        CAST(REPLACE(REGEXP_EXTRACT(owners, '\\.\\. ([0-9,]+)', 1), ',', '') AS BIGINT) AS owners_max,
        
        -- Calculate estimated owners (midpoint of range)
        ROUND((
            CAST(REPLACE(REGEXP_EXTRACT(owners, '([0-9,]+)', 1), ',', '') AS BIGINT) + 
            CAST(REPLACE(REGEXP_EXTRACT(owners, '\\.\\. ([0-9,]+)', 1), ',', '') AS BIGINT)
        ) / 2, 0) AS estimated_owners,
        
        -- Price categories
        CASE 
            WHEN price = 0 THEN 'Free'
            WHEN price <= 10 THEN 'Budget ($0-10)'
            WHEN price > 10 AND price <= 30 THEN 'Mid-tier ($10-30)'
            WHEN price > 30 AND price <= 60 THEN 'Premium ($30-60)'
            ELSE 'Ultra-Tier ($60+)'
        END AS price_tier,
        
        -- Engagement categories
        CASE
            WHEN average_forever < 60 THEN 'Casual (<1h)'
            WHEN average_forever < 600 THEN 'Moderate (1-10h)'
            WHEN average_forever < 3000 THEN 'Engaged (10-50h)'
            ELSE 'Hardcore (50h+)'
        END AS engagement_tier,
        
        -- Discount flag
        CASE WHEN discount > 0 THEN TRUE ELSE FALSE END AS is_discounted,
        
        -- Parse tags into array for analysis
        SPLIT(tags, ',') AS tag_list,
        
        -- Parse languages
        SPLIT(languages, ',') AS language_list,
        
        -- Parse genres
        SPLIT(genre, ',') AS genre_list,
        
        -- Success indicators
        CASE 
            WHEN ROUND((
                CAST(REPLACE(REGEXP_EXTRACT(owners, '([0-9,]+)', 1), ',', '') AS BIGINT) + 
                CAST(REPLACE(REGEXP_EXTRACT(owners, '\\.\\. ([0-9,]+)', 1), ',', '') AS BIGINT)
            ) / 2, 0) > 1000000 AND average_forever > 600 THEN 'Hit'
            WHEN ROUND((
                CAST(REPLACE(REGEXP_EXTRACT(owners, '([0-9,]+)', 1), ',', '') AS BIGINT) + 
                CAST(REPLACE(REGEXP_EXTRACT(owners, '\\.\\. ([0-9,]+)', 1), ',', '') AS BIGINT)
            ) / 2, 0) > 100000 THEN 'Successful'
            WHEN ROUND((
                CAST(REPLACE(REGEXP_EXTRACT(owners, '([0-9,]+)', 1), ',', '') AS BIGINT) + 
                CAST(REPLACE(REGEXP_EXTRACT(owners, '\\.\\. ([0-9,]+)', 1), ',', '') AS BIGINT)
            ) / 2, 0) > 10000 THEN 'Moderate'
            ELSE 'Niche'
        END AS success_category

    FROM `workspace`.`raw_steam`.`raw_apps`
    WHERE name IS NOT NULL AND name != ''
)

SELECT * FROM parsed
  )

[0m17:28:55.523268 [debug] [Thread-5 (]: Opening a new connection, currently in state init
[0m17:28:56.452323 [debug] [Thread-5 (]: Databricks adapter: Connection(session-id=01f17baa-e5b4-11b0-877a-66942c1b8cb3) - Created
[0m17:28:59.481668 [debug] [Thread-5 (]: SQL status: OK in 3.960 seconds
[0m17:28:59.490214 [debug] [Thread-5 (]: Databricks adapter: Cursor(session-id=01f17baa-e5b4-11b0-877a-66942c1b8cb3, command-id=01f17baa-e5e1-137a-857c-761e6820ef98) - Closing
[0m17:28:59.555412 [debug] [Thread-5 (]: Applying tags to relation None
[0m17:28:59.563727 [debug] [Thread-5 (]: On model.dbt_steam_api.stg_steam_apps: Close
[0m17:28:59.563727 [debug] [Thread-5 (]: Databricks adapter: Connection(session-id=01f17baa-e5b4-11b0-877a-66942c1b8cb3) - Closing
[0m17:28:59.755168 [debug] [Thread-5 (]: Sending event: {'category': 'dbt', 'action': 'run_model', 'label': 'a874f220-5bc3-41a5-96fb-6bcb782984f7', 'context': [<snowplow_tracker.self_describing_json.SelfDescribingJson object at 0x00000236F0008F20>]}
[0m17:28:59.755168 [info ] [Thread-5 (]: 1 of 7 OK created sql view model raw_steam_staging.stg_steam_apps .............. [[32mOK[0m in 4.41s]
[0m17:28:59.764362 [debug] [Thread-5 (]: Finished running node model.dbt_steam_api.stg_steam_apps
[0m17:28:59.764362 [debug] [Thread-5 (]: Began running node model.dbt_steam_api.bridge_game_genres
[0m17:28:59.772894 [info ] [Thread-5 (]: 2 of 7 START sql table model raw_steam_staging.bridge_game_genres .............. [RUN]
[0m17:28:59.780894 [debug] [Thread-5 (]: Databricks adapter: DatabricksDBTConnection(session-id=None, name=model.dbt_steam_api.bridge_game_genres) - Creating connection
[0m17:28:59.788894 [debug] [Thread-5 (]: Acquiring new databricks connection 'model.dbt_steam_api.bridge_game_genres'
[0m17:28:59.788894 [debug] [Thread-5 (]: Began compiling node model.dbt_steam_api.bridge_game_genres
[0m17:28:59.840040 [debug] [Thread-5 (]: Writing injected SQL for node "model.dbt_steam_api.bridge_game_genres"
[0m17:28:59.840040 [debug] [Thread-5 (]: Began executing node model.dbt_steam_api.bridge_game_genres
[0m17:28:59.896496 [debug] [Thread-5 (]: MATERIALIZING TABLE
[0m17:28:59.993303 [debug] [Thread-5 (]: Using databricks connection "model.dbt_steam_api.bridge_game_genres"
[0m17:28:59.993303 [debug] [Thread-5 (]: On model.dbt_steam_api.bridge_game_genres: /* {"app": "dbt", "dbt_version": "1.11.12", "dbt_databricks_version": "1.12.1", "databricks_sql_connector_version": "4.2.6", "profile_name": "databricks_free", "target_name": "dev", "invocation_id": "a874f220-5bc3-41a5-96fb-6bcb782984f7", "node_id": "model.dbt_steam_api.bridge_game_genres"} */
SELECT
    table_catalog,
    table_schema,
    table_name,
    filter_name,
    target_columns
  FROM `workspace`.`information_schema`.`row_filters`
  WHERE table_catalog = 'workspace'
    AND table_schema = 'raw_steam_staging'
    AND table_name = 'bridge_game_genres'
[0m17:28:59.993303 [debug] [Thread-5 (]: Opening a new connection, currently in state init
[0m17:29:00.955802 [debug] [Thread-5 (]: Databricks adapter: Connection(session-id=01f17baa-e85e-1bec-b8a4-e91ad395f8f3) - Created
[0m17:29:01.683138 [debug] [Thread-5 (]: SQL status: OK in 1.690 seconds
[0m17:29:01.700115 [debug] [Thread-5 (]: Databricks adapter: Cursor(session-id=01f17baa-e85e-1bec-b8a4-e91ad395f8f3, command-id=01f17baa-e890-1975-9ac9-6bc0f4fc6ce4) - Closing
[0m17:29:01.747396 [debug] [Thread-5 (]: Writing runtime sql for node "model.dbt_steam_api.bridge_game_genres"
[0m17:29:01.747396 [debug] [Thread-5 (]: Using databricks connection "model.dbt_steam_api.bridge_game_genres"
[0m17:29:01.747396 [debug] [Thread-5 (]: On model.dbt_steam_api.bridge_game_genres: /* {"app": "dbt", "dbt_version": "1.11.12", "dbt_databricks_version": "1.12.1", "databricks_sql_connector_version": "4.2.6", "profile_name": "databricks_free", "target_name": "dev", "invocation_id": "a874f220-5bc3-41a5-96fb-6bcb782984f7", "node_id": "model.dbt_steam_api.bridge_game_genres"} */

  
    
        create or replace table `workspace`.`raw_steam_staging`.`bridge_game_genres`
      
      
    using delta
  
      
      
      
      
      
      
      
      
      as
      WITH exploded AS (
    SELECT
        appid,
        game_name,
        estimated_owners,
        avg_playtime_minutes,
        price,
        success_category,
        TRIM(g) AS genre
    FROM `workspace`.`raw_steam_staging`.`stg_steam_apps`,
    LATERAL EXPLODE(genre_list) AS t(g)
)

SELECT
    appid,
    game_name,
    genre,
    estimated_owners,
    avg_playtime_minutes,
    price,
    success_category,
    COUNT(*) OVER (PARTITION BY genre) AS games_in_genre
FROM exploded
WHERE genre IS NOT NULL AND genre != ''
  
[0m17:29:15.281494 [debug] [Thread-5 (]: SQL status: OK in 13.530 seconds
[0m17:29:15.290560 [debug] [Thread-5 (]: Databricks adapter: Cursor(session-id=01f17baa-e85e-1bec-b8a4-e91ad395f8f3, command-id=01f17baa-e90a-172d-b979-ff451a6e42d3) - Closing
[0m17:29:15.510432 [debug] [Thread-5 (]: Applying tags to relation None
[0m17:29:15.588528 [debug] [Thread-5 (]: On model.dbt_steam_api.bridge_game_genres: Close
[0m17:29:15.588528 [debug] [Thread-5 (]: Databricks adapter: Connection(session-id=01f17baa-e85e-1bec-b8a4-e91ad395f8f3) - Closing
[0m17:29:15.786646 [debug] [Thread-5 (]: Sending event: {'category': 'dbt', 'action': 'run_model', 'label': 'a874f220-5bc3-41a5-96fb-6bcb782984f7', 'context': [<snowplow_tracker.self_describing_json.SelfDescribingJson object at 0x00000236F12750D0>]}
[0m17:29:15.794637 [info ] [Thread-5 (]: 2 of 7 OK created sql table model raw_steam_staging.bridge_game_genres ......... [[32mOK[0m in 16.01s]
[0m17:29:15.802645 [debug] [Thread-5 (]: Finished running node model.dbt_steam_api.bridge_game_genres
[0m17:29:15.802645 [debug] [Thread-5 (]: Began running node model.dbt_steam_api.bridge_game_languages
[0m17:29:15.802645 [info ] [Thread-5 (]: 3 of 7 START sql table model raw_steam_staging.bridge_game_languages ........... [RUN]
[0m17:29:15.810650 [debug] [Thread-5 (]: Databricks adapter: DatabricksDBTConnection(session-id=None, name=model.dbt_steam_api.bridge_game_languages) - Creating connection
[0m17:29:15.810650 [debug] [Thread-5 (]: Acquiring new databricks connection 'model.dbt_steam_api.bridge_game_languages'
[0m17:29:15.818638 [debug] [Thread-5 (]: Began compiling node model.dbt_steam_api.bridge_game_languages
[0m17:29:15.844339 [debug] [Thread-5 (]: Writing injected SQL for node "model.dbt_steam_api.bridge_game_languages"
[0m17:29:15.844339 [debug] [Thread-5 (]: Began executing node model.dbt_steam_api.bridge_game_languages
[0m17:29:15.860345 [debug] [Thread-5 (]: MATERIALIZING TABLE
[0m17:29:15.868535 [debug] [Thread-5 (]: Using databricks connection "model.dbt_steam_api.bridge_game_languages"
[0m17:29:15.876559 [debug] [Thread-5 (]: On model.dbt_steam_api.bridge_game_languages: /* {"app": "dbt", "dbt_version": "1.11.12", "dbt_databricks_version": "1.12.1", "databricks_sql_connector_version": "4.2.6", "profile_name": "databricks_free", "target_name": "dev", "invocation_id": "a874f220-5bc3-41a5-96fb-6bcb782984f7", "node_id": "model.dbt_steam_api.bridge_game_languages"} */
SELECT
    table_catalog,
    table_schema,
    table_name,
    filter_name,
    target_columns
  FROM `workspace`.`information_schema`.`row_filters`
  WHERE table_catalog = 'workspace'
    AND table_schema = 'raw_steam_staging'
    AND table_name = 'bridge_game_languages'
[0m17:29:15.876559 [debug] [Thread-5 (]: Opening a new connection, currently in state init
[0m17:29:16.872974 [debug] [Thread-5 (]: Databricks adapter: Connection(session-id=01f17baa-f1e2-1f37-a496-9632e5bb5c85) - Created
[0m17:29:17.580101 [debug] [Thread-5 (]: SQL status: OK in 1.700 seconds
[0m17:29:17.588123 [debug] [Thread-5 (]: Databricks adapter: Cursor(session-id=01f17baa-f1e2-1f37-a496-9632e5bb5c85, command-id=01f17baa-f20d-192e-b2ee-399a85c85677) - Closing
[0m17:29:17.588123 [debug] [Thread-5 (]: Writing runtime sql for node "model.dbt_steam_api.bridge_game_languages"
[0m17:29:17.596104 [debug] [Thread-5 (]: Using databricks connection "model.dbt_steam_api.bridge_game_languages"
[0m17:29:17.596104 [debug] [Thread-5 (]: On model.dbt_steam_api.bridge_game_languages: /* {"app": "dbt", "dbt_version": "1.11.12", "dbt_databricks_version": "1.12.1", "databricks_sql_connector_version": "4.2.6", "profile_name": "databricks_free", "target_name": "dev", "invocation_id": "a874f220-5bc3-41a5-96fb-6bcb782984f7", "node_id": "model.dbt_steam_api.bridge_game_languages"} */

  
    
        create or replace table `workspace`.`raw_steam_staging`.`bridge_game_languages`
      
      
    using delta
  
      
      
      
      
      
      
      
      
      as
      WITH exploded AS (
    SELECT
        appid,
        game_name,
        estimated_owners,
        avg_playtime_minutes,
        price,
        success_category,
        TRIM(lang) AS language
    FROM `workspace`.`raw_steam_staging`.`stg_steam_apps`,
    LATERAL EXPLODE(language_list) AS t(lang)
)

SELECT
    appid,
    game_name,
    language,
    estimated_owners,
    avg_playtime_minutes,
    price,
    success_category,
    COUNT(*) OVER (PARTITION BY language) AS games_with_language
FROM exploded
WHERE language IS NOT NULL AND language != ''
  
[0m17:29:20.904336 [debug] [Thread-5 (]: SQL status: OK in 3.310 seconds
[0m17:29:20.913234 [debug] [Thread-5 (]: Databricks adapter: Cursor(session-id=01f17baa-f1e2-1f37-a496-9632e5bb5c85, command-id=01f17baa-f27b-1586-b133-feadde0970d2) - Closing
[0m17:29:20.921703 [debug] [Thread-5 (]: Applying tags to relation None
[0m17:29:20.929985 [debug] [Thread-5 (]: On model.dbt_steam_api.bridge_game_languages: Close
[0m17:29:20.929985 [debug] [Thread-5 (]: Databricks adapter: Connection(session-id=01f17baa-f1e2-1f37-a496-9632e5bb5c85) - Closing
[0m17:29:21.102914 [debug] [Thread-5 (]: Sending event: {'category': 'dbt', 'action': 'run_model', 'label': 'a874f220-5bc3-41a5-96fb-6bcb782984f7', 'context': [<snowplow_tracker.self_describing_json.SelfDescribingJson object at 0x00000236F12C9880>]}
[0m17:29:21.112179 [info ] [Thread-5 (]: 3 of 7 OK created sql table model raw_steam_staging.bridge_game_languages ...... [[32mOK[0m in 5.29s]
[0m17:29:21.120706 [debug] [Thread-5 (]: Finished running node model.dbt_steam_api.bridge_game_languages
[0m17:29:21.120961 [debug] [Thread-5 (]: Began running node model.dbt_steam_api.bridge_game_tags
[0m17:29:21.128965 [info ] [Thread-5 (]: 4 of 7 START sql table model raw_steam_staging.bridge_game_tags ................ [RUN]
[0m17:29:21.128965 [debug] [Thread-5 (]: Databricks adapter: DatabricksDBTConnection(session-id=None, name=model.dbt_steam_api.bridge_game_tags) - Creating connection
[0m17:29:21.136968 [debug] [Thread-5 (]: Acquiring new databricks connection 'model.dbt_steam_api.bridge_game_tags'
[0m17:29:21.136968 [debug] [Thread-5 (]: Began compiling node model.dbt_steam_api.bridge_game_tags
[0m17:29:21.176958 [debug] [Thread-5 (]: Writing injected SQL for node "model.dbt_steam_api.bridge_game_tags"
[0m17:29:21.176958 [debug] [Thread-5 (]: Began executing node model.dbt_steam_api.bridge_game_tags
[0m17:29:21.195865 [debug] [Thread-5 (]: MATERIALIZING TABLE
[0m17:29:21.220215 [debug] [Thread-5 (]: Using databricks connection "model.dbt_steam_api.bridge_game_tags"
[0m17:29:21.220215 [debug] [Thread-5 (]: On model.dbt_steam_api.bridge_game_tags: /* {"app": "dbt", "dbt_version": "1.11.12", "dbt_databricks_version": "1.12.1", "databricks_sql_connector_version": "4.2.6", "profile_name": "databricks_free", "target_name": "dev", "invocation_id": "a874f220-5bc3-41a5-96fb-6bcb782984f7", "node_id": "model.dbt_steam_api.bridge_game_tags"} */
SELECT
    table_catalog,
    table_schema,
    table_name,
    filter_name,
    target_columns
  FROM `workspace`.`information_schema`.`row_filters`
  WHERE table_catalog = 'workspace'
    AND table_schema = 'raw_steam_staging'
    AND table_name = 'bridge_game_tags'
[0m17:29:21.220215 [debug] [Thread-5 (]: Opening a new connection, currently in state init
[0m17:29:22.138608 [debug] [Thread-5 (]: Databricks adapter: Connection(session-id=01f17baa-f506-1a83-a126-8672e74d5b03) - Created
[0m17:29:22.765982 [debug] [Thread-5 (]: SQL status: OK in 1.550 seconds
[0m17:29:22.781979 [debug] [Thread-5 (]: Databricks adapter: Cursor(session-id=01f17baa-f506-1a83-a126-8672e74d5b03, command-id=01f17baa-f531-1fbb-a324-c2c2042caf42) - Closing
[0m17:29:22.799032 [debug] [Thread-5 (]: Writing runtime sql for node "model.dbt_steam_api.bridge_game_tags"
[0m17:29:22.799032 [debug] [Thread-5 (]: Using databricks connection "model.dbt_steam_api.bridge_game_tags"
[0m17:29:22.799032 [debug] [Thread-5 (]: On model.dbt_steam_api.bridge_game_tags: /* {"app": "dbt", "dbt_version": "1.11.12", "dbt_databricks_version": "1.12.1", "databricks_sql_connector_version": "4.2.6", "profile_name": "databricks_free", "target_name": "dev", "invocation_id": "a874f220-5bc3-41a5-96fb-6bcb782984f7", "node_id": "model.dbt_steam_api.bridge_game_tags"} */

  
    
        create or replace table `workspace`.`raw_steam_staging`.`bridge_game_tags`
      
      
    using delta
  
      
      
      
      
      
      
      
      
      as
      WITH exploded AS (
    SELECT
        appid,
        game_name,
        estimated_owners,
        avg_playtime_minutes,
        price,
        success_category,
        TRIM(tag) AS tag
    FROM `workspace`.`raw_steam_staging`.`stg_steam_apps`,
    LATERAL EXPLODE(tag_list) AS t(tag)
)

SELECT
    appid,
    game_name,
    tag,
    estimated_owners,
    avg_playtime_minutes,
    price,
    success_category,
    COUNT(*) OVER (PARTITION BY tag) AS games_with_tag
FROM exploded
WHERE tag IS NOT NULL AND tag != ''
  
[0m17:29:27.856874 [debug] [Thread-5 (]: SQL status: OK in 5.050 seconds
[0m17:29:27.864878 [debug] [Thread-5 (]: Databricks adapter: Cursor(session-id=01f17baa-f506-1a83-a126-8672e74d5b03, command-id=01f17baa-f596-1da7-8f81-bcf09e93182b) - Closing
[0m17:29:27.864878 [debug] [Thread-5 (]: Applying tags to relation None
[0m17:29:27.873094 [debug] [Thread-5 (]: On model.dbt_steam_api.bridge_game_tags: Close
[0m17:29:27.873094 [debug] [Thread-5 (]: Databricks adapter: Connection(session-id=01f17baa-f506-1a83-a126-8672e74d5b03) - Closing
[0m17:29:28.045329 [debug] [Thread-5 (]: Sending event: {'category': 'dbt', 'action': 'run_model', 'label': 'a874f220-5bc3-41a5-96fb-6bcb782984f7', 'context': [<snowplow_tracker.self_describing_json.SelfDescribingJson object at 0x00000236F1244CB0>]}
[0m17:29:28.045329 [info ] [Thread-5 (]: 4 of 7 OK created sql table model raw_steam_staging.bridge_game_tags ........... [[32mOK[0m in 6.92s]
[0m17:29:28.053332 [debug] [Thread-5 (]: Finished running node model.dbt_steam_api.bridge_game_tags
[0m17:29:28.053332 [debug] [Thread-5 (]: Began running node model.dbt_steam_api.dim_games
[0m17:29:28.053332 [info ] [Thread-5 (]: 5 of 7 START sql table model raw_steam_staging.dim_games ....................... [RUN]
[0m17:29:28.061328 [debug] [Thread-5 (]: Databricks adapter: DatabricksDBTConnection(session-id=None, name=model.dbt_steam_api.dim_games) - Creating connection
[0m17:29:28.061328 [debug] [Thread-5 (]: Acquiring new databricks connection 'model.dbt_steam_api.dim_games'
[0m17:29:28.061328 [debug] [Thread-5 (]: Began compiling node model.dbt_steam_api.dim_games
[0m17:29:28.085327 [debug] [Thread-5 (]: Writing injected SQL for node "model.dbt_steam_api.dim_games"
[0m17:29:28.085327 [debug] [Thread-5 (]: Began executing node model.dbt_steam_api.dim_games
[0m17:29:28.101326 [debug] [Thread-5 (]: MATERIALIZING TABLE
[0m17:29:28.101326 [debug] [Thread-5 (]: Using databricks connection "model.dbt_steam_api.dim_games"
[0m17:29:28.109324 [debug] [Thread-5 (]: On model.dbt_steam_api.dim_games: /* {"app": "dbt", "dbt_version": "1.11.12", "dbt_databricks_version": "1.12.1", "databricks_sql_connector_version": "4.2.6", "profile_name": "databricks_free", "target_name": "dev", "invocation_id": "a874f220-5bc3-41a5-96fb-6bcb782984f7", "node_id": "model.dbt_steam_api.dim_games"} */
SELECT
    table_catalog,
    table_schema,
    table_name,
    filter_name,
    target_columns
  FROM `workspace`.`information_schema`.`row_filters`
  WHERE table_catalog = 'workspace'
    AND table_schema = 'raw_steam_staging'
    AND table_name = 'dim_games'
[0m17:29:28.109324 [debug] [Thread-5 (]: Opening a new connection, currently in state init
[0m17:29:29.030405 [debug] [Thread-5 (]: Databricks adapter: Connection(session-id=01f17baa-f926-16a3-9dba-03f6cdb7cce2) - Created
[0m17:29:29.739799 [debug] [Thread-5 (]: SQL status: OK in 1.630 seconds
[0m17:29:29.755810 [debug] [Thread-5 (]: Databricks adapter: Cursor(session-id=01f17baa-f926-16a3-9dba-03f6cdb7cce2, command-id=01f17baa-f94c-1d6c-865e-363677dca6de) - Closing
[0m17:29:29.763807 [debug] [Thread-5 (]: Writing runtime sql for node "model.dbt_steam_api.dim_games"
[0m17:29:29.772736 [debug] [Thread-5 (]: Using databricks connection "model.dbt_steam_api.dim_games"
[0m17:29:29.772736 [debug] [Thread-5 (]: On model.dbt_steam_api.dim_games: /* {"app": "dbt", "dbt_version": "1.11.12", "dbt_databricks_version": "1.12.1", "databricks_sql_connector_version": "4.2.6", "profile_name": "databricks_free", "target_name": "dev", "invocation_id": "a874f220-5bc3-41a5-96fb-6bcb782984f7", "node_id": "model.dbt_steam_api.dim_games"} */

  
    
        create or replace table `workspace`.`raw_steam_staging`.`dim_games`
      
      
    using delta
  
      
      
      
      
      
      
      
      
      as
      SELECT
    appid,
    game_name,
    developer,
    publisher,
    price_tier,
    engagement_tier,
    success_category,
    tags,
    languages,
    genre,
    CURRENT_TIMESTAMP() AS loaded_at
FROM `workspace`.`raw_steam_staging`.`stg_steam_apps`
  
[0m17:29:32.632372 [debug] [Thread-5 (]: SQL status: OK in 2.860 seconds
[0m17:29:32.640299 [debug] [Thread-5 (]: Databricks adapter: Cursor(session-id=01f17baa-f926-16a3-9dba-03f6cdb7cce2, command-id=01f17baa-f9be-1339-aad1-b00923196e61) - Closing
[0m17:29:32.648867 [debug] [Thread-5 (]: Applying tags to relation None
[0m17:29:32.657274 [debug] [Thread-5 (]: On model.dbt_steam_api.dim_games: Close
[0m17:29:32.657274 [debug] [Thread-5 (]: Databricks adapter: Connection(session-id=01f17baa-f926-16a3-9dba-03f6cdb7cce2) - Closing
[0m17:29:32.848423 [debug] [Thread-5 (]: Sending event: {'category': 'dbt', 'action': 'run_model', 'label': 'a874f220-5bc3-41a5-96fb-6bcb782984f7', 'context': [<snowplow_tracker.self_describing_json.SelfDescribingJson object at 0x00000236F12476B0>]}
[0m17:29:32.856741 [info ] [Thread-5 (]: 5 of 7 OK created sql table model raw_steam_staging.dim_games .................. [[32mOK[0m in 4.80s]
[0m17:29:32.856741 [debug] [Thread-5 (]: Finished running node model.dbt_steam_api.dim_games
[0m17:29:32.864779 [debug] [Thread-5 (]: Began running node model.dbt_steam_api.fct_game_performance
[0m17:29:32.864779 [info ] [Thread-5 (]: 6 of 7 START sql table model raw_steam_staging.fct_game_performance ............ [RUN]
[0m17:29:32.880747 [debug] [Thread-5 (]: Databricks adapter: DatabricksDBTConnection(session-id=None, name=model.dbt_steam_api.fct_game_performance) - Creating connection
[0m17:29:32.880747 [debug] [Thread-5 (]: Acquiring new databricks connection 'model.dbt_steam_api.fct_game_performance'
[0m17:29:32.880747 [debug] [Thread-5 (]: Began compiling node model.dbt_steam_api.fct_game_performance
[0m17:29:32.906699 [debug] [Thread-5 (]: Writing injected SQL for node "model.dbt_steam_api.fct_game_performance"
[0m17:29:32.906699 [debug] [Thread-5 (]: Began executing node model.dbt_steam_api.fct_game_performance
[0m17:29:32.923026 [debug] [Thread-5 (]: MATERIALIZING TABLE
[0m17:29:32.923026 [debug] [Thread-5 (]: Using databricks connection "model.dbt_steam_api.fct_game_performance"
[0m17:29:32.931345 [debug] [Thread-5 (]: On model.dbt_steam_api.fct_game_performance: /* {"app": "dbt", "dbt_version": "1.11.12", "dbt_databricks_version": "1.12.1", "databricks_sql_connector_version": "4.2.6", "profile_name": "databricks_free", "target_name": "dev", "invocation_id": "a874f220-5bc3-41a5-96fb-6bcb782984f7", "node_id": "model.dbt_steam_api.fct_game_performance"} */
SELECT
    table_catalog,
    table_schema,
    table_name,
    filter_name,
    target_columns
  FROM `workspace`.`information_schema`.`row_filters`
  WHERE table_catalog = 'workspace'
    AND table_schema = 'raw_steam_staging'
    AND table_name = 'fct_game_performance'
[0m17:29:32.931345 [debug] [Thread-5 (]: Opening a new connection, currently in state init
[0m17:29:33.929658 [debug] [Thread-5 (]: Databricks adapter: Connection(session-id=01f17baa-fc0a-1e3d-9d5b-3b5211243631) - Created
[0m17:29:34.480907 [debug] [Thread-5 (]: SQL status: OK in 1.550 seconds
[0m17:29:34.489446 [debug] [Thread-5 (]: Databricks adapter: Cursor(session-id=01f17baa-fc0a-1e3d-9d5b-3b5211243631, command-id=01f17baa-fc37-1fb6-a82c-82032293443d) - Closing
[0m17:29:34.489446 [debug] [Thread-5 (]: Writing runtime sql for node "model.dbt_steam_api.fct_game_performance"
[0m17:29:34.497589 [debug] [Thread-5 (]: Using databricks connection "model.dbt_steam_api.fct_game_performance"
[0m17:29:34.497589 [debug] [Thread-5 (]: On model.dbt_steam_api.fct_game_performance: /* {"app": "dbt", "dbt_version": "1.11.12", "dbt_databricks_version": "1.12.1", "databricks_sql_connector_version": "4.2.6", "profile_name": "databricks_free", "target_name": "dev", "invocation_id": "a874f220-5bc3-41a5-96fb-6bcb782984f7", "node_id": "model.dbt_steam_api.fct_game_performance"} */

  
    
        create or replace table `workspace`.`raw_steam_staging`.`fct_game_performance`
      
      
    using delta
  
      
      
      
      
      
      
      
      
      as
      SELECT
    appid,
    game_name,
    developer,
    publisher,
    genre,
    price_tier,
    engagement_tier,
    success_category,

    -- Financial metrics
    price,
    original_price,
    COALESCE(discount, 0) AS discount,
    estimated_owners,
    ROUND(price * estimated_owners, 2) AS estimated_revenue,

    -- Engagement metrics
    avg_playtime_minutes,
    median_playtime_minutes,
    peak_concurrent_users,

    -- Ratios
    ROUND(avg_playtime_minutes / NULLIF(price, 0), 2) AS playtime_per_dollar,
    ROUND(peak_concurrent_users / NULLIF(estimated_owners, 0) * 100, 4) AS ccu_conversion_rate,

    CURRENT_DATE() AS snapshot_date

FROM `workspace`.`raw_steam_staging`.`stg_steam_apps`
  
[0m17:29:37.886260 [debug] [Thread-5 (]: SQL status: OK in 3.380 seconds
[0m17:29:37.894227 [debug] [Thread-5 (]: Databricks adapter: Cursor(session-id=01f17baa-fc0a-1e3d-9d5b-3b5211243631, command-id=01f17baa-fc8d-19af-bbf6-25dd304ddec8) - Closing
[0m17:29:37.894227 [debug] [Thread-5 (]: Applying tags to relation None
[0m17:29:37.902228 [debug] [Thread-5 (]: On model.dbt_steam_api.fct_game_performance: Close
[0m17:29:37.910251 [debug] [Thread-5 (]: Databricks adapter: Connection(session-id=01f17baa-fc0a-1e3d-9d5b-3b5211243631) - Closing
[0m17:29:38.073538 [debug] [Thread-5 (]: Sending event: {'category': 'dbt', 'action': 'run_model', 'label': 'a874f220-5bc3-41a5-96fb-6bcb782984f7', 'context': [<snowplow_tracker.self_describing_json.SelfDescribingJson object at 0x00000236F1280BF0>]}
[0m17:29:38.081540 [info ] [Thread-5 (]: 6 of 7 OK created sql table model raw_steam_staging.fct_game_performance ....... [[32mOK[0m in 5.21s]
[0m17:29:38.089570 [debug] [Thread-5 (]: Finished running node model.dbt_steam_api.fct_game_performance
[0m17:29:38.089570 [debug] [Thread-5 (]: Began running node model.dbt_steam_api.mart_valve_recommendations
[0m17:29:38.097814 [info ] [Thread-5 (]: 7 of 7 START sql table model raw_steam_marts.mart_valve_recommendations ........ [RUN]
[0m17:29:38.105815 [debug] [Thread-5 (]: Databricks adapter: DatabricksDBTConnection(session-id=None, name=model.dbt_steam_api.mart_valve_recommendations) - Creating connection
[0m17:29:38.105815 [debug] [Thread-5 (]: Acquiring new databricks connection 'model.dbt_steam_api.mart_valve_recommendations'
[0m17:29:38.113819 [debug] [Thread-5 (]: Began compiling node model.dbt_steam_api.mart_valve_recommendations
[0m17:29:38.162030 [debug] [Thread-5 (]: Writing injected SQL for node "model.dbt_steam_api.mart_valve_recommendations"
[0m17:29:38.162030 [debug] [Thread-5 (]: Began executing node model.dbt_steam_api.mart_valve_recommendations
[0m17:29:38.178613 [debug] [Thread-5 (]: MATERIALIZING TABLE
[0m17:29:38.195064 [debug] [Thread-5 (]: Using databricks connection "model.dbt_steam_api.mart_valve_recommendations"
[0m17:29:38.195064 [debug] [Thread-5 (]: On model.dbt_steam_api.mart_valve_recommendations: /* {"app": "dbt", "dbt_version": "1.11.12", "dbt_databricks_version": "1.12.1", "databricks_sql_connector_version": "4.2.6", "profile_name": "databricks_free", "target_name": "dev", "invocation_id": "a874f220-5bc3-41a5-96fb-6bcb782984f7", "node_id": "model.dbt_steam_api.mart_valve_recommendations"} */
SELECT
    table_catalog,
    table_schema,
    table_name,
    filter_name,
    target_columns
  FROM `workspace`.`information_schema`.`row_filters`
  WHERE table_catalog = 'workspace'
    AND table_schema = 'raw_steam_marts'
    AND table_name = 'mart_valve_recommendations'
[0m17:29:38.203062 [debug] [Thread-5 (]: Opening a new connection, currently in state init
[0m17:29:39.145370 [debug] [Thread-5 (]: Databricks adapter: Connection(session-id=01f17baa-ff2d-126a-b41f-3d64d680b2d2) - Created
[0m17:29:39.820923 [debug] [Thread-5 (]: SQL status: OK in 1.620 seconds
[0m17:29:39.837908 [debug] [Thread-5 (]: Databricks adapter: Cursor(session-id=01f17baa-ff2d-126a-b41f-3d64d680b2d2, command-id=01f17baa-ff55-1246-8d22-e55d5c9051ca) - Closing
[0m17:29:39.846640 [debug] [Thread-5 (]: Writing runtime sql for node "model.dbt_steam_api.mart_valve_recommendations"
[0m17:29:39.854640 [debug] [Thread-5 (]: Using databricks connection "model.dbt_steam_api.mart_valve_recommendations"
[0m17:29:39.862876 [debug] [Thread-5 (]: On model.dbt_steam_api.mart_valve_recommendations: /* {"app": "dbt", "dbt_version": "1.11.12", "dbt_databricks_version": "1.12.1", "databricks_sql_connector_version": "4.2.6", "profile_name": "databricks_free", "target_name": "dev", "invocation_id": "a874f220-5bc3-41a5-96fb-6bcb782984f7", "node_id": "model.dbt_steam_api.mart_valve_recommendations"} */

  
    
        create or replace table `workspace`.`raw_steam_marts`.`mart_valve_recommendations`
      
      
    using delta
  
      
      
      
      
      
      
      
      
      as
      -- ============================================
-- VALVE GAME DEVELOPMENT RECOMMENDATIONS
-- Uses bridge tables for many-to-many analysis
-- ============================================

-- 1. GENRE PERFORMANCE (from bridge table)
WITH genre_analysis AS (
    SELECT
        genre,
        COUNT(DISTINCT appid) AS game_count,
        ROUND(AVG(price), 2) AS avg_price,
        ROUND(AVG(estimated_owners), 0) AS avg_owners,
        ROUND(AVG(avg_playtime_minutes), 0) AS avg_playtime,
        SUM(CASE WHEN success_category = 'Hit' THEN 1 ELSE 0 END) AS hit_games,
        ROUND(100.0 * SUM(CASE WHEN success_category = 'Hit' THEN 1 ELSE 0 END) / COUNT(*), 2) AS hit_rate_pct
    FROM `workspace`.`raw_steam_staging`.`bridge_game_genres`
    WHERE genre IS NOT NULL AND genre != ''
    GROUP BY genre
),

-- 2. TAG PERFORMANCE (from bridge table)
tag_analysis AS (
    SELECT
        tag,
        COUNT(DISTINCT appid) AS game_count,
        ROUND(AVG(estimated_owners), 0) AS avg_owners,
        ROUND(AVG(price), 2) AS avg_price,
        SUM(CASE WHEN success_category = 'Hit' THEN 1 ELSE 0 END) AS hit_games,
        ROUND(100.0 * SUM(CASE WHEN success_category = 'Hit' THEN 1 ELSE 0 END) / COUNT(*), 2) AS hit_rate_pct
    FROM `workspace`.`raw_steam_staging`.`bridge_game_tags`
    WHERE tag IS NOT NULL AND tag != ''
    GROUP BY tag
    HAVING COUNT(DISTINCT appid) >= 5  -- Only tags with 5+ games
),

-- 3. LANGUAGE PERFORMANCE (from bridge table)
language_analysis AS (
    SELECT
        language,
        COUNT(DISTINCT appid) AS game_count,
        ROUND(AVG(estimated_owners), 0) AS avg_owners,
        ROUND(AVG(price), 2) AS avg_price,
        SUM(CASE WHEN success_category = 'Hit' THEN 1 ELSE 0 END) AS hit_games,
        ROUND(100.0 * SUM(CASE WHEN success_category = 'Hit' THEN 1 ELSE 0 END) / COUNT(*), 2) AS hit_rate_pct
    FROM `workspace`.`raw_steam_staging`.`bridge_game_languages`
    WHERE language IS NOT NULL AND language != ''
    GROUP BY language
    HAVING COUNT(DISTINCT appid) >= 5
),

-- 4. PRICE TIER PERFORMANCE (from fact table - single value per game)
price_analysis AS (
    SELECT
        price_tier,
        COUNT(*) AS game_count,
        ROUND(AVG(estimated_owners), 0) AS avg_owners,
        ROUND(AVG(discount), 0) AS avg_discount,
        SUM(CASE WHEN success_category IN ('Hit', 'Successful') THEN 1 ELSE 0 END) AS successful_games,
        ROUND(100.0 * SUM(CASE WHEN success_category IN ('Hit', 'Successful') THEN 1 ELSE 0 END) / COUNT(*), 2) AS success_rate_pct
    FROM `workspace`.`raw_steam_staging`.`fct_game_performance`
    GROUP BY price_tier
),

-- 5. ENGAGEMENT PERFORMANCE (from fact table - single value per game)
engagement_analysis AS (
    SELECT
        engagement_tier,
        COUNT(*) AS game_count,
        ROUND(AVG(price), 2) AS avg_price,
        ROUND(AVG(peak_concurrent_users), 0) AS avg_peak_ccu
    FROM `workspace`.`raw_steam_staging`.`fct_game_performance`
    GROUP BY engagement_tier
)

-- ============================================
-- FINAL OUTPUT: Separate sections for clarity
-- ============================================

-- Genre recommendations
SELECT
    'GENRE' AS category,
    genre AS item,
    hit_rate_pct AS score,
    CONCAT(
        'Genre "', genre, '" has ', hit_rate_pct, 
        '% hit rate (', hit_games, '/', game_count, ' games). ',
        'Avg price: $', avg_price, '. Avg owners: ', avg_owners,
        CASE WHEN hit_rate_pct >= 30 THEN ' ⭐ STRONG RECOMMENDATION'
             WHEN hit_rate_pct >= 15 THEN ' ✓ MODERATE POTENTIAL'
             ELSE ' ▪ NICHE MARKET' END
    ) AS recommendation
FROM genre_analysis
WHERE hit_rate_pct > 0

UNION ALL

-- Tag recommendations
SELECT
    'TAG' AS category,
    tag AS item,
    hit_rate_pct AS score,
    CONCAT(
        'Tag "', tag, '" appears in ', game_count, 
        ' games with ', hit_rate_pct, '% hit rate. ',
        'Avg owners: ', avg_owners
    ) AS recommendation
FROM tag_analysis
WHERE hit_rate_pct > 0

UNION ALL

-- Language recommendations
SELECT
    'LANGUAGE' AS category,
    language AS item,
    hit_rate_pct AS score,
    CONCAT(
        'Language "', language, '" in ', game_count, 
        ' games with ', hit_rate_pct, '% hit rate. ',
        CASE WHEN hit_rate_pct >= 30 THEN 'Prioritize localization!'
             WHEN hit_rate_pct >= 15 THEN 'Include if budget allows.'
             ELSE 'Consider post-launch.' END
    ) AS recommendation
FROM language_analysis
WHERE hit_rate_pct > 0

UNION ALL

-- Price tier recommendations
SELECT
    'PRICE' AS category,
    price_tier AS item,
    success_rate_pct AS score,
    CONCAT(
        'Price tier "', price_tier, '": ', success_rate_pct,
        '% success (', successful_games, '/', game_count, '). ',
        'Avg owners: ', avg_owners,
        CASE WHEN avg_discount > 20 THEN ' Heavy discounting.' ELSE ' Minimal discounting.' END
    ) AS recommendation
FROM price_analysis

UNION ALL

-- Engagement recommendations
SELECT
    'ENGAGEMENT' AS category,
    engagement_tier AS item,
    avg_peak_ccu AS score,
    CONCAT(
        'Games with "', engagement_tier, '" engagement: ',
        avg_peak_ccu, ' avg peak CCU. ',
        'Avg price: $', avg_price
    ) AS recommendation
FROM engagement_analysis
  
[0m17:29:45.952848 [debug] [Thread-5 (]: SQL status: OK in 6.090 seconds
[0m17:29:45.969265 [debug] [Thread-5 (]: Databricks adapter: Cursor(session-id=01f17baa-ff2d-126a-b41f-3d64d680b2d2, command-id=01f17baa-ffc2-16cc-89d6-e38769467734) - Closing
[0m17:29:46.177226 [debug] [Thread-5 (]: Applying tags to relation None
[0m17:29:46.193847 [debug] [Thread-5 (]: On model.dbt_steam_api.mart_valve_recommendations: Close
[0m17:29:46.201799 [debug] [Thread-5 (]: Databricks adapter: Connection(session-id=01f17baa-ff2d-126a-b41f-3d64d680b2d2) - Closing
[0m17:29:46.387083 [debug] [Thread-5 (]: Sending event: {'category': 'dbt', 'action': 'run_model', 'label': 'a874f220-5bc3-41a5-96fb-6bcb782984f7', 'context': [<snowplow_tracker.self_describing_json.SelfDescribingJson object at 0x00000236F1331340>]}
[0m17:29:46.395119 [info ] [Thread-5 (]: 7 of 7 OK created sql table model raw_steam_marts.mart_valve_recommendations ... [[32mOK[0m in 8.29s]
[0m17:29:46.403083 [debug] [Thread-5 (]: Finished running node model.dbt_steam_api.mart_valve_recommendations
[0m17:29:46.403083 [debug] [MainThread]: Databricks adapter: DatabricksDBTConnection(session-id=None, name=master) - Creating connection
[0m17:29:46.411479 [debug] [MainThread]: Acquiring new databricks connection 'master'
[0m17:29:46.411479 [info ] [MainThread]: 
[0m17:29:46.411479 [info ] [MainThread]: Finished running 6 table models, 1 view model in 0 hours 1 minutes and 16.36 seconds (76.36s).
[0m17:29:46.435478 [debug] [MainThread]: Command end result
[0m17:29:46.616715 [debug] [MainThread]: Wrote artifact WritableManifest to C:\Users\KaelThas\Documents\steam_analytics_api\dbt_steam_api\target\manifest.json
[0m17:29:46.624718 [debug] [MainThread]: Wrote artifact SemanticManifest to C:\Users\KaelThas\Documents\steam_analytics_api\dbt_steam_api\target\semantic_manifest.json
[0m17:29:46.641138 [debug] [MainThread]: Wrote artifact RunExecutionResult to C:\Users\KaelThas\Documents\steam_analytics_api\dbt_steam_api\target\run_results.json
[0m17:29:46.641138 [info ] [MainThread]: 
[0m17:29:46.641138 [info ] [MainThread]: [32mCompleted successfully[0m
[0m17:29:46.649465 [info ] [MainThread]: 
[0m17:29:46.649465 [info ] [MainThread]: Done. PASS=7 WARN=0 ERROR=0 SKIP=0 NO-OP=0 TOTAL=7
[0m17:29:46.649465 [debug] [MainThread]: Command `dbt run` succeeded at 17:29:46.649465 after 88.38 seconds
[0m17:29:46.649465 [debug] [MainThread]: Sending event: {'category': 'dbt', 'action': 'invocation', 'label': 'end', 'context': [<snowplow_tracker.self_describing_json.SelfDescribingJson object at 0x00000236E4DAE0C0>, <snowplow_tracker.self_describing_json.SelfDescribingJson object at 0x00000236E4332300>, <snowplow_tracker.self_describing_json.SelfDescribingJson object at 0x00000236E4332AE0>]}
[0m17:29:46.649465 [debug] [MainThread]: Flushing usage events
[0m17:29:47.839123 [debug] [MainThread]: An error was encountered while trying to flush usage events
[0m17:53:16.822553 [debug] [MainThread]: Sending event: {'category': 'dbt', 'action': 'invocation', 'label': 'start', 'context': [<snowplow_tracker.self_describing_json.SelfDescribingJson object at 0x000002D9FD203CB0>, <snowplow_tracker.self_describing_json.SelfDescribingJson object at 0x000002D9FD4643E0>, <snowplow_tracker.self_describing_json.SelfDescribingJson object at 0x000002D9FD203D10>]}


============================== 17:53:16.832722 | b4f6cab1-6da1-4e66-ad2b-ad46763fa92a ==============================
[0m17:53:16.832722 [info ] [MainThread]: Running with dbt=1.11.12
[0m17:53:16.834705 [debug] [MainThread]: running dbt with arguments {'version_check': 'True', 'no_print': 'None', 'static_parser': 'True', 'target_path': 'None', 'warn_error_options': 'WarnErrorOptionsV2(error=[], warn=[], silence=[])', 'printer_width': '80', 'write_json': 'True', 'empty': 'False', 'log_cache_events': 'False', 'introspect': 'True', 'cache_selected_only': 'False', 'log_format': 'default', 'debug': 'False', 'fail_fast': 'False', 'partial_parse': 'True', 'send_anonymous_usage_stats': 'True', 'quiet': 'False', 'warn_error': 'None', 'profiles_dir': 'C:\\Users\\KaelThas\\.dbt', 'use_colors': 'True', 'indirect_selection': 'eager', 'invocation_command': 'dbt run --full-refresh --profile databricks_free', 'use_experimental_parser': 'False', 'log_path': 'C:\\Users\\KaelThas\\Documents\\steam_analytics_api\\dbt_steam_api\\logs'}
[0m17:53:22.701837 [debug] [MainThread]: Spark adapter: Setting pyhive.hive logging to ERROR
[0m17:53:22.702836 [debug] [MainThread]: Spark adapter: Setting thrift.transport logging to ERROR
[0m17:53:22.702836 [debug] [MainThread]: Spark adapter: Setting thrift.protocol logging to ERROR
[0m17:53:25.017307 [debug] [MainThread]: Sending event: {'category': 'dbt', 'action': 'project_id', 'label': 'b4f6cab1-6da1-4e66-ad2b-ad46763fa92a', 'context': [<snowplow_tracker.self_describing_json.SelfDescribingJson object at 0x000002D9884FF830>]}
[0m17:53:25.173829 [debug] [MainThread]: Sending event: {'category': 'dbt', 'action': 'adapter_info', 'label': 'b4f6cab1-6da1-4e66-ad2b-ad46763fa92a', 'context': [<snowplow_tracker.self_describing_json.SelfDescribingJson object at 0x000002D9880DFA10>]}
[0m17:53:25.174842 [info ] [MainThread]: Registered adapter: databricks=1.12.1
[0m17:53:26.699836 [debug] [MainThread]: checksum: 45e2f83721850e743bd0f768476d4ea2a0d55c5933c39c88efe5bb30eb62a789, vars: {}, profile: databricks_free, target: , version: 1.11.12
[0m17:53:26.985712 [info ] [MainThread]: Unable to do partial parsing because a project config has changed
[0m17:53:26.986711 [debug] [MainThread]: Sending event: {'category': 'dbt', 'action': 'partial_parser', 'label': 'b4f6cab1-6da1-4e66-ad2b-ad46763fa92a', 'context': [<snowplow_tracker.self_describing_json.SelfDescribingJson object at 0x000002D98984D910>]}
[0m17:53:32.325926 [debug] [MainThread]: Sending event: {'category': 'dbt', 'action': 'load_project', 'label': 'b4f6cab1-6da1-4e66-ad2b-ad46763fa92a', 'context': [<snowplow_tracker.self_describing_json.SelfDescribingJson object at 0x000002D989FBECF0>]}
[0m17:53:32.598016 [debug] [MainThread]: Wrote artifact WritableManifest to C:\Users\KaelThas\Documents\steam_analytics_api\dbt_steam_api\target\manifest.json
[0m17:53:32.605010 [debug] [MainThread]: Wrote artifact SemanticManifest to C:\Users\KaelThas\Documents\steam_analytics_api\dbt_steam_api\target\semantic_manifest.json
[0m17:53:32.637459 [debug] [MainThread]: Sending event: {'category': 'dbt', 'action': 'resource_counts', 'label': 'b4f6cab1-6da1-4e66-ad2b-ad46763fa92a', 'context': [<snowplow_tracker.self_describing_json.SelfDescribingJson object at 0x000002D98A2B9B50>]}
[0m17:53:32.638458 [info ] [MainThread]: Found 7 models, 4 data tests, 1 source, 758 macros
[0m17:53:32.639458 [debug] [MainThread]: Sending event: {'category': 'dbt', 'action': 'runnable_timing', 'label': 'b4f6cab1-6da1-4e66-ad2b-ad46763fa92a', 'context': [<snowplow_tracker.self_describing_json.SelfDescribingJson object at 0x000002D98A2D3D70>]}
[0m17:53:32.644469 [info ] [MainThread]: 
[0m17:53:32.645454 [info ] [MainThread]: Concurrency: 1 threads (target='dev')
[0m17:53:32.646451 [info ] [MainThread]: 
[0m17:53:32.648449 [debug] [MainThread]: Databricks adapter: DatabricksDBTConnection(session-id=None, name=master) - Creating connection
[0m17:53:32.649467 [debug] [MainThread]: Acquiring new databricks connection 'master'
[0m17:53:32.676433 [debug] [ThreadPool]: Databricks adapter: DatabricksDBTConnection(session-id=None, name=list_workspace) - Creating connection
[0m17:53:32.678434 [debug] [ThreadPool]: Acquiring new databricks connection 'list_workspace'
[0m17:53:32.715591 [debug] [ThreadPool]: Using databricks connection "list_workspace"
[0m17:53:32.715591 [debug] [ThreadPool]: On list_workspace: /* {"app": "dbt", "dbt_version": "1.11.12", "dbt_databricks_version": "1.12.1", "databricks_sql_connector_version": "4.2.6", "profile_name": "databricks_free", "target_name": "dev", "invocation_id": "b4f6cab1-6da1-4e66-ad2b-ad46763fa92a", "connection_name": "list_workspace"} */

    

  SHOW SCHEMAS IN `workspace`


  
[0m17:53:32.716590 [debug] [ThreadPool]: Opening a new connection, currently in state init
[0m17:53:36.460406 [debug] [ThreadPool]: Databricks adapter: Connection(session-id=01f17bae-5784-185d-a973-0c456d82ce28) - Created
[0m17:53:48.744509 [debug] [ThreadPool]: SQL status: OK in 16.030 seconds
[0m17:53:48.755483 [debug] [ThreadPool]: Databricks adapter: Cursor(session-id=01f17bae-5784-185d-a973-0c456d82ce28, command-id=01f17bae-580c-1934-9f00-d33bd75803a9) - Closing
[0m17:53:48.990090 [debug] [ThreadPool]: On list_workspace: Close
[0m17:53:48.990090 [debug] [ThreadPool]: Databricks adapter: Connection(session-id=01f17bae-5784-185d-a973-0c456d82ce28) - Closing
[0m17:53:49.171249 [debug] [ThreadPool]: Databricks adapter: DatabricksDBTConnection(session-id=None, name=list_workspace) - Creating connection
[0m17:53:49.172249 [debug] [ThreadPool]: Acquiring new databricks connection 'list_workspace'
[0m17:53:49.179413 [debug] [ThreadPool]: Using databricks connection "list_workspace"
[0m17:53:49.180410 [debug] [ThreadPool]: On list_workspace: /* {"app": "dbt", "dbt_version": "1.11.12", "dbt_databricks_version": "1.12.1", "databricks_sql_connector_version": "4.2.6", "profile_name": "databricks_free", "target_name": "dev", "invocation_id": "b4f6cab1-6da1-4e66-ad2b-ad46763fa92a", "connection_name": "list_workspace"} */

    

  SHOW SCHEMAS IN `workspace`


  
[0m17:53:49.181411 [debug] [ThreadPool]: Opening a new connection, currently in state init
[0m17:53:50.047210 [debug] [ThreadPool]: Databricks adapter: Connection(session-id=01f17bae-5ffd-1dc7-a070-cab3e1eb6450) - Created
[0m17:53:51.127352 [debug] [ThreadPool]: SQL status: OK in 1.950 seconds
[0m17:53:51.132369 [debug] [ThreadPool]: Databricks adapter: Cursor(session-id=01f17bae-5ffd-1dc7-a070-cab3e1eb6450, command-id=01f17bae-6025-1d21-9a9a-f1b8b901056d) - Closing
[0m17:53:51.133368 [debug] [ThreadPool]: On list_workspace: Close
[0m17:53:51.134352 [debug] [ThreadPool]: Databricks adapter: Connection(session-id=01f17bae-5ffd-1dc7-a070-cab3e1eb6450) - Closing
[0m17:53:51.442320 [debug] [ThreadPool]: Databricks adapter: DatabricksDBTConnection(session-id=None, name=list_workspace_raw_steam_marts) - Creating connection
[0m17:53:51.444322 [debug] [ThreadPool]: Acquiring new databricks connection 'list_workspace_raw_steam_marts'
[0m17:53:51.458310 [debug] [ThreadPool]: Using databricks connection "list_workspace_raw_steam_marts"
[0m17:53:51.460309 [debug] [ThreadPool]: On list_workspace_raw_steam_marts: /* {"app": "dbt", "dbt_version": "1.11.12", "dbt_databricks_version": "1.12.1", "databricks_sql_connector_version": "4.2.6", "profile_name": "databricks_free", "target_name": "dev", "invocation_id": "b4f6cab1-6da1-4e66-ad2b-ad46763fa92a", "connection_name": "list_workspace_raw_steam_marts"} */

    
SELECT
  table_name,
  if(table_type IN ('EXTERNAL', 'MANAGED', 'MANAGED_SHALLOW_CLONE', 'EXTERNAL_SHALLOW_CLONE'), 'table', lower(table_type)) AS table_type,
  lower(data_source_format) AS file_format,
  table_owner,
  if(
    table_type IN (
      'EXTERNAL',
      'MANAGED',
      'MANAGED_SHALLOW_CLONE',
      'EXTERNAL_SHALLOW_CLONE'
    ),
    lower(table_type),
    NULL
  ) AS databricks_table_type
FROM `system`.`information_schema`.`tables`
WHERE table_catalog = 'workspace'
  AND table_schema = 'raw_steam_marts'

  
[0m17:53:51.460309 [debug] [ThreadPool]: Opening a new connection, currently in state init
[0m17:53:52.450688 [debug] [ThreadPool]: Databricks adapter: Connection(session-id=01f17bae-6164-1def-a634-582bf9c5e290) - Created
[0m17:53:55.623403 [debug] [ThreadPool]: SQL status: OK in 4.160 seconds
[0m17:53:55.628583 [debug] [ThreadPool]: Databricks adapter: Cursor(session-id=01f17bae-6164-1def-a634-582bf9c5e290, command-id=01f17bae-6193-1a22-b2f5-63939a35735d) - Closing
[0m17:53:55.629580 [debug] [ThreadPool]: On list_workspace_raw_steam_marts: Close
[0m17:53:55.631579 [debug] [ThreadPool]: Databricks adapter: Connection(session-id=01f17bae-6164-1def-a634-582bf9c5e290) - Closing
[0m17:53:55.828816 [debug] [ThreadPool]: Databricks adapter: DatabricksDBTConnection(session-id=None, name=list_workspace_raw_steam_staging) - Creating connection
[0m17:53:55.830796 [debug] [ThreadPool]: Acquiring new databricks connection 'list_workspace_raw_steam_staging'
[0m17:53:55.835795 [debug] [ThreadPool]: Using databricks connection "list_workspace_raw_steam_staging"
[0m17:53:55.836923 [debug] [ThreadPool]: On list_workspace_raw_steam_staging: /* {"app": "dbt", "dbt_version": "1.11.12", "dbt_databricks_version": "1.12.1", "databricks_sql_connector_version": "4.2.6", "profile_name": "databricks_free", "target_name": "dev", "invocation_id": "b4f6cab1-6da1-4e66-ad2b-ad46763fa92a", "connection_name": "list_workspace_raw_steam_staging"} */

    
SELECT
  table_name,
  if(table_type IN ('EXTERNAL', 'MANAGED', 'MANAGED_SHALLOW_CLONE', 'EXTERNAL_SHALLOW_CLONE'), 'table', lower(table_type)) AS table_type,
  lower(data_source_format) AS file_format,
  table_owner,
  if(
    table_type IN (
      'EXTERNAL',
      'MANAGED',
      'MANAGED_SHALLOW_CLONE',
      'EXTERNAL_SHALLOW_CLONE'
    ),
    lower(table_type),
    NULL
  ) AS databricks_table_type
FROM `system`.`information_schema`.`tables`
WHERE table_catalog = 'workspace'
  AND table_schema = 'raw_steam_staging'

  
[0m17:53:55.837941 [debug] [ThreadPool]: Opening a new connection, currently in state init
[0m17:53:56.723610 [debug] [ThreadPool]: Databricks adapter: Connection(session-id=01f17bae-63fb-1538-acaa-1d80fb88e842) - Created
[0m17:53:57.917712 [debug] [ThreadPool]: SQL status: OK in 2.080 seconds
[0m17:53:57.921694 [debug] [ThreadPool]: Databricks adapter: Cursor(session-id=01f17bae-63fb-1538-acaa-1d80fb88e842, command-id=01f17bae-6421-172e-aa13-5f92f8040f7f) - Closing
[0m17:53:57.923691 [debug] [ThreadPool]: On list_workspace_raw_steam_staging: Close
[0m17:53:57.924693 [debug] [ThreadPool]: Databricks adapter: Connection(session-id=01f17bae-63fb-1538-acaa-1d80fb88e842) - Closing
[0m17:53:58.103623 [debug] [MainThread]: Sending event: {'category': 'dbt', 'action': 'runnable_timing', 'label': 'b4f6cab1-6da1-4e66-ad2b-ad46763fa92a', 'context': [<snowplow_tracker.self_describing_json.SelfDescribingJson object at 0x000002D98025F050>]}
[0m17:53:58.113772 [debug] [Thread-5 (]: Began running node model.dbt_steam_api.stg_steam_apps
[0m17:53:58.114771 [info ] [Thread-5 (]: 1 of 7 START sql view model raw_steam_staging.stg_steam_apps ................... [RUN]
[0m17:53:58.116770 [debug] [Thread-5 (]: Databricks adapter: DatabricksDBTConnection(session-id=None, name=model.dbt_steam_api.stg_steam_apps) - Creating connection
[0m17:53:58.117770 [debug] [Thread-5 (]: Acquiring new databricks connection 'model.dbt_steam_api.stg_steam_apps'
[0m17:53:58.117770 [debug] [Thread-5 (]: Began compiling node model.dbt_steam_api.stg_steam_apps
[0m17:53:58.145754 [debug] [Thread-5 (]: Writing injected SQL for node "model.dbt_steam_api.stg_steam_apps"
[0m17:53:58.147753 [debug] [Thread-5 (]: Began executing node model.dbt_steam_api.stg_steam_apps
[0m17:53:58.193018 [debug] [Thread-5 (]: MATERIALIZING VIEW
[0m17:53:58.240308 [debug] [Thread-5 (]: Creating view `workspace`.`raw_steam_staging`.`stg_steam_apps`
[0m17:53:58.263402 [debug] [Thread-5 (]: Writing runtime sql for node "model.dbt_steam_api.stg_steam_apps"
[0m17:53:58.265402 [debug] [Thread-5 (]: Using databricks connection "model.dbt_steam_api.stg_steam_apps"
[0m17:53:58.266401 [debug] [Thread-5 (]: On model.dbt_steam_api.stg_steam_apps: /* {"app": "dbt", "dbt_version": "1.11.12", "dbt_databricks_version": "1.12.1", "databricks_sql_connector_version": "4.2.6", "profile_name": "databricks_free", "target_name": "dev", "invocation_id": "b4f6cab1-6da1-4e66-ad2b-ad46763fa92a", "node_id": "model.dbt_steam_api.stg_steam_apps"} */

  
  
  
  create or replace view `workspace`.`raw_steam_staging`.`stg_steam_apps`
  
  as (
    WITH parsed AS (
    SELECT
        appid,
        TRIM(name) AS game_name,
        TRIM(developer) AS developer,
        TRIM(publisher) AS publisher,
        score_rank,
        owners,
        average_forever AS avg_playtime_minutes,
        average_2weeks AS avg_playtime_2weeks,
        median_forever AS median_playtime_minutes,
        median_2weeks AS median_playtime_2weeks,
        ccu AS peak_concurrent_users,
        price,
        initialprice AS original_price,
        discount,
        tags,
        languages,
        genre,
        
        -- Fix: Clean owners string before parsing
        -- Remove commas and extract numbers
        REGEXP_EXTRACT(owners, '([0-9,]+)', 1) AS owners_min_str,
        REGEXP_EXTRACT(owners, '\\.\\. ([0-9,]+)', 1) AS owners_max_str,
        
        -- Fix: Remove commas and cast to BIGINT
        CAST(REPLACE(REGEXP_EXTRACT(owners, '([0-9,]+)', 1), ',', '') AS BIGINT) AS owners_min,
        CAST(REPLACE(REGEXP_EXTRACT(owners, '\\.\\. ([0-9,]+)', 1), ',', '') AS BIGINT) AS owners_max,
        
        -- Calculate estimated owners (midpoint of range)
        ROUND((
            CAST(REPLACE(REGEXP_EXTRACT(owners, '([0-9,]+)', 1), ',', '') AS BIGINT) + 
            CAST(REPLACE(REGEXP_EXTRACT(owners, '\\.\\. ([0-9,]+)', 1), ',', '') AS BIGINT)
        ) / 2, 0) AS estimated_owners,
        
        -- Price categories
        CASE 
            WHEN price = 0 THEN 'Free'
            WHEN price <= 10 THEN 'Budget ($0-10)'
            WHEN price > 10 AND price <= 30 THEN 'Mid-tier ($10-30)'
            WHEN price > 30 AND price <= 60 THEN 'Premium ($30-60)'
            ELSE 'Ultra-Tier ($60+)'
        END AS price_tier,
        
        -- Engagement categories
        CASE
            WHEN average_forever < 60 THEN 'Casual (<1h)'
            WHEN average_forever < 600 THEN 'Moderate (1-10h)'
            WHEN average_forever < 3000 THEN 'Engaged (10-50h)'
            ELSE 'Hardcore (50h+)'
        END AS engagement_tier,
        
        -- Discount flag
        CASE WHEN discount > 0 THEN TRUE ELSE FALSE END AS is_discounted,
        
        -- Parse tags into array for analysis
        SPLIT(tags, ',') AS tag_list,
        
        -- Parse languages
        SPLIT(languages, ',') AS language_list,
        
        -- Parse genres
        SPLIT(genre, ',') AS genre_list,
        
        -- Success indicators
        CASE 
            WHEN ROUND((
                CAST(REPLACE(REGEXP_EXTRACT(owners, '([0-9,]+)', 1), ',', '') AS BIGINT) + 
                CAST(REPLACE(REGEXP_EXTRACT(owners, '\\.\\. ([0-9,]+)', 1), ',', '') AS BIGINT)
            ) / 2, 0) > 1000000 AND average_forever > 600 THEN 'Hit'
            WHEN ROUND((
                CAST(REPLACE(REGEXP_EXTRACT(owners, '([0-9,]+)', 1), ',', '') AS BIGINT) + 
                CAST(REPLACE(REGEXP_EXTRACT(owners, '\\.\\. ([0-9,]+)', 1), ',', '') AS BIGINT)
            ) / 2, 0) > 100000 THEN 'Successful'
            WHEN ROUND((
                CAST(REPLACE(REGEXP_EXTRACT(owners, '([0-9,]+)', 1), ',', '') AS BIGINT) + 
                CAST(REPLACE(REGEXP_EXTRACT(owners, '\\.\\. ([0-9,]+)', 1), ',', '') AS BIGINT)
            ) / 2, 0) > 10000 THEN 'Moderate'
            ELSE 'Niche'
        END AS success_category

    FROM `workspace`.`raw_steam`.`raw_apps`
    WHERE name IS NOT NULL AND name != ''
)

SELECT * FROM parsed
  )

[0m17:53:58.268399 [debug] [Thread-5 (]: Opening a new connection, currently in state init
[0m17:53:59.188756 [debug] [Thread-5 (]: Databricks adapter: Connection(session-id=01f17bae-6571-17cc-9074-42722c3dc6a2) - Created
[0m17:54:01.588406 [debug] [Thread-5 (]: SQL status: OK in 3.320 seconds
[0m17:54:01.590390 [debug] [Thread-5 (]: Databricks adapter: Cursor(session-id=01f17bae-6571-17cc-9074-42722c3dc6a2, command-id=01f17bae-6598-16ab-8fc6-3f8dbfeed940) - Closing
[0m17:54:01.617530 [debug] [Thread-5 (]: Applying tags to relation None
[0m17:54:01.623525 [debug] [Thread-5 (]: On model.dbt_steam_api.stg_steam_apps: Close
[0m17:54:01.623525 [debug] [Thread-5 (]: Databricks adapter: Connection(session-id=01f17bae-6571-17cc-9074-42722c3dc6a2) - Closing
[0m17:54:01.804546 [debug] [Thread-5 (]: Sending event: {'category': 'dbt', 'action': 'run_model', 'label': 'b4f6cab1-6da1-4e66-ad2b-ad46763fa92a', 'context': [<snowplow_tracker.self_describing_json.SelfDescribingJson object at 0x000002D9FC141550>]}
[0m17:54:01.806758 [info ] [Thread-5 (]: 1 of 7 OK created sql view model raw_steam_staging.stg_steam_apps .............. [[32mOK[0m in 3.68s]
[0m17:54:01.808759 [debug] [Thread-5 (]: Finished running node model.dbt_steam_api.stg_steam_apps
[0m17:54:01.810757 [debug] [Thread-5 (]: Began running node model.dbt_steam_api.bridge_game_genres
[0m17:54:01.812755 [info ] [Thread-5 (]: 2 of 7 START sql table model raw_steam_staging.bridge_game_genres .............. [RUN]
[0m17:54:01.814754 [debug] [Thread-5 (]: Databricks adapter: DatabricksDBTConnection(session-id=None, name=model.dbt_steam_api.bridge_game_genres) - Creating connection
[0m17:54:01.816753 [debug] [Thread-5 (]: Acquiring new databricks connection 'model.dbt_steam_api.bridge_game_genres'
[0m17:54:01.818752 [debug] [Thread-5 (]: Began compiling node model.dbt_steam_api.bridge_game_genres
[0m17:54:01.860580 [debug] [Thread-5 (]: Writing injected SQL for node "model.dbt_steam_api.bridge_game_genres"
[0m17:54:01.862578 [debug] [Thread-5 (]: Began executing node model.dbt_steam_api.bridge_game_genres
[0m17:54:01.924127 [debug] [Thread-5 (]: MATERIALIZING TABLE
[0m17:54:02.029229 [debug] [Thread-5 (]: Using databricks connection "model.dbt_steam_api.bridge_game_genres"
[0m17:54:02.031228 [debug] [Thread-5 (]: On model.dbt_steam_api.bridge_game_genres: /* {"app": "dbt", "dbt_version": "1.11.12", "dbt_databricks_version": "1.12.1", "databricks_sql_connector_version": "4.2.6", "profile_name": "databricks_free", "target_name": "dev", "invocation_id": "b4f6cab1-6da1-4e66-ad2b-ad46763fa92a", "node_id": "model.dbt_steam_api.bridge_game_genres"} */
SELECT
    table_catalog,
    table_schema,
    table_name,
    filter_name,
    target_columns
  FROM `workspace`.`information_schema`.`row_filters`
  WHERE table_catalog = 'workspace'
    AND table_schema = 'raw_steam_staging'
    AND table_name = 'bridge_game_genres'
[0m17:54:02.034227 [debug] [Thread-5 (]: Opening a new connection, currently in state init
[0m17:54:02.988877 [debug] [Thread-5 (]: Databricks adapter: Connection(session-id=01f17bae-67b5-1e5e-b399-78d7cb30848a) - Created
[0m17:54:03.706239 [debug] [Thread-5 (]: SQL status: OK in 1.670 seconds
[0m17:54:03.712255 [debug] [Thread-5 (]: Databricks adapter: Cursor(session-id=01f17bae-67b5-1e5e-b399-78d7cb30848a, command-id=01f17bae-67dc-1f30-a1f2-a1c4bf2ea1a9) - Closing
[0m17:54:03.746709 [debug] [Thread-5 (]: Writing runtime sql for node "model.dbt_steam_api.bridge_game_genres"
[0m17:54:03.748726 [debug] [Thread-5 (]: Using databricks connection "model.dbt_steam_api.bridge_game_genres"
[0m17:54:03.749726 [debug] [Thread-5 (]: On model.dbt_steam_api.bridge_game_genres: /* {"app": "dbt", "dbt_version": "1.11.12", "dbt_databricks_version": "1.12.1", "databricks_sql_connector_version": "4.2.6", "profile_name": "databricks_free", "target_name": "dev", "invocation_id": "b4f6cab1-6da1-4e66-ad2b-ad46763fa92a", "node_id": "model.dbt_steam_api.bridge_game_genres"} */

  
    
        create or replace table `workspace`.`raw_steam_staging`.`bridge_game_genres`
      
      
    using delta
  
      
      
      
      
      
      
      
      
      as
      WITH exploded AS (
    SELECT
        appid,
        game_name,
        estimated_owners,
        avg_playtime_minutes,
        price,
        success_category,
        TRIM(g) AS genre
    FROM `workspace`.`raw_steam_staging`.`stg_steam_apps`,
    LATERAL EXPLODE(genre_list) AS t(g)
)

SELECT
    appid,
    game_name,
    genre,
    estimated_owners,
    avg_playtime_minutes,
    price,
    success_category,
    COUNT(*) OVER (PARTITION BY genre) AS games_in_genre
FROM exploded
WHERE genre IS NOT NULL AND genre != ''
  
[0m17:54:13.865709 [debug] [Thread-5 (]: SQL status: OK in 10.120 seconds
[0m17:54:13.867708 [debug] [Thread-5 (]: Databricks adapter: Cursor(session-id=01f17bae-67b5-1e5e-b399-78d7cb30848a, command-id=01f17bae-6851-1393-a2ac-4d219c9cd28c) - Closing
[0m17:54:14.091669 [debug] [Thread-5 (]: Applying tags to relation None
[0m17:54:14.132157 [debug] [Thread-5 (]: On model.dbt_steam_api.bridge_game_genres: Close
[0m17:54:14.132157 [debug] [Thread-5 (]: Databricks adapter: Connection(session-id=01f17bae-67b5-1e5e-b399-78d7cb30848a) - Closing
[0m17:54:14.309967 [debug] [Thread-5 (]: Sending event: {'category': 'dbt', 'action': 'run_model', 'label': 'b4f6cab1-6da1-4e66-ad2b-ad46763fa92a', 'context': [<snowplow_tracker.self_describing_json.SelfDescribingJson object at 0x000002D98A36C7D0>]}
[0m17:54:14.310965 [info ] [Thread-5 (]: 2 of 7 OK created sql table model raw_steam_staging.bridge_game_genres ......... [[32mOK[0m in 12.50s]
[0m17:54:14.312949 [debug] [Thread-5 (]: Finished running node model.dbt_steam_api.bridge_game_genres
[0m17:54:14.313949 [debug] [Thread-5 (]: Began running node model.dbt_steam_api.bridge_game_languages
[0m17:54:14.315086 [info ] [Thread-5 (]: 3 of 7 START sql table model raw_steam_staging.bridge_game_languages ........... [RUN]
[0m17:54:14.316085 [debug] [Thread-5 (]: Databricks adapter: DatabricksDBTConnection(session-id=None, name=model.dbt_steam_api.bridge_game_languages) - Creating connection
[0m17:54:14.317088 [debug] [Thread-5 (]: Acquiring new databricks connection 'model.dbt_steam_api.bridge_game_languages'
[0m17:54:14.318088 [debug] [Thread-5 (]: Began compiling node model.dbt_steam_api.bridge_game_languages
[0m17:54:14.329079 [debug] [Thread-5 (]: Writing injected SQL for node "model.dbt_steam_api.bridge_game_languages"
[0m17:54:14.332076 [debug] [Thread-5 (]: Began executing node model.dbt_steam_api.bridge_game_languages
[0m17:54:14.340952 [debug] [Thread-5 (]: MATERIALIZING TABLE
[0m17:54:14.344951 [debug] [Thread-5 (]: Using databricks connection "model.dbt_steam_api.bridge_game_languages"
[0m17:54:14.346093 [debug] [Thread-5 (]: On model.dbt_steam_api.bridge_game_languages: /* {"app": "dbt", "dbt_version": "1.11.12", "dbt_databricks_version": "1.12.1", "databricks_sql_connector_version": "4.2.6", "profile_name": "databricks_free", "target_name": "dev", "invocation_id": "b4f6cab1-6da1-4e66-ad2b-ad46763fa92a", "node_id": "model.dbt_steam_api.bridge_game_languages"} */
SELECT
    table_catalog,
    table_schema,
    table_name,
    filter_name,
    target_columns
  FROM `workspace`.`information_schema`.`row_filters`
  WHERE table_catalog = 'workspace'
    AND table_schema = 'raw_steam_staging'
    AND table_name = 'bridge_game_languages'
[0m17:54:14.348094 [debug] [Thread-5 (]: Opening a new connection, currently in state init
[0m17:54:15.344093 [debug] [Thread-5 (]: Databricks adapter: Connection(session-id=01f17bae-6f13-141b-aad8-8f3dd24b4965) - Created
[0m17:54:15.915629 [debug] [Thread-5 (]: SQL status: OK in 1.570 seconds
[0m17:54:15.920775 [debug] [Thread-5 (]: Databricks adapter: Cursor(session-id=01f17bae-6f13-141b-aad8-8f3dd24b4965, command-id=01f17bae-6f3a-13cf-a205-11864d39702e) - Closing
[0m17:54:15.924773 [debug] [Thread-5 (]: Writing runtime sql for node "model.dbt_steam_api.bridge_game_languages"
[0m17:54:15.926772 [debug] [Thread-5 (]: Using databricks connection "model.dbt_steam_api.bridge_game_languages"
[0m17:54:15.927771 [debug] [Thread-5 (]: On model.dbt_steam_api.bridge_game_languages: /* {"app": "dbt", "dbt_version": "1.11.12", "dbt_databricks_version": "1.12.1", "databricks_sql_connector_version": "4.2.6", "profile_name": "databricks_free", "target_name": "dev", "invocation_id": "b4f6cab1-6da1-4e66-ad2b-ad46763fa92a", "node_id": "model.dbt_steam_api.bridge_game_languages"} */

  
    
        create or replace table `workspace`.`raw_steam_staging`.`bridge_game_languages`
      
      
    using delta
  
      
      
      
      
      
      
      
      
      as
      WITH exploded AS (
    SELECT
        appid,
        game_name,
        estimated_owners,
        avg_playtime_minutes,
        price,
        success_category,
        TRIM(lang) AS language
    FROM `workspace`.`raw_steam_staging`.`stg_steam_apps`,
    LATERAL EXPLODE(language_list) AS t(lang)
)

SELECT
    appid,
    game_name,
    language,
    estimated_owners,
    avg_playtime_minutes,
    price,
    success_category,
    COUNT(*) OVER (PARTITION BY language) AS games_with_language
FROM exploded
WHERE language IS NOT NULL AND language != ''
  
[0m17:54:19.663509 [debug] [Thread-5 (]: SQL status: OK in 3.730 seconds
[0m17:54:19.666511 [debug] [Thread-5 (]: Databricks adapter: Cursor(session-id=01f17bae-6f13-141b-aad8-8f3dd24b4965, command-id=01f17bae-6f92-1dd2-b1e3-636327833bb0) - Closing
[0m17:54:19.668507 [debug] [Thread-5 (]: Applying tags to relation None
[0m17:54:19.671505 [debug] [Thread-5 (]: On model.dbt_steam_api.bridge_game_languages: Close
[0m17:54:19.672505 [debug] [Thread-5 (]: Databricks adapter: Connection(session-id=01f17bae-6f13-141b-aad8-8f3dd24b4965) - Closing
[0m17:54:19.927428 [debug] [Thread-5 (]: Sending event: {'category': 'dbt', 'action': 'run_model', 'label': 'b4f6cab1-6da1-4e66-ad2b-ad46763fa92a', 'context': [<snowplow_tracker.self_describing_json.SelfDescribingJson object at 0x000002D98A3D15B0>]}
[0m17:54:19.929427 [info ] [Thread-5 (]: 3 of 7 OK created sql table model raw_steam_staging.bridge_game_languages ...... [[32mOK[0m in 5.61s]
[0m17:54:19.930408 [debug] [Thread-5 (]: Finished running node model.dbt_steam_api.bridge_game_languages
[0m17:54:19.931410 [debug] [Thread-5 (]: Began running node model.dbt_steam_api.bridge_game_tags
[0m17:54:19.932409 [info ] [Thread-5 (]: 4 of 7 START sql table model raw_steam_staging.bridge_game_tags ................ [RUN]
[0m17:54:19.934408 [debug] [Thread-5 (]: Databricks adapter: DatabricksDBTConnection(session-id=None, name=model.dbt_steam_api.bridge_game_tags) - Creating connection
[0m17:54:19.936405 [debug] [Thread-5 (]: Acquiring new databricks connection 'model.dbt_steam_api.bridge_game_tags'
[0m17:54:19.937404 [debug] [Thread-5 (]: Began compiling node model.dbt_steam_api.bridge_game_tags
[0m17:54:19.950420 [debug] [Thread-5 (]: Writing injected SQL for node "model.dbt_steam_api.bridge_game_tags"
[0m17:54:19.952414 [debug] [Thread-5 (]: Began executing node model.dbt_steam_api.bridge_game_tags
[0m17:54:19.969533 [debug] [Thread-5 (]: MATERIALIZING TABLE
[0m17:54:19.972531 [debug] [Thread-5 (]: Using databricks connection "model.dbt_steam_api.bridge_game_tags"
[0m17:54:19.975548 [debug] [Thread-5 (]: On model.dbt_steam_api.bridge_game_tags: /* {"app": "dbt", "dbt_version": "1.11.12", "dbt_databricks_version": "1.12.1", "databricks_sql_connector_version": "4.2.6", "profile_name": "databricks_free", "target_name": "dev", "invocation_id": "b4f6cab1-6da1-4e66-ad2b-ad46763fa92a", "node_id": "model.dbt_steam_api.bridge_game_tags"} */
SELECT
    table_catalog,
    table_schema,
    table_name,
    filter_name,
    target_columns
  FROM `workspace`.`information_schema`.`row_filters`
  WHERE table_catalog = 'workspace'
    AND table_schema = 'raw_steam_staging'
    AND table_name = 'bridge_game_tags'
[0m17:54:19.976545 [debug] [Thread-5 (]: Opening a new connection, currently in state init
[0m17:54:20.930687 [debug] [Thread-5 (]: Databricks adapter: Connection(session-id=01f17bae-7268-19c3-9659-631844269363) - Created
[0m17:54:21.564508 [debug] [Thread-5 (]: SQL status: OK in 1.590 seconds
[0m17:54:21.568716 [debug] [Thread-5 (]: Databricks adapter: Cursor(session-id=01f17bae-7268-19c3-9659-631844269363, command-id=01f17bae-728d-1cc5-9da8-ff3746016e9e) - Closing
[0m17:54:21.572713 [debug] [Thread-5 (]: Writing runtime sql for node "model.dbt_steam_api.bridge_game_tags"
[0m17:54:21.574712 [debug] [Thread-5 (]: Using databricks connection "model.dbt_steam_api.bridge_game_tags"
[0m17:54:21.575712 [debug] [Thread-5 (]: On model.dbt_steam_api.bridge_game_tags: /* {"app": "dbt", "dbt_version": "1.11.12", "dbt_databricks_version": "1.12.1", "databricks_sql_connector_version": "4.2.6", "profile_name": "databricks_free", "target_name": "dev", "invocation_id": "b4f6cab1-6da1-4e66-ad2b-ad46763fa92a", "node_id": "model.dbt_steam_api.bridge_game_tags"} */

  
    
        create or replace table `workspace`.`raw_steam_staging`.`bridge_game_tags`
      
      
    using delta
  
      
      
      
      
      
      
      
      
      as
      WITH exploded AS (
    SELECT
        appid,
        game_name,
        estimated_owners,
        avg_playtime_minutes,
        price,
        success_category,
        TRIM(tag) AS tag
    FROM `workspace`.`raw_steam_staging`.`stg_steam_apps`,
    LATERAL EXPLODE(tag_list) AS t(tag)
)

SELECT
    appid,
    game_name,
    tag,
    estimated_owners,
    avg_playtime_minutes,
    price,
    success_category,
    COUNT(*) OVER (PARTITION BY tag) AS games_with_tag
FROM exploded
WHERE tag IS NOT NULL AND tag != ''
  
[0m17:54:24.783552 [debug] [Thread-5 (]: SQL status: OK in 3.210 seconds
[0m17:54:24.786709 [debug] [Thread-5 (]: Databricks adapter: Cursor(session-id=01f17bae-7268-19c3-9659-631844269363, command-id=01f17bae-72f2-1272-b34f-f24f7cb0cc46) - Closing
[0m17:54:24.789692 [debug] [Thread-5 (]: Applying tags to relation None
[0m17:54:24.793690 [debug] [Thread-5 (]: On model.dbt_steam_api.bridge_game_tags: Close
[0m17:54:24.794689 [debug] [Thread-5 (]: Databricks adapter: Connection(session-id=01f17bae-7268-19c3-9659-631844269363) - Closing
[0m17:54:24.982551 [debug] [Thread-5 (]: Sending event: {'category': 'dbt', 'action': 'run_model', 'label': 'b4f6cab1-6da1-4e66-ad2b-ad46763fa92a', 'context': [<snowplow_tracker.self_describing_json.SelfDescribingJson object at 0x000002D98A370680>]}
[0m17:54:24.984549 [info ] [Thread-5 (]: 4 of 7 OK created sql table model raw_steam_staging.bridge_game_tags ........... [[32mOK[0m in 5.05s]
[0m17:54:24.986547 [debug] [Thread-5 (]: Finished running node model.dbt_steam_api.bridge_game_tags
[0m17:54:24.987548 [debug] [Thread-5 (]: Began running node model.dbt_steam_api.dim_games
[0m17:54:24.989547 [info ] [Thread-5 (]: 5 of 7 START sql table model raw_steam_staging.dim_games ....................... [RUN]
[0m17:54:24.991545 [debug] [Thread-5 (]: Databricks adapter: DatabricksDBTConnection(session-id=None, name=model.dbt_steam_api.dim_games) - Creating connection
[0m17:54:24.991545 [debug] [Thread-5 (]: Acquiring new databricks connection 'model.dbt_steam_api.dim_games'
[0m17:54:24.992548 [debug] [Thread-5 (]: Began compiling node model.dbt_steam_api.dim_games
[0m17:54:25.006538 [debug] [Thread-5 (]: Writing injected SQL for node "model.dbt_steam_api.dim_games"
[0m17:54:25.009538 [debug] [Thread-5 (]: Began executing node model.dbt_steam_api.dim_games
[0m17:54:25.018775 [debug] [Thread-5 (]: MATERIALIZING TABLE
[0m17:54:25.022773 [debug] [Thread-5 (]: Using databricks connection "model.dbt_steam_api.dim_games"
[0m17:54:25.025771 [debug] [Thread-5 (]: On model.dbt_steam_api.dim_games: /* {"app": "dbt", "dbt_version": "1.11.12", "dbt_databricks_version": "1.12.1", "databricks_sql_connector_version": "4.2.6", "profile_name": "databricks_free", "target_name": "dev", "invocation_id": "b4f6cab1-6da1-4e66-ad2b-ad46763fa92a", "node_id": "model.dbt_steam_api.dim_games"} */
SELECT
    table_catalog,
    table_schema,
    table_name,
    filter_name,
    target_columns
  FROM `workspace`.`information_schema`.`row_filters`
  WHERE table_catalog = 'workspace'
    AND table_schema = 'raw_steam_staging'
    AND table_name = 'dim_games'
[0m17:54:25.026770 [debug] [Thread-5 (]: Opening a new connection, currently in state init
[0m17:54:25.979263 [debug] [Thread-5 (]: Databricks adapter: Connection(session-id=01f17bae-7567-1a4c-be3d-1ef4ba265e45) - Created
[0m17:54:26.781875 [debug] [Thread-5 (]: SQL status: OK in 1.760 seconds
[0m17:54:26.787019 [debug] [Thread-5 (]: Databricks adapter: Cursor(session-id=01f17bae-7567-1a4c-be3d-1ef4ba265e45, command-id=01f17bae-7590-195f-847b-0545dc1f908e) - Closing
[0m17:54:26.792034 [debug] [Thread-5 (]: Writing runtime sql for node "model.dbt_steam_api.dim_games"
[0m17:54:26.794034 [debug] [Thread-5 (]: Using databricks connection "model.dbt_steam_api.dim_games"
[0m17:54:26.795033 [debug] [Thread-5 (]: On model.dbt_steam_api.dim_games: /* {"app": "dbt", "dbt_version": "1.11.12", "dbt_databricks_version": "1.12.1", "databricks_sql_connector_version": "4.2.6", "profile_name": "databricks_free", "target_name": "dev", "invocation_id": "b4f6cab1-6da1-4e66-ad2b-ad46763fa92a", "node_id": "model.dbt_steam_api.dim_games"} */

  
    
        create or replace table `workspace`.`raw_steam_staging`.`dim_games`
      
      
    using delta
  
      
      
      
      
      
      
      
      
      as
      SELECT
    appid,
    game_name,
    developer,
    publisher,
    price_tier,
    engagement_tier,
    success_category,
    tags,
    languages,
    genre,
    CURRENT_TIMESTAMP() AS loaded_at
FROM `workspace`.`raw_steam_staging`.`stg_steam_apps`
  
[0m17:54:29.562528 [debug] [Thread-5 (]: SQL status: OK in 2.770 seconds
[0m17:54:29.564527 [debug] [Thread-5 (]: Databricks adapter: Cursor(session-id=01f17bae-7567-1a4c-be3d-1ef4ba265e45, command-id=01f17bae-760e-1101-a578-dda4764a70b8) - Closing
[0m17:54:29.565526 [debug] [Thread-5 (]: Applying tags to relation None
[0m17:54:29.569542 [debug] [Thread-5 (]: On model.dbt_steam_api.dim_games: Close
[0m17:54:29.570542 [debug] [Thread-5 (]: Databricks adapter: Connection(session-id=01f17bae-7567-1a4c-be3d-1ef4ba265e45) - Closing
[0m17:54:29.734346 [debug] [Thread-5 (]: Sending event: {'category': 'dbt', 'action': 'run_model', 'label': 'b4f6cab1-6da1-4e66-ad2b-ad46763fa92a', 'context': [<snowplow_tracker.self_describing_json.SelfDescribingJson object at 0x000002D98A3979B0>]}
[0m17:54:29.735485 [info ] [Thread-5 (]: 5 of 7 OK created sql table model raw_steam_staging.dim_games .................. [[32mOK[0m in 4.74s]
[0m17:54:29.738487 [debug] [Thread-5 (]: Finished running node model.dbt_steam_api.dim_games
[0m17:54:29.739486 [debug] [Thread-5 (]: Began running node model.dbt_steam_api.fct_game_performance
[0m17:54:29.740485 [info ] [Thread-5 (]: 6 of 7 START sql table model raw_steam_staging.fct_game_performance ............ [RUN]
[0m17:54:29.741485 [debug] [Thread-5 (]: Databricks adapter: DatabricksDBTConnection(session-id=None, name=model.dbt_steam_api.fct_game_performance) - Creating connection
[0m17:54:29.742485 [debug] [Thread-5 (]: Acquiring new databricks connection 'model.dbt_steam_api.fct_game_performance'
[0m17:54:29.742485 [debug] [Thread-5 (]: Began compiling node model.dbt_steam_api.fct_game_performance
[0m17:54:29.752646 [debug] [Thread-5 (]: Writing injected SQL for node "model.dbt_steam_api.fct_game_performance"
[0m17:54:29.755644 [debug] [Thread-5 (]: Began executing node model.dbt_steam_api.fct_game_performance
[0m17:54:29.764638 [debug] [Thread-5 (]: MATERIALIZING TABLE
[0m17:54:29.768619 [debug] [Thread-5 (]: Using databricks connection "model.dbt_steam_api.fct_game_performance"
[0m17:54:29.771618 [debug] [Thread-5 (]: On model.dbt_steam_api.fct_game_performance: /* {"app": "dbt", "dbt_version": "1.11.12", "dbt_databricks_version": "1.12.1", "databricks_sql_connector_version": "4.2.6", "profile_name": "databricks_free", "target_name": "dev", "invocation_id": "b4f6cab1-6da1-4e66-ad2b-ad46763fa92a", "node_id": "model.dbt_steam_api.fct_game_performance"} */
SELECT
    table_catalog,
    table_schema,
    table_name,
    filter_name,
    target_columns
  FROM `workspace`.`information_schema`.`row_filters`
  WHERE table_catalog = 'workspace'
    AND table_schema = 'raw_steam_staging'
    AND table_name = 'fct_game_performance'
[0m17:54:29.773619 [debug] [Thread-5 (]: Opening a new connection, currently in state init
[0m17:54:30.649412 [debug] [Thread-5 (]: Databricks adapter: Connection(session-id=01f17bae-7833-164e-857c-b7dc3dde4060) - Created
[0m17:54:31.361658 [debug] [Thread-5 (]: SQL status: OK in 1.590 seconds
[0m17:54:31.366655 [debug] [Thread-5 (]: Databricks adapter: Cursor(session-id=01f17bae-7833-164e-857c-b7dc3dde4060, command-id=01f17bae-7859-11a8-b99e-b3b3b8d5c571) - Closing
[0m17:54:31.370637 [debug] [Thread-5 (]: Writing runtime sql for node "model.dbt_steam_api.fct_game_performance"
[0m17:54:31.371652 [debug] [Thread-5 (]: Using databricks connection "model.dbt_steam_api.fct_game_performance"
[0m17:54:31.372652 [debug] [Thread-5 (]: On model.dbt_steam_api.fct_game_performance: /* {"app": "dbt", "dbt_version": "1.11.12", "dbt_databricks_version": "1.12.1", "databricks_sql_connector_version": "4.2.6", "profile_name": "databricks_free", "target_name": "dev", "invocation_id": "b4f6cab1-6da1-4e66-ad2b-ad46763fa92a", "node_id": "model.dbt_steam_api.fct_game_performance"} */

  
    
        create or replace table `workspace`.`raw_steam_staging`.`fct_game_performance`
      
      
    using delta
  
      
      
      
      
      
      
      
      
      as
      SELECT
    appid,
    game_name,
    developer,
    publisher,
    genre,
    price_tier,
    engagement_tier,
    success_category,

    -- Financial metrics
    price,
    original_price,
    COALESCE(discount, 0) AS discount,
    estimated_owners,
    ROUND(price * estimated_owners, 2) AS estimated_revenue,

    -- Engagement metrics
    avg_playtime_minutes,
    median_playtime_minutes,
    peak_concurrent_users,

    -- Ratios
    ROUND(avg_playtime_minutes / NULLIF(price, 0), 2) AS playtime_per_dollar,
    ROUND(peak_concurrent_users / NULLIF(estimated_owners, 0) * 100, 4) AS ccu_conversion_rate,

    CURRENT_DATE() AS snapshot_date

FROM `workspace`.`raw_steam_staging`.`stg_steam_apps`
  
[0m17:54:34.220553 [debug] [Thread-5 (]: SQL status: OK in 2.850 seconds
[0m17:54:34.223536 [debug] [Thread-5 (]: Databricks adapter: Cursor(session-id=01f17bae-7833-164e-857c-b7dc3dde4060, command-id=01f17bae-78c7-18ed-8a79-a5bf88ff3f9c) - Closing
[0m17:54:34.225535 [debug] [Thread-5 (]: Applying tags to relation None
[0m17:54:34.228681 [debug] [Thread-5 (]: On model.dbt_steam_api.fct_game_performance: Close
[0m17:54:34.228681 [debug] [Thread-5 (]: Databricks adapter: Connection(session-id=01f17bae-7833-164e-857c-b7dc3dde4060) - Closing
[0m17:54:34.396780 [debug] [Thread-5 (]: Sending event: {'category': 'dbt', 'action': 'run_model', 'label': 'b4f6cab1-6da1-4e66-ad2b-ad46763fa92a', 'context': [<snowplow_tracker.self_describing_json.SelfDescribingJson object at 0x000002D98A3C31D0>]}
[0m17:54:34.398779 [info ] [Thread-5 (]: 6 of 7 OK created sql table model raw_steam_staging.fct_game_performance ....... [[32mOK[0m in 4.66s]
[0m17:54:34.400778 [debug] [Thread-5 (]: Finished running node model.dbt_steam_api.fct_game_performance
[0m17:54:34.405778 [debug] [Thread-5 (]: Began running node model.dbt_steam_api.mart_valve_recommendations
[0m17:54:34.406778 [info ] [Thread-5 (]: 7 of 7 START sql table model raw_steam_marts.mart_valve_recommendations ........ [RUN]
[0m17:54:34.408774 [debug] [Thread-5 (]: Databricks adapter: DatabricksDBTConnection(session-id=None, name=model.dbt_steam_api.mart_valve_recommendations) - Creating connection
[0m17:54:34.410774 [debug] [Thread-5 (]: Acquiring new databricks connection 'model.dbt_steam_api.mart_valve_recommendations'
[0m17:54:34.411773 [debug] [Thread-5 (]: Began compiling node model.dbt_steam_api.mart_valve_recommendations
[0m17:54:34.431759 [debug] [Thread-5 (]: Writing injected SQL for node "model.dbt_steam_api.mart_valve_recommendations"
[0m17:54:34.433758 [debug] [Thread-5 (]: Began executing node model.dbt_steam_api.mart_valve_recommendations
[0m17:54:34.463901 [debug] [Thread-5 (]: MATERIALIZING TABLE
[0m17:54:34.468055 [debug] [Thread-5 (]: Using databricks connection "model.dbt_steam_api.mart_valve_recommendations"
[0m17:54:34.470053 [debug] [Thread-5 (]: On model.dbt_steam_api.mart_valve_recommendations: /* {"app": "dbt", "dbt_version": "1.11.12", "dbt_databricks_version": "1.12.1", "databricks_sql_connector_version": "4.2.6", "profile_name": "databricks_free", "target_name": "dev", "invocation_id": "b4f6cab1-6da1-4e66-ad2b-ad46763fa92a", "node_id": "model.dbt_steam_api.mart_valve_recommendations"} */
SELECT
    table_catalog,
    table_schema,
    table_name,
    filter_name,
    target_columns
  FROM `workspace`.`information_schema`.`row_filters`
  WHERE table_catalog = 'workspace'
    AND table_schema = 'raw_steam_marts'
    AND table_name = 'mart_valve_recommendations'
[0m17:54:34.473049 [debug] [Thread-5 (]: Opening a new connection, currently in state init
[0m17:54:35.376565 [debug] [Thread-5 (]: Databricks adapter: Connection(session-id=01f17bae-7b05-1590-b2e7-cc7598824a96) - Created
[0m17:54:36.008324 [debug] [Thread-5 (]: SQL status: OK in 1.530 seconds
[0m17:54:36.013302 [debug] [Thread-5 (]: Databricks adapter: Cursor(session-id=01f17bae-7b05-1590-b2e7-cc7598824a96, command-id=01f17bae-7b2a-177e-828d-e6b46f46b477) - Closing
[0m17:54:36.017437 [debug] [Thread-5 (]: Writing runtime sql for node "model.dbt_steam_api.mart_valve_recommendations"
[0m17:54:36.019436 [debug] [Thread-5 (]: Using databricks connection "model.dbt_steam_api.mart_valve_recommendations"
[0m17:54:36.020436 [debug] [Thread-5 (]: On model.dbt_steam_api.mart_valve_recommendations: /* {"app": "dbt", "dbt_version": "1.11.12", "dbt_databricks_version": "1.12.1", "databricks_sql_connector_version": "4.2.6", "profile_name": "databricks_free", "target_name": "dev", "invocation_id": "b4f6cab1-6da1-4e66-ad2b-ad46763fa92a", "node_id": "model.dbt_steam_api.mart_valve_recommendations"} */

  
    
        create or replace table `workspace`.`raw_steam_marts`.`mart_valve_recommendations`
      
      
    using delta
  
      
      
      
      
      
      
      
      
      as
      -- ============================================
-- VALVE GAME DEVELOPMENT RECOMMENDATIONS
-- Uses bridge tables for many-to-many analysis
-- ============================================

-- 1. GENRE PERFORMANCE (from bridge table)
WITH genre_analysis AS (
    SELECT
        genre,
        COUNT(DISTINCT appid) AS game_count,
        ROUND(AVG(price), 2) AS avg_price,
        ROUND(AVG(estimated_owners), 0) AS avg_owners,
        ROUND(AVG(avg_playtime_minutes), 0) AS avg_playtime,
        SUM(CASE WHEN success_category = 'Hit' THEN 1 ELSE 0 END) AS hit_games,
        ROUND(100.0 * SUM(CASE WHEN success_category = 'Hit' THEN 1 ELSE 0 END) / COUNT(*), 2) AS hit_rate_pct
    FROM `workspace`.`raw_steam_staging`.`bridge_game_genres`
    WHERE genre IS NOT NULL AND genre != ''
    GROUP BY genre
),

-- 2. TAG PERFORMANCE (from bridge table)
tag_analysis AS (
    SELECT
        tag,
        COUNT(DISTINCT appid) AS game_count,
        ROUND(AVG(estimated_owners), 0) AS avg_owners,
        ROUND(AVG(price), 2) AS avg_price,
        SUM(CASE WHEN success_category = 'Hit' THEN 1 ELSE 0 END) AS hit_games,
        ROUND(100.0 * SUM(CASE WHEN success_category = 'Hit' THEN 1 ELSE 0 END) / COUNT(*), 2) AS hit_rate_pct
    FROM `workspace`.`raw_steam_staging`.`bridge_game_tags`
    WHERE tag IS NOT NULL AND tag != ''
    GROUP BY tag
    HAVING COUNT(DISTINCT appid) >= 5  -- Only tags with 5+ games
),

-- 3. LANGUAGE PERFORMANCE (from bridge table)
language_analysis AS (
    SELECT
        language,
        COUNT(DISTINCT appid) AS game_count,
        ROUND(AVG(estimated_owners), 0) AS avg_owners,
        ROUND(AVG(price), 2) AS avg_price,
        SUM(CASE WHEN success_category = 'Hit' THEN 1 ELSE 0 END) AS hit_games,
        ROUND(100.0 * SUM(CASE WHEN success_category = 'Hit' THEN 1 ELSE 0 END) / COUNT(*), 2) AS hit_rate_pct
    FROM `workspace`.`raw_steam_staging`.`bridge_game_languages`
    WHERE language IS NOT NULL AND language != ''
    GROUP BY language
    HAVING COUNT(DISTINCT appid) >= 5
),

-- 4. PRICE TIER PERFORMANCE (from fact table - single value per game)
price_analysis AS (
    SELECT
        price_tier,
        COUNT(*) AS game_count,
        ROUND(AVG(estimated_owners), 0) AS avg_owners,
        ROUND(AVG(discount), 0) AS avg_discount,
        SUM(CASE WHEN success_category IN ('Hit', 'Successful') THEN 1 ELSE 0 END) AS successful_games,
        ROUND(100.0 * SUM(CASE WHEN success_category IN ('Hit', 'Successful') THEN 1 ELSE 0 END) / COUNT(*), 2) AS success_rate_pct
    FROM `workspace`.`raw_steam_staging`.`fct_game_performance`
    GROUP BY price_tier
),

-- 5. ENGAGEMENT PERFORMANCE (from fact table - single value per game)
engagement_analysis AS (
    SELECT
        engagement_tier,
        COUNT(*) AS game_count,
        ROUND(AVG(price), 2) AS avg_price,
        ROUND(AVG(peak_concurrent_users), 0) AS avg_peak_ccu
    FROM `workspace`.`raw_steam_staging`.`fct_game_performance`
    GROUP BY engagement_tier
)

-- ============================================
-- FINAL OUTPUT: Separate sections for clarity
-- ============================================

-- Genre recommendations
SELECT
    'GENRE' AS category,
    genre AS item,
    hit_rate_pct AS score,
    CONCAT(
        'Genre "', genre, '" has ', hit_rate_pct, 
        '% hit rate (', hit_games, '/', game_count, ' games). ',
        'Avg price: $', avg_price, '. Avg owners: ', avg_owners,
        CASE WHEN hit_rate_pct >= 30 THEN ' ⭐ STRONG RECOMMENDATION'
             WHEN hit_rate_pct >= 15 THEN ' ✓ MODERATE POTENTIAL'
             ELSE ' ▪ NICHE MARKET' END
    ) AS recommendation
FROM genre_analysis
WHERE hit_rate_pct > 0

UNION ALL

-- Tag recommendations
SELECT
    'TAG' AS category,
    tag AS item,
    hit_rate_pct AS score,
    CONCAT(
        'Tag "', tag, '" appears in ', game_count, 
        ' games with ', hit_rate_pct, '% hit rate. ',
        'Avg owners: ', avg_owners
    ) AS recommendation
FROM tag_analysis
WHERE hit_rate_pct > 0

UNION ALL

-- Language recommendations
SELECT
    'LANGUAGE' AS category,
    language AS item,
    hit_rate_pct AS score,
    CONCAT(
        'Language "', language, '" in ', game_count, 
        ' games with ', hit_rate_pct, '% hit rate. ',
        CASE WHEN hit_rate_pct >= 30 THEN 'Prioritize localization!'
             WHEN hit_rate_pct >= 15 THEN 'Include if budget allows.'
             ELSE 'Consider post-launch.' END
    ) AS recommendation
FROM language_analysis
WHERE hit_rate_pct > 0

UNION ALL

-- Price tier recommendations
SELECT
    'PRICE' AS category,
    price_tier AS item,
    success_rate_pct AS score,
    CONCAT(
        'Price tier "', price_tier, '": ', success_rate_pct,
        '% success (', successful_games, '/', game_count, '). ',
        'Avg owners: ', avg_owners,
        CASE WHEN avg_discount > 20 THEN ' Heavy discounting.' ELSE ' Minimal discounting.' END
    ) AS recommendation
FROM price_analysis

UNION ALL

-- Engagement recommendations
SELECT
    'ENGAGEMENT' AS category,
    engagement_tier AS item,
    avg_peak_ccu AS score,
    CONCAT(
        'Games with "', engagement_tier, '" engagement: ',
        avg_peak_ccu, ' avg peak CCU. ',
        'Avg price: $', avg_price
    ) AS recommendation
FROM engagement_analysis
  
[0m17:54:40.762128 [debug] [Thread-5 (]: SQL status: OK in 4.740 seconds
[0m17:54:40.763113 [debug] [Thread-5 (]: Databricks adapter: Cursor(session-id=01f17bae-7b05-1590-b2e7-cc7598824a96, command-id=01f17bae-7b8d-16b3-9992-c24db893fb1d) - Closing
[0m17:54:40.765127 [debug] [Thread-5 (]: Applying tags to relation None
[0m17:54:40.767125 [debug] [Thread-5 (]: On model.dbt_steam_api.mart_valve_recommendations: Close
[0m17:54:40.768125 [debug] [Thread-5 (]: Databricks adapter: Connection(session-id=01f17bae-7b05-1590-b2e7-cc7598824a96) - Closing
[0m17:54:40.949139 [debug] [Thread-5 (]: Sending event: {'category': 'dbt', 'action': 'run_model', 'label': 'b4f6cab1-6da1-4e66-ad2b-ad46763fa92a', 'context': [<snowplow_tracker.self_describing_json.SelfDescribingJson object at 0x000002D98A4663C0>]}
[0m17:54:40.951156 [info ] [Thread-5 (]: 7 of 7 OK created sql table model raw_steam_marts.mart_valve_recommendations ... [[32mOK[0m in 6.54s]
[0m17:54:40.953140 [debug] [Thread-5 (]: Finished running node model.dbt_steam_api.mart_valve_recommendations
[0m17:54:40.955349 [debug] [MainThread]: Databricks adapter: DatabricksDBTConnection(session-id=None, name=master) - Creating connection
[0m17:54:40.956367 [debug] [MainThread]: Acquiring new databricks connection 'master'
[0m17:54:40.957366 [info ] [MainThread]: 
[0m17:54:40.958347 [info ] [MainThread]: Finished running 6 table models, 1 view model in 0 hours 1 minutes and 8.31 seconds (68.31s).
[0m17:54:40.963349 [debug] [MainThread]: Command end result
[0m17:54:41.083269 [debug] [MainThread]: Wrote artifact WritableManifest to C:\Users\KaelThas\Documents\steam_analytics_api\dbt_steam_api\target\manifest.json
[0m17:54:41.089266 [debug] [MainThread]: Wrote artifact SemanticManifest to C:\Users\KaelThas\Documents\steam_analytics_api\dbt_steam_api\target\semantic_manifest.json
[0m17:54:41.108611 [debug] [MainThread]: Wrote artifact RunExecutionResult to C:\Users\KaelThas\Documents\steam_analytics_api\dbt_steam_api\target\run_results.json
[0m17:54:41.109609 [info ] [MainThread]: 
[0m17:54:41.110592 [info ] [MainThread]: [32mCompleted successfully[0m
[0m17:54:41.111590 [info ] [MainThread]: 
[0m17:54:41.112594 [info ] [MainThread]: Done. PASS=7 WARN=0 ERROR=0 SKIP=0 NO-OP=0 TOTAL=7
[0m17:54:41.115758 [debug] [MainThread]: Command `dbt run` succeeded at 17:54:41.115758 after 84.58 seconds
[0m17:54:41.116777 [debug] [MainThread]: Sending event: {'category': 'dbt', 'action': 'invocation', 'label': 'end', 'context': [<snowplow_tracker.self_describing_json.SelfDescribingJson object at 0x000002D9FCB925A0>, <snowplow_tracker.self_describing_json.SelfDescribingJson object at 0x000002D9899EE9F0>, <snowplow_tracker.self_describing_json.SelfDescribingJson object at 0x000002D9FD91C7D0>]}
[0m17:54:41.117775 [debug] [MainThread]: Flushing usage events
[0m17:54:42.154107 [debug] [MainThread]: An error was encountered while trying to flush usage events
[0m14:00:10.580592 [debug] [MainThread]: Sending event: {'category': 'dbt', 'action': 'invocation', 'label': 'start', 'context': [<snowplow_tracker.self_describing_json.SelfDescribingJson object at 0x00000206D7BD52E0>, <snowplow_tracker.self_describing_json.SelfDescribingJson object at 0x00000206D380B9E0>, <snowplow_tracker.self_describing_json.SelfDescribingJson object at 0x00000206D723E180>]}


============================== 14:00:10.618436 | a18e8a03-f087-49bd-95ef-bd2fc0b0a364 ==============================
[0m14:00:10.618436 [info ] [MainThread]: Running with dbt=1.11.12
[0m14:00:10.618436 [debug] [MainThread]: running dbt with arguments {'static_parser': 'True', 'no_print': 'None', 'version_check': 'True', 'warn_error_options': 'WarnErrorOptionsV2(error=[], warn=[], silence=[])', 'target_path': 'None', 'printer_width': '80', 'write_json': 'True', 'empty': 'False', 'log_cache_events': 'False', 'introspect': 'True', 'cache_selected_only': 'False', 'fail_fast': 'False', 'debug': 'False', 'log_format': 'default', 'partial_parse': 'True', 'send_anonymous_usage_stats': 'True', 'quiet': 'False', 'warn_error': 'None', 'profiles_dir': 'C:\\Users\\KaelThas\\.dbt', 'indirect_selection': 'eager', 'use_colors': 'True', 'invocation_command': 'dbt run --select stg_steam_apps', 'use_experimental_parser': 'False', 'log_path': 'C:\\Users\\KaelThas\\Documents\\steam_analytics_api\\dbt_steam_api\\logs'}
[0m14:00:14.798339 [debug] [MainThread]: Spark adapter: Setting pyhive.hive logging to ERROR
[0m14:00:14.798339 [debug] [MainThread]: Spark adapter: Setting thrift.transport logging to ERROR
[0m14:00:14.798339 [debug] [MainThread]: Spark adapter: Setting thrift.protocol logging to ERROR
[0m14:00:22.364825 [debug] [MainThread]: Sending event: {'category': 'dbt', 'action': 'project_id', 'label': 'a18e8a03-f087-49bd-95ef-bd2fc0b0a364', 'context': [<snowplow_tracker.self_describing_json.SelfDescribingJson object at 0x00000206D698A090>]}
[0m14:00:22.499354 [debug] [MainThread]: Sending event: {'category': 'dbt', 'action': 'adapter_info', 'label': 'a18e8a03-f087-49bd-95ef-bd2fc0b0a364', 'context': [<snowplow_tracker.self_describing_json.SelfDescribingJson object at 0x00000206D763D850>]}
[0m14:00:22.514958 [info ] [MainThread]: Registered adapter: databricks=1.12.1
[0m14:00:25.175950 [debug] [MainThread]: checksum: f368f5348cf42803b94ef7fb8257ecf3bf9a9a16dd9c8c51fe5172f2dbeb457f, vars: {}, profile: , target: , version: 1.11.12
[0m14:00:25.441791 [info ] [MainThread]: Unable to do partial parsing because config vars, config profile, or config target have changed
[0m14:00:25.441791 [debug] [MainThread]: previous checksum: f368f5348cf42803b94ef7fb8257ecf3bf9a9a16dd9c8c51fe5172f2dbeb457f, current checksum: 45e2f83721850e743bd0f768476d4ea2a0d55c5933c39c88efe5bb30eb62a789
[0m14:00:25.441791 [debug] [MainThread]: Sending event: {'category': 'dbt', 'action': 'partial_parser', 'label': 'a18e8a03-f087-49bd-95ef-bd2fc0b0a364', 'context': [<snowplow_tracker.self_describing_json.SelfDescribingJson object at 0x00000206D73FFDA0>]}
[0m14:00:30.935996 [debug] [MainThread]: Sending event: {'category': 'dbt', 'action': 'load_project', 'label': 'a18e8a03-f087-49bd-95ef-bd2fc0b0a364', 'context': [<snowplow_tracker.self_describing_json.SelfDescribingJson object at 0x00000206E3E97A40>]}
[0m14:00:31.202130 [debug] [MainThread]: Wrote artifact WritableManifest to C:\Users\KaelThas\Documents\steam_analytics_api\dbt_steam_api\target\manifest.json
[0m14:00:31.218363 [debug] [MainThread]: Wrote artifact SemanticManifest to C:\Users\KaelThas\Documents\steam_analytics_api\dbt_steam_api\target\semantic_manifest.json
[0m14:00:31.329728 [debug] [MainThread]: Sending event: {'category': 'dbt', 'action': 'resource_counts', 'label': 'a18e8a03-f087-49bd-95ef-bd2fc0b0a364', 'context': [<snowplow_tracker.self_describing_json.SelfDescribingJson object at 0x00000206E47C4E60>]}
[0m14:00:31.329728 [info ] [MainThread]: Found 7 models, 4 data tests, 1 source, 769 macros
[0m14:00:31.329728 [debug] [MainThread]: Sending event: {'category': 'dbt', 'action': 'runnable_timing', 'label': 'a18e8a03-f087-49bd-95ef-bd2fc0b0a364', 'context': [<snowplow_tracker.self_describing_json.SelfDescribingJson object at 0x00000206E3E14BC0>]}
[0m14:00:31.345352 [info ] [MainThread]: 
[0m14:00:31.345352 [info ] [MainThread]: Concurrency: 1 threads (target='dev')
[0m14:00:31.352975 [info ] [MainThread]: 
[0m14:00:31.355701 [debug] [MainThread]: Databricks adapter: DatabricksDBTConnection(session-id=None, name=master) - Creating connection
[0m14:00:31.356701 [debug] [MainThread]: Acquiring new databricks connection 'master'
[0m14:00:31.359699 [debug] [ThreadPool]: Databricks adapter: DatabricksDBTConnection(session-id=None, name=list_workspace) - Creating connection
[0m14:00:31.361202 [debug] [ThreadPool]: Acquiring new databricks connection 'list_workspace'
[0m14:00:31.407436 [debug] [ThreadPool]: Using databricks connection "list_workspace"
[0m14:00:31.408436 [debug] [ThreadPool]: On list_workspace: /* {"app": "dbt", "dbt_version": "1.11.12", "dbt_databricks_version": "1.12.1", "databricks_sql_connector_version": "4.2.6", "profile_name": "databricks_free", "target_name": "dev", "invocation_id": "a18e8a03-f087-49bd-95ef-bd2fc0b0a364", "connection_name": "list_workspace"} */

    

  SHOW SCHEMAS IN `workspace`


  
[0m14:00:31.409435 [debug] [ThreadPool]: Opening a new connection, currently in state init
[0m14:00:35.061470 [debug] [ThreadPool]: Databricks adapter: Connection(session-id=01f1a145-bd8b-1725-8749-29d969c54450) - Created
[0m14:04:27.517181 [debug] [MainThread]: Sending event: {'category': 'dbt', 'action': 'invocation', 'label': 'start', 'context': [<snowplow_tracker.self_describing_json.SelfDescribingJson object at 0x0000024EB6E84200>, <snowplow_tracker.self_describing_json.SelfDescribingJson object at 0x0000024EBAE555E0>, <snowplow_tracker.self_describing_json.SelfDescribingJson object at 0x0000024EBAE57650>]}


============================== 14:04:27.532807 | a6b6b648-c7a6-491a-975f-d47db7509f0d ==============================
[0m14:04:27.532807 [info ] [MainThread]: Running with dbt=1.11.12
[0m14:04:27.532807 [debug] [MainThread]: running dbt with arguments {'version_check': 'True', 'no_print': 'None', 'static_parser': 'True', 'warn_error_options': 'WarnErrorOptionsV2(error=[], warn=[], silence=[])', 'target_path': 'None', 'printer_width': '80', 'write_json': 'True', 'empty': 'False', 'log_cache_events': 'False', 'introspect': 'True', 'cache_selected_only': 'False', 'log_format': 'default', 'debug': 'False', 'fail_fast': 'False', 'partial_parse': 'True', 'send_anonymous_usage_stats': 'True', 'quiet': 'False', 'warn_error': 'None', 'profiles_dir': 'C:\\Users\\KaelThas\\.dbt', 'indirect_selection': 'eager', 'use_colors': 'True', 'invocation_command': 'dbt run --select stg_steam_apps', 'use_experimental_parser': 'False', 'log_path': 'C:\\Users\\KaelThas\\Documents\\steam_analytics_api\\dbt_steam_api\\logs'}
[0m14:04:30.054971 [debug] [MainThread]: Spark adapter: Setting pyhive.hive logging to ERROR
[0m14:04:30.054971 [debug] [MainThread]: Spark adapter: Setting thrift.transport logging to ERROR
[0m14:04:30.054971 [debug] [MainThread]: Spark adapter: Setting thrift.protocol logging to ERROR
[0m14:04:32.247033 [debug] [MainThread]: Sending event: {'category': 'dbt', 'action': 'project_id', 'label': 'a6b6b648-c7a6-491a-975f-d47db7509f0d', 'context': [<snowplow_tracker.self_describing_json.SelfDescribingJson object at 0x0000024EC6A9E900>]}
[0m14:04:32.419429 [debug] [MainThread]: Sending event: {'category': 'dbt', 'action': 'adapter_info', 'label': 'a6b6b648-c7a6-491a-975f-d47db7509f0d', 'context': [<snowplow_tracker.self_describing_json.SelfDescribingJson object at 0x0000024EBB96E0C0>]}
[0m14:04:32.419429 [info ] [MainThread]: Registered adapter: databricks=1.12.1
[0m14:04:34.908704 [debug] [MainThread]: checksum: f368f5348cf42803b94ef7fb8257ecf3bf9a9a16dd9c8c51fe5172f2dbeb457f, vars: {}, profile: , target: , version: 1.11.12
[0m14:04:35.456108 [debug] [MainThread]: Partial parsing enabled: 0 files deleted, 0 files added, 0 files changed.
[0m14:04:35.456108 [debug] [MainThread]: Nothing changed, skipping partial parsing.
[0m14:04:35.456108 [debug] [MainThread]: Partial parsing enabled, no changes found, skipping parsing
[0m14:04:35.581082 [debug] [MainThread]: Sending event: {'category': 'dbt', 'action': 'load_project', 'label': 'a6b6b648-c7a6-491a-975f-d47db7509f0d', 'context': [<snowplow_tracker.self_describing_json.SelfDescribingJson object at 0x0000024EC78BC830>]}
[0m14:04:36.003825 [debug] [MainThread]: Wrote artifact WritableManifest to C:\Users\KaelThas\Documents\steam_analytics_api\dbt_steam_api\target\manifest.json
[0m14:04:36.003825 [debug] [MainThread]: Wrote artifact SemanticManifest to C:\Users\KaelThas\Documents\steam_analytics_api\dbt_steam_api\target\semantic_manifest.json
[0m14:04:36.050695 [debug] [MainThread]: Sending event: {'category': 'dbt', 'action': 'resource_counts', 'label': 'a6b6b648-c7a6-491a-975f-d47db7509f0d', 'context': [<snowplow_tracker.self_describing_json.SelfDescribingJson object at 0x0000024EC7868B90>]}
[0m14:04:36.050695 [info ] [MainThread]: Found 7 models, 4 data tests, 1 source, 769 macros
[0m14:04:36.050695 [debug] [MainThread]: Sending event: {'category': 'dbt', 'action': 'runnable_timing', 'label': 'a6b6b648-c7a6-491a-975f-d47db7509f0d', 'context': [<snowplow_tracker.self_describing_json.SelfDescribingJson object at 0x0000024EBE3207A0>]}
[0m14:04:36.050695 [info ] [MainThread]: 
[0m14:04:36.050695 [info ] [MainThread]: Concurrency: 1 threads (target='dev')
[0m14:04:36.050695 [info ] [MainThread]: 
[0m14:04:36.062668 [debug] [MainThread]: Databricks adapter: DatabricksDBTConnection(session-id=None, name=master) - Creating connection
[0m14:04:36.064453 [debug] [MainThread]: Acquiring new databricks connection 'master'
[0m14:04:36.066055 [debug] [ThreadPool]: Databricks adapter: DatabricksDBTConnection(session-id=None, name=list_workspace) - Creating connection
[0m14:04:36.067052 [debug] [ThreadPool]: Acquiring new databricks connection 'list_workspace'
[0m14:04:36.115582 [debug] [ThreadPool]: Using databricks connection "list_workspace"
[0m14:04:36.116581 [debug] [ThreadPool]: On list_workspace: /* {"app": "dbt", "dbt_version": "1.11.12", "dbt_databricks_version": "1.12.1", "databricks_sql_connector_version": "4.2.6", "profile_name": "databricks_free", "target_name": "dev", "invocation_id": "a6b6b648-c7a6-491a-975f-d47db7509f0d", "connection_name": "list_workspace"} */

    

  SHOW SCHEMAS IN `workspace`


  
[0m14:04:36.117580 [debug] [ThreadPool]: Opening a new connection, currently in state init
[0m14:04:39.682313 [debug] [ThreadPool]: Databricks adapter: Connection(session-id=01f1a146-502c-16e3-8d2d-e4102c81c267) - Created
[0m14:05:06.985026 [debug] [ThreadPool]: SQL status: OK in 30.870 seconds
[0m14:05:07.044493 [debug] [ThreadPool]: Databricks adapter: Cursor(session-id=01f1a146-502c-16e3-8d2d-e4102c81c267, command-id=01f1a146-50a1-16a6-9025-102e592c4dfa) - Closing
[0m14:05:07.343893 [debug] [ThreadPool]: On list_workspace: Close
[0m14:05:07.344794 [debug] [ThreadPool]: Databricks adapter: Connection(session-id=01f1a146-502c-16e3-8d2d-e4102c81c267) - Closing
[0m14:05:07.552710 [debug] [ThreadPool]: Databricks adapter: DatabricksDBTConnection(session-id=None, name=list_workspace_raw_steam_staging) - Creating connection
[0m14:05:07.552710 [debug] [ThreadPool]: Acquiring new databricks connection 'list_workspace_raw_steam_staging'
[0m14:05:07.564882 [debug] [ThreadPool]: Using databricks connection "list_workspace_raw_steam_staging"
[0m14:05:07.565882 [debug] [ThreadPool]: On list_workspace_raw_steam_staging: /* {"app": "dbt", "dbt_version": "1.11.12", "dbt_databricks_version": "1.12.1", "databricks_sql_connector_version": "4.2.6", "profile_name": "databricks_free", "target_name": "dev", "invocation_id": "a6b6b648-c7a6-491a-975f-d47db7509f0d", "connection_name": "list_workspace_raw_steam_staging"} */

    
SELECT
  table_name,
  if(table_type IN ('EXTERNAL', 'MANAGED', 'MANAGED_SHALLOW_CLONE', 'EXTERNAL_SHALLOW_CLONE'), 'table', lower(table_type)) AS table_type,
  lower(data_source_format) AS file_format,
  table_owner,
  if(
    table_type IN (
      'EXTERNAL',
      'MANAGED',
      'MANAGED_SHALLOW_CLONE',
      'EXTERNAL_SHALLOW_CLONE'
    ),
    lower(table_type),
    NULL
  ) AS databricks_table_type
FROM `system`.`information_schema`.`tables`
WHERE table_catalog = 'workspace'
  AND table_schema = 'raw_steam_staging'

  
[0m14:05:07.565882 [debug] [ThreadPool]: Opening a new connection, currently in state init
[0m14:05:08.457196 [debug] [ThreadPool]: Databricks adapter: Connection(session-id=01f1a146-619a-1fc4-94ab-a6fa5a1f0026) - Created
[0m14:05:12.143308 [debug] [ThreadPool]: SQL status: OK in 4.580 seconds
[0m14:05:12.143308 [debug] [ThreadPool]: Databricks adapter: Cursor(session-id=01f1a146-619a-1fc4-94ab-a6fa5a1f0026, command-id=01f1a146-61cd-1932-88b8-69e945b4d548) - Closing
[0m14:05:12.143308 [debug] [ThreadPool]: On list_workspace_raw_steam_staging: Close
[0m14:05:12.143308 [debug] [ThreadPool]: Databricks adapter: Connection(session-id=01f1a146-619a-1fc4-94ab-a6fa5a1f0026) - Closing
[0m14:05:12.331335 [debug] [ThreadPool]: Databricks adapter: DatabricksDBTConnection(session-id=None, name=list_workspace_raw_steam_marts) - Creating connection
[0m14:05:12.346958 [debug] [ThreadPool]: Acquiring new databricks connection 'list_workspace_raw_steam_marts'
[0m14:05:12.346958 [debug] [ThreadPool]: Using databricks connection "list_workspace_raw_steam_marts"
[0m14:05:12.346958 [debug] [ThreadPool]: On list_workspace_raw_steam_marts: /* {"app": "dbt", "dbt_version": "1.11.12", "dbt_databricks_version": "1.12.1", "databricks_sql_connector_version": "4.2.6", "profile_name": "databricks_free", "target_name": "dev", "invocation_id": "a6b6b648-c7a6-491a-975f-d47db7509f0d", "connection_name": "list_workspace_raw_steam_marts"} */

    
SELECT
  table_name,
  if(table_type IN ('EXTERNAL', 'MANAGED', 'MANAGED_SHALLOW_CLONE', 'EXTERNAL_SHALLOW_CLONE'), 'table', lower(table_type)) AS table_type,
  lower(data_source_format) AS file_format,
  table_owner,
  if(
    table_type IN (
      'EXTERNAL',
      'MANAGED',
      'MANAGED_SHALLOW_CLONE',
      'EXTERNAL_SHALLOW_CLONE'
    ),
    lower(table_type),
    NULL
  ) AS databricks_table_type
FROM `system`.`information_schema`.`tables`
WHERE table_catalog = 'workspace'
  AND table_schema = 'raw_steam_marts'

  
[0m14:05:12.346958 [debug] [ThreadPool]: Opening a new connection, currently in state init
[0m14:05:13.400740 [debug] [ThreadPool]: Databricks adapter: Connection(session-id=01f1a146-6491-109f-bb5b-ca98e15e4530) - Created
[0m14:05:14.941249 [debug] [ThreadPool]: SQL status: OK in 2.590 seconds
[0m14:05:14.946250 [debug] [ThreadPool]: Databricks adapter: Cursor(session-id=01f1a146-6491-109f-bb5b-ca98e15e4530, command-id=01f1a146-64b9-16d2-9b4f-4de4fabe9b5c) - Closing
[0m14:05:14.947252 [debug] [ThreadPool]: On list_workspace_raw_steam_marts: Close
[0m14:05:14.948262 [debug] [ThreadPool]: Databricks adapter: Connection(session-id=01f1a146-6491-109f-bb5b-ca98e15e4530) - Closing
[0m14:05:15.146495 [debug] [MainThread]: Sending event: {'category': 'dbt', 'action': 'runnable_timing', 'label': 'a6b6b648-c7a6-491a-975f-d47db7509f0d', 'context': [<snowplow_tracker.self_describing_json.SelfDescribingJson object at 0x0000024EB72D7C50>]}
[0m14:05:15.174623 [debug] [Thread-4 (]: Began running node model.dbt_steam_api.stg_steam_apps
[0m14:05:15.177817 [info ] [Thread-4 (]: 1 of 1 START sql table model raw_steam_staging.stg_steam_apps .................. [RUN]
[0m14:05:15.179818 [debug] [Thread-4 (]: Databricks adapter: DatabricksDBTConnection(session-id=None, name=model.dbt_steam_api.stg_steam_apps) - Creating connection
[0m14:05:15.180816 [debug] [Thread-4 (]: Acquiring new databricks connection 'model.dbt_steam_api.stg_steam_apps'
[0m14:05:15.180816 [debug] [Thread-4 (]: Began compiling node model.dbt_steam_api.stg_steam_apps
[0m14:05:15.232573 [debug] [Thread-4 (]: Writing injected SQL for node "model.dbt_steam_api.stg_steam_apps"
[0m14:05:15.236568 [debug] [Thread-4 (]: Began executing node model.dbt_steam_api.stg_steam_apps
[0m14:05:15.392759 [debug] [Thread-4 (]: MATERIALIZING TABLE
[0m14:05:15.424006 [debug] [Thread-4 (]: Applying DROP to: `workspace`.`raw_steam_staging`.`stg_steam_apps`
[0m14:05:15.439631 [debug] [Thread-4 (]: Using databricks connection "model.dbt_steam_api.stg_steam_apps"
[0m14:05:15.439631 [debug] [Thread-4 (]: On model.dbt_steam_api.stg_steam_apps: /* {"app": "dbt", "dbt_version": "1.11.12", "dbt_databricks_version": "1.12.1", "databricks_sql_connector_version": "4.2.6", "profile_name": "databricks_free", "target_name": "dev", "invocation_id": "a6b6b648-c7a6-491a-975f-d47db7509f0d", "node_id": "model.dbt_steam_api.stg_steam_apps"} */
DROP VIEW IF EXISTS `workspace`.`raw_steam_staging`.`stg_steam_apps`
[0m14:05:15.439631 [debug] [Thread-4 (]: Opening a new connection, currently in state init
[0m14:05:16.346716 [debug] [Thread-4 (]: Databricks adapter: Connection(session-id=01f1a146-664f-15bd-a0f4-7c307011fad8) - Created
[0m14:05:19.445915 [debug] [Thread-4 (]: SQL status: OK in 4.010 seconds
[0m14:05:19.445915 [debug] [Thread-4 (]: Databricks adapter: Cursor(session-id=01f1a146-664f-15bd-a0f4-7c307011fad8, command-id=01f1a146-667b-1dca-b0b5-08abbe6eb4c5) - Closing
[0m14:05:19.523993 [debug] [Thread-4 (]: Using databricks connection "model.dbt_steam_api.stg_steam_apps"
[0m14:05:19.523993 [debug] [Thread-4 (]: On model.dbt_steam_api.stg_steam_apps: /* {"app": "dbt", "dbt_version": "1.11.12", "dbt_databricks_version": "1.12.1", "databricks_sql_connector_version": "4.2.6", "profile_name": "databricks_free", "target_name": "dev", "invocation_id": "a6b6b648-c7a6-491a-975f-d47db7509f0d", "node_id": "model.dbt_steam_api.stg_steam_apps"} */
SELECT
    table_catalog,
    table_schema,
    table_name,
    filter_name,
    target_columns
  FROM `workspace`.`information_schema`.`row_filters`
  WHERE table_catalog = 'workspace'
    AND table_schema = 'raw_steam_staging'
    AND table_name = 'stg_steam_apps'
[0m14:05:20.397886 [debug] [Thread-4 (]: SQL status: OK in 0.870 seconds
[0m14:05:20.412987 [debug] [Thread-4 (]: Databricks adapter: Cursor(session-id=01f1a146-664f-15bd-a0f4-7c307011fad8, command-id=01f1a146-6861-1a6e-aaf2-950b448a8685) - Closing
[0m14:05:20.480795 [debug] [Thread-4 (]: Writing runtime sql for node "model.dbt_steam_api.stg_steam_apps"
[0m14:05:20.482794 [debug] [Thread-4 (]: Using databricks connection "model.dbt_steam_api.stg_steam_apps"
[0m14:05:20.483811 [debug] [Thread-4 (]: On model.dbt_steam_api.stg_steam_apps: /* {"app": "dbt", "dbt_version": "1.11.12", "dbt_databricks_version": "1.12.1", "databricks_sql_connector_version": "4.2.6", "profile_name": "databricks_free", "target_name": "dev", "invocation_id": "a6b6b648-c7a6-491a-975f-d47db7509f0d", "node_id": "model.dbt_steam_api.stg_steam_apps"} */

  
    
        create or replace table `workspace`.`raw_steam_staging`.`stg_steam_apps`
      
      
    using delta
  
      
      
      
      
      
      
      
      
      as
      WITH parsed AS (
    SELECT
        appid,
        TRIM(name) AS game_name,
        TRIM(developer) AS developer,
        TRIM(publisher) AS publisher,
        score_rank,
        owners,
        average_forever AS avg_playtime_minutes,
        average_2weeks AS avg_playtime_2weeks,
        median_forever AS median_playtime_minutes,
        median_2weeks AS median_playtime_2weeks,
        ccu AS peak_concurrent_users,
        price,
        initialprice AS original_price,
        discount,
        tags,
        languages,
        genre,
        
        -- Fix: Clean owners string before parsing
        -- Remove commas and extract numbers
        REGEXP_EXTRACT(owners, '([0-9,]+)', 1) AS owners_min_str,
        REGEXP_EXTRACT(owners, '\\.\\. ([0-9,]+)', 1) AS owners_max_str,
        
        -- Fix: Remove commas and cast to BIGINT
        CAST(REPLACE(REGEXP_EXTRACT(owners, '([0-9,]+)', 1), ',', '') AS BIGINT) AS owners_min,
        CAST(REPLACE(REGEXP_EXTRACT(owners, '\\.\\. ([0-9,]+)', 1), ',', '') AS BIGINT) AS owners_max,
        
        -- Calculate estimated owners (midpoint of range)
        ROUND((
            CAST(REPLACE(REGEXP_EXTRACT(owners, '([0-9,]+)', 1), ',', '') AS BIGINT) + 
            CAST(REPLACE(REGEXP_EXTRACT(owners, '\\.\\. ([0-9,]+)', 1), ',', '') AS BIGINT)
        ) / 2, 0) AS estimated_owners,
        
        -- Price categories
        CASE 
            WHEN price = 0 THEN 'Free'
            WHEN price <= 10 THEN 'Budget ($0-10)'
            WHEN price > 10 AND price <= 30 THEN 'Mid-tier ($10-30)'
            WHEN price > 30 AND price <= 60 THEN 'Premium ($30-60)'
            ELSE 'Ultra-Tier ($60+)'
        END AS price_tier,
        
        -- Engagement categories
        CASE
            WHEN average_forever < 60 THEN 'Casual (<1h)'
            WHEN average_forever < 600 THEN 'Moderate (1-10h)'
            WHEN average_forever < 3000 THEN 'Engaged (10-50h)'
            ELSE 'Hardcore (50h+)'
        END AS engagement_tier,
        
        -- Discount flag
        CASE WHEN discount > 0 THEN TRUE ELSE FALSE END AS is_discounted,
        
        -- Parse tags into array for analysis
        SPLIT(tags, ',') AS tag_list,
        
        -- Parse languages
        SPLIT(languages, ',') AS language_list,
        
        -- Parse genres
        SPLIT(genre, ',') AS genre_list,
        
        -- Success indicators
        CASE 
            WHEN ROUND((
                CAST(REPLACE(REGEXP_EXTRACT(owners, '([0-9,]+)', 1), ',', '') AS BIGINT) + 
                CAST(REPLACE(REGEXP_EXTRACT(owners, '\\.\\. ([0-9,]+)', 1), ',', '') AS BIGINT)
            ) / 2, 0) > 1000000 AND average_forever > 600 THEN 'Hit'
            WHEN ROUND((
                CAST(REPLACE(REGEXP_EXTRACT(owners, '([0-9,]+)', 1), ',', '') AS BIGINT) + 
                CAST(REPLACE(REGEXP_EXTRACT(owners, '\\.\\. ([0-9,]+)', 1), ',', '') AS BIGINT)
            ) / 2, 0) > 100000 THEN 'Successful'
            WHEN ROUND((
                CAST(REPLACE(REGEXP_EXTRACT(owners, '([0-9,]+)', 1), ',', '') AS BIGINT) + 
                CAST(REPLACE(REGEXP_EXTRACT(owners, '\\.\\. ([0-9,]+)', 1), ',', '') AS BIGINT)
            ) / 2, 0) > 10000 THEN 'Moderate'
            ELSE 'Niche'
        END AS success_category

    FROM `workspace`.`raw_steam`.`raw_apps`
    WHERE name IS NOT NULL AND name != ''
)

SELECT * FROM parsed
  
[0m14:05:32.693621 [debug] [Thread-4 (]: SQL status: OK in 12.210 seconds
[0m14:05:32.709185 [debug] [Thread-4 (]: Databricks adapter: Cursor(session-id=01f1a146-664f-15bd-a0f4-7c307011fad8, command-id=01f1a146-68f1-13d7-a9ba-66618de1cf6a) - Closing
[0m14:05:32.944011 [debug] [Thread-4 (]: Applying tags to relation None
[0m14:05:32.975259 [debug] [Thread-4 (]: On model.dbt_steam_api.stg_steam_apps: Close
[0m14:05:32.975259 [debug] [Thread-4 (]: Databricks adapter: Connection(session-id=01f1a146-664f-15bd-a0f4-7c307011fad8) - Closing
[0m14:05:33.179057 [debug] [Thread-4 (]: Sending event: {'category': 'dbt', 'action': 'run_model', 'label': 'a6b6b648-c7a6-491a-975f-d47db7509f0d', 'context': [<snowplow_tracker.self_describing_json.SelfDescribingJson object at 0x0000024EBA236570>]}
[0m14:05:33.179057 [info ] [Thread-4 (]: 1 of 1 OK created sql table model raw_steam_staging.stg_steam_apps ............. [[32mOK[0m in 17.98s]
[0m14:05:33.179057 [debug] [Thread-4 (]: Finished running node model.dbt_steam_api.stg_steam_apps
[0m14:05:33.179057 [debug] [MainThread]: Databricks adapter: DatabricksDBTConnection(session-id=None, name=master) - Creating connection
[0m14:05:33.179057 [debug] [MainThread]: Acquiring new databricks connection 'master'
[0m14:05:33.179057 [info ] [MainThread]: 
[0m14:05:33.194612 [info ] [MainThread]: Finished running 1 table model in 0 hours 0 minutes and 57.13 seconds (57.13s).
[0m14:05:33.198279 [debug] [MainThread]: Command end result
[0m14:05:33.303478 [debug] [MainThread]: Wrote artifact WritableManifest to C:\Users\KaelThas\Documents\steam_analytics_api\dbt_steam_api\target\manifest.json
[0m14:05:33.319122 [debug] [MainThread]: Wrote artifact SemanticManifest to C:\Users\KaelThas\Documents\steam_analytics_api\dbt_steam_api\target\semantic_manifest.json
[0m14:05:33.319122 [debug] [MainThread]: Wrote artifact RunExecutionResult to C:\Users\KaelThas\Documents\steam_analytics_api\dbt_steam_api\target\run_results.json
[0m14:05:33.319122 [info ] [MainThread]: 
[0m14:05:33.319122 [info ] [MainThread]: [32mCompleted successfully[0m
[0m14:05:33.334729 [info ] [MainThread]: 
[0m14:05:33.334729 [info ] [MainThread]: Done. PASS=1 WARN=0 ERROR=0 SKIP=0 NO-OP=0 TOTAL=1
[0m14:05:33.343806 [debug] [MainThread]: Command `dbt run` succeeded at 14:05:33.342807 after 66.38 seconds
[0m14:05:33.344822 [debug] [MainThread]: Sending event: {'category': 'dbt', 'action': 'invocation', 'label': 'end', 'context': [<snowplow_tracker.self_describing_json.SelfDescribingJson object at 0x0000024EBB96F050>, <snowplow_tracker.self_describing_json.SelfDescribingJson object at 0x0000024EBAF4D550>, <snowplow_tracker.self_describing_json.SelfDescribingJson object at 0x0000024EBAF4F6E0>]}
[0m14:05:33.345803 [debug] [MainThread]: Flushing usage events
[0m14:05:34.274909 [debug] [MainThread]: An error was encountered while trying to flush usage events
[0m14:30:24.001898 [debug] [MainThread]: Sending event: {'category': 'dbt', 'action': 'invocation', 'label': 'start', 'context': [<snowplow_tracker.self_describing_json.SelfDescribingJson object at 0x000001F4443C7C50>, <snowplow_tracker.self_describing_json.SelfDescribingJson object at 0x000001F43EDEC170>, <snowplow_tracker.self_describing_json.SelfDescribingJson object at 0x000001F442A30B30>]}


============================== 14:30:24.017504 | 77a7215e-0fe4-4a77-b535-4bd0dea7b51a ==============================
[0m14:30:24.017504 [info ] [MainThread]: Running with dbt=1.11.12
[0m14:30:24.017504 [debug] [MainThread]: running dbt with arguments {'static_parser': 'True', 'no_print': 'None', 'version_check': 'True', 'target_path': 'None', 'warn_error_options': 'WarnErrorOptionsV2(error=[], warn=[], silence=[])', 'printer_width': '80', 'write_json': 'True', 'introspect': 'True', 'log_cache_events': 'False', 'empty': 'False', 'cache_selected_only': 'False', 'log_format': 'default', 'debug': 'False', 'fail_fast': 'False', 'profiles_dir': 'C:\\Users\\KaelThas\\.dbt', 'send_anonymous_usage_stats': 'True', 'quiet': 'False', 'warn_error': 'None', 'partial_parse': 'True', 'use_colors': 'True', 'invocation_command': 'dbt run --full-refresh', 'indirect_selection': 'eager', 'use_experimental_parser': 'False', 'log_path': 'C:\\Users\\KaelThas\\Documents\\steam_analytics_api\\dbt_steam_api\\logs'}
[0m14:30:26.479660 [debug] [MainThread]: Spark adapter: Setting pyhive.hive logging to ERROR
[0m14:30:26.479660 [debug] [MainThread]: Spark adapter: Setting thrift.transport logging to ERROR
[0m14:30:26.479660 [debug] [MainThread]: Spark adapter: Setting thrift.protocol logging to ERROR
[0m14:30:28.704384 [debug] [MainThread]: Sending event: {'category': 'dbt', 'action': 'project_id', 'label': '77a7215e-0fe4-4a77-b535-4bd0dea7b51a', 'context': [<snowplow_tracker.self_describing_json.SelfDescribingJson object at 0x000001F44FA01760>]}
[0m14:30:28.829382 [debug] [MainThread]: Sending event: {'category': 'dbt', 'action': 'adapter_info', 'label': '77a7215e-0fe4-4a77-b535-4bd0dea7b51a', 'context': [<snowplow_tracker.self_describing_json.SelfDescribingJson object at 0x000001F44DB87CE0>]}
[0m14:30:28.829382 [info ] [MainThread]: Registered adapter: databricks=1.12.5
[0m14:30:31.355310 [debug] [MainThread]: checksum: f368f5348cf42803b94ef7fb8257ecf3bf9a9a16dd9c8c51fe5172f2dbeb457f, vars: {}, profile: , target: , version: 1.11.12
[0m14:30:31.810261 [debug] [MainThread]: Partial parsing enabled: 0 files deleted, 0 files added, 19 files changed.
[0m14:30:31.810261 [debug] [MainThread]: Partial parsing: updated file: dbt_steam_api://models\staging\stg_steam_apps.sql
[0m14:30:31.810261 [debug] [MainThread]: Partial parsing: updated file: dbt_databricks://macros\relations\replace.sql
[0m14:30:31.810261 [debug] [MainThread]: Partial parsing: updated file: dbt_databricks://macros\relations\components\comment.sql
[0m14:30:31.810261 [debug] [MainThread]: Partial parsing: updated file: dbt_databricks://macros\relations\optimize.sql
[0m14:30:31.825887 [debug] [MainThread]: Partial parsing: updated file: dbt_databricks://macros\materializations\clone\clone.sql
[0m14:30:31.825887 [debug] [MainThread]: Partial parsing: updated file: dbt_databricks://macros\relations\liquid_clustering.sql
[0m14:30:31.825887 [debug] [MainThread]: Partial parsing: updated file: dbt_databricks://macros\materializations\metric_view.sql
[0m14:30:31.825887 [debug] [MainThread]: Partial parsing: updated file: dbt_databricks://macros\adapters\python.sql
[0m14:30:31.825887 [debug] [MainThread]: Partial parsing: updated file: dbt_databricks://macros\relations\components\column_tags.sql
[0m14:30:31.825887 [debug] [MainThread]: Partial parsing: updated file: dbt_databricks://macros\get_custom_name\get_custom_database.sql
[0m14:30:31.825887 [debug] [MainThread]: Partial parsing: updated file: dbt_databricks://macros\materializations\view.sql
[0m14:30:31.825887 [debug] [MainThread]: Partial parsing: updated file: dbt_databricks://macros\materializations\incremental\incremental.sql
[0m14:30:31.825887 [debug] [MainThread]: Partial parsing: updated file: dbt_databricks://macros\adapters\columns.sql
[0m14:30:31.825887 [debug] [MainThread]: Partial parsing: updated file: dbt_databricks://macros\materializations\table.sql
[0m14:30:31.825887 [debug] [MainThread]: Partial parsing: updated file: dbt_databricks://macros\materializations\incremental\strategies.sql
[0m14:30:31.825887 [debug] [MainThread]: Partial parsing: updated file: dbt_databricks://macros\relations\table\alter.sql
[0m14:30:31.825887 [debug] [MainThread]: Partial parsing: updated file: dbt_databricks://macros\relations\constraints.sql
[0m14:30:31.825887 [debug] [MainThread]: Partial parsing: updated file: dbt_databricks://macros\materializations\clone\strategies.sql
[0m14:30:31.825887 [debug] [MainThread]: Partial parsing: updated file: dbt_databricks://macros\relations\view\alter.sql
[0m14:30:34.178701 [debug] [MainThread]: Sending event: {'category': 'dbt', 'action': 'load_project', 'label': '77a7215e-0fe4-4a77-b535-4bd0dea7b51a', 'context': [<snowplow_tracker.self_describing_json.SelfDescribingJson object at 0x000001F450BFC8C0>]}
[0m14:30:34.413077 [debug] [MainThread]: Wrote artifact WritableManifest to C:\Users\KaelThas\Documents\steam_analytics_api\dbt_steam_api\target\manifest.json
[0m14:30:34.428686 [debug] [MainThread]: Wrote artifact SemanticManifest to C:\Users\KaelThas\Documents\steam_analytics_api\dbt_steam_api\target\semantic_manifest.json
[0m14:30:34.522428 [debug] [MainThread]: Sending event: {'category': 'dbt', 'action': 'resource_counts', 'label': '77a7215e-0fe4-4a77-b535-4bd0dea7b51a', 'context': [<snowplow_tracker.self_describing_json.SelfDescribingJson object at 0x000001F450BED0A0>]}
[0m14:30:34.522428 [info ] [MainThread]: Found 7 models, 4 data tests, 1 source, 773 macros
[0m14:30:34.522428 [debug] [MainThread]: Sending event: {'category': 'dbt', 'action': 'runnable_timing', 'label': '77a7215e-0fe4-4a77-b535-4bd0dea7b51a', 'context': [<snowplow_tracker.self_describing_json.SelfDescribingJson object at 0x000001F4503581D0>]}
[0m14:30:34.538052 [info ] [MainThread]: 
[0m14:30:34.538052 [info ] [MainThread]: Concurrency: 1 threads (target='dev')
[0m14:30:34.543042 [info ] [MainThread]: 
[0m14:30:34.546069 [debug] [MainThread]: Databricks adapter: DatabricksDBTConnection(session-id=None, name=master) - Creating connection
[0m14:30:34.547306 [debug] [MainThread]: Acquiring new databricks connection 'master'
[0m14:30:34.564309 [debug] [ThreadPool]: Databricks adapter: DatabricksDBTConnection(session-id=None, name=list_workspace) - Creating connection
[0m14:30:34.564309 [debug] [ThreadPool]: Acquiring new databricks connection 'list_workspace'
[0m14:30:34.580859 [debug] [ThreadPool]: Using databricks connection "list_workspace"
[0m14:30:34.596905 [debug] [ThreadPool]: On list_workspace: /* {"app": "dbt", "dbt_version": "1.11.12", "dbt_databricks_version": "1.12.5", "databricks_sql_connector_version": "4.2.6", "profile_name": "databricks_free", "target_name": "dev", "invocation_id": "77a7215e-0fe4-4a77-b535-4bd0dea7b51a", "connection_name": "list_workspace"} */

    

  SHOW SCHEMAS IN `workspace`


  
[0m14:30:34.596905 [debug] [ThreadPool]: Opening a new connection, currently in state init
[0m14:30:38.206784 [debug] [ThreadPool]: Databricks adapter: Connection(session-id=01f1ac4a-4287-1726-a3bd-a4148442ca20) - Created
[0m14:30:46.845602 [debug] [ThreadPool]: SQL status: OK in 12.250 seconds
[0m14:30:46.893541 [debug] [ThreadPool]: Databricks adapter: Cursor(session-id=01f1ac4a-4287-1726-a3bd-a4148442ca20, command-id=01f1ac4a-4314-1776-9084-aaa8e9ef052e) - Closing
[0m14:30:47.112599 [debug] [ThreadPool]: On list_workspace: Close
[0m14:30:47.112599 [debug] [ThreadPool]: Databricks adapter: Connection(session-id=01f1ac4a-4287-1726-a3bd-a4148442ca20) - Closing
[0m14:30:47.300087 [debug] [ThreadPool]: Databricks adapter: DatabricksDBTConnection(session-id=None, name=list_workspace) - Creating connection
[0m14:30:47.300087 [debug] [ThreadPool]: Acquiring new databricks connection 'list_workspace'
[0m14:30:47.315641 [debug] [ThreadPool]: Using databricks connection "list_workspace"
[0m14:30:47.331264 [debug] [ThreadPool]: On list_workspace: /* {"app": "dbt", "dbt_version": "1.11.12", "dbt_databricks_version": "1.12.5", "databricks_sql_connector_version": "4.2.6", "profile_name": "databricks_free", "target_name": "dev", "invocation_id": "77a7215e-0fe4-4a77-b535-4bd0dea7b51a", "connection_name": "list_workspace"} */

    

  SHOW SCHEMAS IN `workspace`


  
[0m14:30:47.331264 [debug] [ThreadPool]: Opening a new connection, currently in state init
[0m14:30:48.226342 [debug] [ThreadPool]: Databricks adapter: Connection(session-id=01f1ac4a-48e1-1bf8-837b-7741e0d39afe) - Created
[0m14:30:49.073085 [debug] [ThreadPool]: SQL status: OK in 1.740 seconds
[0m14:30:49.073085 [debug] [ThreadPool]: Databricks adapter: Cursor(session-id=01f1ac4a-48e1-1bf8-837b-7741e0d39afe, command-id=01f1ac4a-490c-1496-9707-78a22a346def) - Closing
[0m14:30:49.073085 [debug] [ThreadPool]: On list_workspace: Close
[0m14:30:49.073085 [debug] [ThreadPool]: Databricks adapter: Connection(session-id=01f1ac4a-48e1-1bf8-837b-7741e0d39afe) - Closing
[0m14:30:49.260575 [debug] [ThreadPool]: Databricks adapter: DatabricksDBTConnection(session-id=None, name=list_workspace_raw_steam_staging) - Creating connection
[0m14:30:49.260575 [debug] [ThreadPool]: Acquiring new databricks connection 'list_workspace_raw_steam_staging'
[0m14:30:49.291857 [debug] [ThreadPool]: Using databricks connection "list_workspace_raw_steam_staging"
[0m14:30:49.307484 [debug] [ThreadPool]: On list_workspace_raw_steam_staging: /* {"app": "dbt", "dbt_version": "1.11.12", "dbt_databricks_version": "1.12.5", "databricks_sql_connector_version": "4.2.6", "profile_name": "databricks_free", "target_name": "dev", "invocation_id": "77a7215e-0fe4-4a77-b535-4bd0dea7b51a", "connection_name": "list_workspace_raw_steam_staging"} */

    
SELECT
  table_name,
  if(table_type IN ('EXTERNAL', 'MANAGED', 'MANAGED_SHALLOW_CLONE', 'EXTERNAL_SHALLOW_CLONE'), 'table', lower(table_type)) AS table_type,
  lower(data_source_format) AS file_format,
  table_owner,
  if(
    table_type IN (
      'EXTERNAL',
      'MANAGED',
      'MANAGED_SHALLOW_CLONE',
      'EXTERNAL_SHALLOW_CLONE'
    ),
    lower(table_type),
    NULL
  ) AS databricks_table_type
FROM `system`.`information_schema`.`tables`
WHERE table_catalog = 'workspace'
  AND table_schema = 'raw_steam_staging'

  
[0m14:30:49.307484 [debug] [ThreadPool]: Opening a new connection, currently in state init
[0m14:30:50.170873 [debug] [ThreadPool]: Databricks adapter: Connection(session-id=01f1ac4a-4a0c-147f-93bb-aa4e1e4c16f3) - Created
[0m14:30:52.506057 [debug] [ThreadPool]: SQL status: OK in 3.200 seconds
[0m14:30:52.506057 [debug] [ThreadPool]: Databricks adapter: Cursor(session-id=01f1ac4a-4a0c-147f-93bb-aa4e1e4c16f3, command-id=01f1ac4a-4a34-1f46-99bb-4de046598212) - Closing
[0m14:30:52.506057 [debug] [ThreadPool]: On list_workspace_raw_steam_staging: Close
[0m14:30:52.506057 [debug] [ThreadPool]: Databricks adapter: Connection(session-id=01f1ac4a-4a0c-147f-93bb-aa4e1e4c16f3) - Closing
[0m14:30:52.715315 [debug] [ThreadPool]: Databricks adapter: DatabricksDBTConnection(session-id=None, name=list_workspace_raw_steam_marts) - Creating connection
[0m14:30:52.715315 [debug] [ThreadPool]: Acquiring new databricks connection 'list_workspace_raw_steam_marts'
[0m14:30:52.723335 [debug] [ThreadPool]: Using databricks connection "list_workspace_raw_steam_marts"
[0m14:30:52.724334 [debug] [ThreadPool]: On list_workspace_raw_steam_marts: /* {"app": "dbt", "dbt_version": "1.11.12", "dbt_databricks_version": "1.12.5", "databricks_sql_connector_version": "4.2.6", "profile_name": "databricks_free", "target_name": "dev", "invocation_id": "77a7215e-0fe4-4a77-b535-4bd0dea7b51a", "connection_name": "list_workspace_raw_steam_marts"} */

    
SELECT
  table_name,
  if(table_type IN ('EXTERNAL', 'MANAGED', 'MANAGED_SHALLOW_CLONE', 'EXTERNAL_SHALLOW_CLONE'), 'table', lower(table_type)) AS table_type,
  lower(data_source_format) AS file_format,
  table_owner,
  if(
    table_type IN (
      'EXTERNAL',
      'MANAGED',
      'MANAGED_SHALLOW_CLONE',
      'EXTERNAL_SHALLOW_CLONE'
    ),
    lower(table_type),
    NULL
  ) AS databricks_table_type
FROM `system`.`information_schema`.`tables`
WHERE table_catalog = 'workspace'
  AND table_schema = 'raw_steam_marts'

  
[0m14:30:52.724334 [debug] [ThreadPool]: Opening a new connection, currently in state init
[0m14:30:53.619289 [debug] [ThreadPool]: Databricks adapter: Connection(session-id=01f1ac4a-4c1a-1438-b93e-80b28922f588) - Created
[0m14:30:54.340767 [debug] [ThreadPool]: SQL status: OK in 1.620 seconds
[0m14:30:54.340767 [debug] [ThreadPool]: Databricks adapter: Cursor(session-id=01f1ac4a-4c1a-1438-b93e-80b28922f588, command-id=01f1ac4a-4c44-1a37-aab7-dbd09f330975) - Closing
[0m14:30:54.340767 [debug] [ThreadPool]: On list_workspace_raw_steam_marts: Close
[0m14:30:54.340767 [debug] [ThreadPool]: Databricks adapter: Connection(session-id=01f1ac4a-4c1a-1438-b93e-80b28922f588) - Closing
[0m14:30:54.528248 [debug] [MainThread]: Sending event: {'category': 'dbt', 'action': 'runnable_timing', 'label': '77a7215e-0fe4-4a77-b535-4bd0dea7b51a', 'context': [<snowplow_tracker.self_describing_json.SelfDescribingJson object at 0x000001F446F67B30>]}
[0m14:30:54.590754 [debug] [Thread-5 (]: Began running node model.dbt_steam_api.stg_steam_apps
[0m14:30:54.590754 [info ] [Thread-5 (]: 1 of 7 START sql incremental model raw_steam_staging.stg_steam_apps ............ [RUN]
[0m14:30:54.590754 [debug] [Thread-5 (]: Databricks adapter: DatabricksDBTConnection(session-id=None, name=model.dbt_steam_api.stg_steam_apps) - Creating connection
[0m14:30:54.590754 [debug] [Thread-5 (]: Acquiring new databricks connection 'model.dbt_steam_api.stg_steam_apps'
[0m14:30:54.590754 [debug] [Thread-5 (]: Began compiling node model.dbt_steam_api.stg_steam_apps
[0m14:30:54.643200 [debug] [Thread-5 (]: Writing injected SQL for node "model.dbt_steam_api.stg_steam_apps"
[0m14:30:54.643200 [debug] [Thread-5 (]: Began executing node model.dbt_steam_api.stg_steam_apps
[0m14:30:54.749592 [debug] [Thread-5 (]: MATERIALIZING INCREMENTAL
[0m14:30:54.858641 [debug] [Thread-5 (]: Using databricks connection "model.dbt_steam_api.stg_steam_apps"
[0m14:30:54.858641 [debug] [Thread-5 (]: On model.dbt_steam_api.stg_steam_apps: /* {"app": "dbt", "dbt_version": "1.11.12", "dbt_databricks_version": "1.12.5", "databricks_sql_connector_version": "4.2.6", "profile_name": "databricks_free", "target_name": "dev", "invocation_id": "77a7215e-0fe4-4a77-b535-4bd0dea7b51a", "node_id": "model.dbt_steam_api.stg_steam_apps"} */
SELECT
    table_catalog,
    table_schema,
    table_name,
    filter_name,
    target_columns
  FROM `workspace`.`information_schema`.`row_filters`
  WHERE table_catalog = 'workspace'
    AND table_schema = 'raw_steam_staging'
    AND table_name = 'stg_steam_apps'
[0m14:30:54.874261 [debug] [Thread-5 (]: Opening a new connection, currently in state init
[0m14:30:55.743163 [debug] [Thread-5 (]: Databricks adapter: Connection(session-id=01f1ac4a-4d5a-1c3a-bcd5-5b8078d3a9fd) - Created
[0m14:30:56.457655 [debug] [Thread-5 (]: SQL status: OK in 1.580 seconds
[0m14:30:56.473244 [debug] [Thread-5 (]: Databricks adapter: Cursor(session-id=01f1ac4a-4d5a-1c3a-bcd5-5b8078d3a9fd, command-id=01f1ac4a-4d87-15b2-ae38-2ae302f80131) - Closing
[0m14:30:56.520080 [debug] [Thread-5 (]: Writing runtime sql for node "model.dbt_steam_api.stg_steam_apps"
[0m14:30:56.520080 [debug] [Thread-5 (]: Using databricks connection "model.dbt_steam_api.stg_steam_apps"
[0m14:30:56.535718 [debug] [Thread-5 (]: On model.dbt_steam_api.stg_steam_apps: /* {"app": "dbt", "dbt_version": "1.11.12", "dbt_databricks_version": "1.12.5", "databricks_sql_connector_version": "4.2.6", "profile_name": "databricks_free", "target_name": "dev", "invocation_id": "77a7215e-0fe4-4a77-b535-4bd0dea7b51a", "node_id": "model.dbt_steam_api.stg_steam_apps"} */

  
    
        create or replace table `workspace`.`raw_steam_staging`.`stg_steam_apps`
      
      
    using delta
  
      
      
      
      
      
      
      
      
      as
      WITH parsed AS (
    SELECT
        appid,
        TRIM(name) AS game_name,
        TRIM(developer) AS developer,
        TRIM(publisher) AS publisher,
        score_rank,
        owners,
        average_forever AS avg_playtime_minutes,
        average_2weeks AS avg_playtime_2weeks,
        median_forever AS median_playtime_minutes,
        median_2weeks AS median_playtime_2weeks,
        ccu AS peak_concurrent_users,
        price,
        initialprice AS original_price,
        discount,
        tags,
        languages,
        genre,
        
        -- Fix: Clean owners string before parsing
        -- Remove commas and extract numbers
        REGEXP_EXTRACT(owners, '([0-9,]+)', 1) AS owners_min_str,
        REGEXP_EXTRACT(owners, '\\.\\. ([0-9,]+)', 1) AS owners_max_str,
        
        -- Fix: Remove commas and cast to BIGINT
        CAST(REPLACE(REGEXP_EXTRACT(owners, '([0-9,]+)', 1), ',', '') AS BIGINT) AS owners_min,
        CAST(REPLACE(REGEXP_EXTRACT(owners, '\\.\\. ([0-9,]+)', 1), ',', '') AS BIGINT) AS owners_max,
        
        -- Calculate estimated owners (midpoint of range)
        ROUND((
            CAST(REPLACE(REGEXP_EXTRACT(owners, '([0-9,]+)', 1), ',', '') AS BIGINT) + 
            CAST(REPLACE(REGEXP_EXTRACT(owners, '\\.\\. ([0-9,]+)', 1), ',', '') AS BIGINT)
        ) / 2, 0) AS estimated_owners,
        
        -- Price categories
        CASE 
            WHEN price = 0 THEN 'Free'
            WHEN price <= 10 THEN 'Budget ($0-10)'
            WHEN price > 10 AND price <= 30 THEN 'Mid-tier ($10-30)'
            WHEN price > 30 AND price <= 60 THEN 'Premium ($30-60)'
            ELSE 'Ultra-Tier ($60+)'
        END AS price_tier,
        
        -- Engagement categories
        CASE
            WHEN average_forever < 60 THEN 'Casual (<1h)'
            WHEN average_forever < 600 THEN 'Moderate (1-10h)'
            WHEN average_forever < 3000 THEN 'Engaged (10-50h)'
            ELSE 'Hardcore (50h+)'
        END AS engagement_tier,
        
        -- Discount flag
        CASE WHEN discount > 0 THEN TRUE ELSE FALSE END AS is_discounted,
        
        -- Parse tags into array for analysis
        SPLIT(tags, ',') AS tag_list,
        
        -- Parse languages
        SPLIT(languages, ',') AS language_list,
        
        -- Parse genres
        SPLIT(genre, ',') AS genre_list,
        
        -- Success indicators
        CASE 
            WHEN ROUND((
                CAST(REPLACE(REGEXP_EXTRACT(owners, '([0-9,]+)', 1), ',', '') AS BIGINT) + 
                CAST(REPLACE(REGEXP_EXTRACT(owners, '\\.\\. ([0-9,]+)', 1), ',', '') AS BIGINT)
            ) / 2, 0) > 1000000 AND average_forever > 600 THEN 'Hit'
            WHEN ROUND((
                CAST(REPLACE(REGEXP_EXTRACT(owners, '([0-9,]+)', 1), ',', '') AS BIGINT) + 
                CAST(REPLACE(REGEXP_EXTRACT(owners, '\\.\\. ([0-9,]+)', 1), ',', '') AS BIGINT)
            ) / 2, 0) > 100000 THEN 'Successful'
            WHEN ROUND((
                CAST(REPLACE(REGEXP_EXTRACT(owners, '([0-9,]+)', 1), ',', '') AS BIGINT) + 
                CAST(REPLACE(REGEXP_EXTRACT(owners, '\\.\\. ([0-9,]+)', 1), ',', '') AS BIGINT)
            ) / 2, 0) > 10000 THEN 'Moderate'
            ELSE 'Niche'
        END AS success_category

    FROM `workspace`.`raw_steam`.`raw_apps`
    WHERE name IS NOT NULL AND name != ''
)

SELECT * FROM parsed
  
[0m14:31:08.984256 [debug] [Thread-5 (]: SQL status: OK in 12.450 seconds
[0m14:31:08.984256 [debug] [Thread-5 (]: Databricks adapter: Cursor(session-id=01f1ac4a-4d5a-1c3a-bcd5-5b8078d3a9fd, command-id=01f1ac4a-4dff-197b-9086-48caa508121a) - Closing
[0m14:31:09.220501 [debug] [Thread-5 (]: Applying tags to relation None
[0m14:31:09.283001 [debug] [Thread-5 (]: On model.dbt_steam_api.stg_steam_apps: Close
[0m14:31:09.283001 [debug] [Thread-5 (]: Databricks adapter: Connection(session-id=01f1ac4a-4d5a-1c3a-bcd5-5b8078d3a9fd) - Closing
[0m14:31:09.470475 [debug] [Thread-5 (]: Sending event: {'category': 'dbt', 'action': 'run_model', 'label': '77a7215e-0fe4-4a77-b535-4bd0dea7b51a', 'context': [<snowplow_tracker.self_describing_json.SelfDescribingJson object at 0x000001F443036630>]}
[0m14:31:09.486135 [info ] [Thread-5 (]: 1 of 7 OK created sql incremental model raw_steam_staging.stg_steam_apps ....... [[32mOK[0m in 14.86s]
[0m14:31:09.486135 [debug] [Thread-5 (]: Finished running node model.dbt_steam_api.stg_steam_apps
[0m14:31:09.486135 [debug] [Thread-5 (]: Began running node model.dbt_steam_api.bridge_game_genres
[0m14:31:09.486135 [info ] [Thread-5 (]: 2 of 7 START sql table model raw_steam_staging.bridge_game_genres .............. [RUN]
[0m14:31:09.501724 [debug] [Thread-5 (]: Databricks adapter: DatabricksDBTConnection(session-id=None, name=model.dbt_steam_api.bridge_game_genres) - Creating connection
[0m14:31:09.509228 [debug] [Thread-5 (]: Acquiring new databricks connection 'model.dbt_steam_api.bridge_game_genres'
[0m14:31:09.512228 [debug] [Thread-5 (]: Began compiling node model.dbt_steam_api.bridge_game_genres
[0m14:31:09.523241 [debug] [Thread-5 (]: Writing injected SQL for node "model.dbt_steam_api.bridge_game_genres"
[0m14:31:09.525270 [debug] [Thread-5 (]: Began executing node model.dbt_steam_api.bridge_game_genres
[0m14:31:09.574670 [debug] [Thread-5 (]: MATERIALIZING TABLE
[0m14:31:09.574670 [debug] [Thread-5 (]: Using databricks connection "model.dbt_steam_api.bridge_game_genres"
[0m14:31:09.591357 [debug] [Thread-5 (]: On model.dbt_steam_api.bridge_game_genres: /* {"app": "dbt", "dbt_version": "1.11.12", "dbt_databricks_version": "1.12.5", "databricks_sql_connector_version": "4.2.6", "profile_name": "databricks_free", "target_name": "dev", "invocation_id": "77a7215e-0fe4-4a77-b535-4bd0dea7b51a", "node_id": "model.dbt_steam_api.bridge_game_genres"} */
SELECT
    table_catalog,
    table_schema,
    table_name,
    filter_name,
    target_columns
  FROM `workspace`.`information_schema`.`row_filters`
  WHERE table_catalog = 'workspace'
    AND table_schema = 'raw_steam_staging'
    AND table_name = 'bridge_game_genres'
[0m14:31:09.591357 [debug] [Thread-5 (]: Opening a new connection, currently in state init
[0m14:31:10.491219 [debug] [Thread-5 (]: Databricks adapter: Connection(session-id=01f1ac4a-5625-1a80-b18d-f577c6dc93e8) - Created
[0m14:31:11.047129 [debug] [Thread-5 (]: SQL status: OK in 1.460 seconds
[0m14:31:11.062753 [debug] [Thread-5 (]: Databricks adapter: Cursor(session-id=01f1ac4a-5625-1a80-b18d-f577c6dc93e8, command-id=01f1ac4a-5652-172c-bd30-f7d8b53b38d6) - Closing
[0m14:31:11.078412 [debug] [Thread-5 (]: Writing runtime sql for node "model.dbt_steam_api.bridge_game_genres"
[0m14:31:11.078412 [debug] [Thread-5 (]: Using databricks connection "model.dbt_steam_api.bridge_game_genres"
[0m14:31:11.078412 [debug] [Thread-5 (]: On model.dbt_steam_api.bridge_game_genres: /* {"app": "dbt", "dbt_version": "1.11.12", "dbt_databricks_version": "1.12.5", "databricks_sql_connector_version": "4.2.6", "profile_name": "databricks_free", "target_name": "dev", "invocation_id": "77a7215e-0fe4-4a77-b535-4bd0dea7b51a", "node_id": "model.dbt_steam_api.bridge_game_genres"} */

  
    
        create or replace table `workspace`.`raw_steam_staging`.`bridge_game_genres`
      
      
    using delta
  
      
      
      
      
      
      
      
      
      as
      WITH exploded AS (
    SELECT
        appid,
        game_name,
        estimated_owners,
        avg_playtime_minutes,
        price,
        success_category,
        TRIM(g) AS genre
    FROM `workspace`.`raw_steam_staging`.`stg_steam_apps`,
    LATERAL EXPLODE(genre_list) AS t(g)
)

SELECT
    appid,
    game_name,
    genre,
    estimated_owners,
    avg_playtime_minutes,
    price,
    success_category,
    COUNT(*) OVER (PARTITION BY genre) AS games_in_genre
FROM exploded
WHERE genre IS NOT NULL AND genre != ''
  
[0m14:31:15.287584 [debug] [Thread-5 (]: SQL status: OK in 4.210 seconds
[0m14:31:15.303207 [debug] [Thread-5 (]: Databricks adapter: Cursor(session-id=01f1ac4a-5625-1a80-b18d-f577c6dc93e8, command-id=01f1ac4a-56ab-1771-9c54-6ee7d8f63b5d) - Closing
[0m14:31:15.318833 [debug] [Thread-5 (]: Applying tags to relation None
[0m14:31:15.318833 [debug] [Thread-5 (]: On model.dbt_steam_api.bridge_game_genres: Close
[0m14:31:15.318833 [debug] [Thread-5 (]: Databricks adapter: Connection(session-id=01f1ac4a-5625-1a80-b18d-f577c6dc93e8) - Closing
[0m14:31:15.491339 [debug] [Thread-5 (]: Sending event: {'category': 'dbt', 'action': 'run_model', 'label': '77a7215e-0fe4-4a77-b535-4bd0dea7b51a', 'context': [<snowplow_tracker.self_describing_json.SelfDescribingJson object at 0x000001F450EF62A0>]}
[0m14:31:15.491339 [info ] [Thread-5 (]: 2 of 7 OK created sql table model raw_steam_staging.bridge_game_genres ......... [[32mOK[0m in 5.99s]
[0m14:31:15.491339 [debug] [Thread-5 (]: Finished running node model.dbt_steam_api.bridge_game_genres
[0m14:31:15.491339 [debug] [Thread-5 (]: Began running node model.dbt_steam_api.bridge_game_languages
[0m14:31:15.491339 [info ] [Thread-5 (]: 3 of 7 START sql table model raw_steam_staging.bridge_game_languages ........... [RUN]
[0m14:31:15.508029 [debug] [Thread-5 (]: Databricks adapter: DatabricksDBTConnection(session-id=None, name=model.dbt_steam_api.bridge_game_languages) - Creating connection
[0m14:31:15.509033 [debug] [Thread-5 (]: Acquiring new databricks connection 'model.dbt_steam_api.bridge_game_languages'
[0m14:31:15.510031 [debug] [Thread-5 (]: Began compiling node model.dbt_steam_api.bridge_game_languages
[0m14:31:15.520023 [debug] [Thread-5 (]: Writing injected SQL for node "model.dbt_steam_api.bridge_game_languages"
[0m14:31:15.522021 [debug] [Thread-5 (]: Began executing node model.dbt_steam_api.bridge_game_languages
[0m14:31:15.532015 [debug] [Thread-5 (]: MATERIALIZING TABLE
[0m14:31:15.532796 [debug] [Thread-5 (]: Using databricks connection "model.dbt_steam_api.bridge_game_languages"
[0m14:31:15.532796 [debug] [Thread-5 (]: On model.dbt_steam_api.bridge_game_languages: /* {"app": "dbt", "dbt_version": "1.11.12", "dbt_databricks_version": "1.12.5", "databricks_sql_connector_version": "4.2.6", "profile_name": "databricks_free", "target_name": "dev", "invocation_id": "77a7215e-0fe4-4a77-b535-4bd0dea7b51a", "node_id": "model.dbt_steam_api.bridge_game_languages"} */
SELECT
    table_catalog,
    table_schema,
    table_name,
    filter_name,
    target_columns
  FROM `workspace`.`information_schema`.`row_filters`
  WHERE table_catalog = 'workspace'
    AND table_schema = 'raw_steam_staging'
    AND table_name = 'bridge_game_languages'
[0m14:31:15.532796 [debug] [Thread-5 (]: Opening a new connection, currently in state init
[0m14:31:16.374425 [debug] [Thread-5 (]: Databricks adapter: Connection(session-id=01f1ac4a-59ae-1203-b1e3-25ebb6e33000) - Created
[0m14:31:16.915367 [debug] [Thread-5 (]: SQL status: OK in 1.380 seconds
[0m14:31:16.916815 [debug] [Thread-5 (]: Databricks adapter: Cursor(session-id=01f1ac4a-59ae-1203-b1e3-25ebb6e33000, command-id=01f1ac4a-59d5-110b-8fc0-5441aa023c94) - Closing
[0m14:31:16.927459 [debug] [Thread-5 (]: Writing runtime sql for node "model.dbt_steam_api.bridge_game_languages"
[0m14:31:16.927459 [debug] [Thread-5 (]: Using databricks connection "model.dbt_steam_api.bridge_game_languages"
[0m14:31:16.927459 [debug] [Thread-5 (]: On model.dbt_steam_api.bridge_game_languages: /* {"app": "dbt", "dbt_version": "1.11.12", "dbt_databricks_version": "1.12.5", "databricks_sql_connector_version": "4.2.6", "profile_name": "databricks_free", "target_name": "dev", "invocation_id": "77a7215e-0fe4-4a77-b535-4bd0dea7b51a", "node_id": "model.dbt_steam_api.bridge_game_languages"} */

  
    
        create or replace table `workspace`.`raw_steam_staging`.`bridge_game_languages`
      
      
    using delta
  
      
      
      
      
      
      
      
      
      as
      WITH exploded AS (
    SELECT
        appid,
        game_name,
        estimated_owners,
        avg_playtime_minutes,
        price,
        success_category,
        TRIM(lang) AS language
    FROM `workspace`.`raw_steam_staging`.`stg_steam_apps`,
    LATERAL EXPLODE(language_list) AS t(lang)
)

SELECT
    appid,
    game_name,
    language,
    estimated_owners,
    avg_playtime_minutes,
    price,
    success_category,
    COUNT(*) OVER (PARTITION BY language) AS games_with_language
FROM exploded
WHERE language IS NOT NULL AND language != ''
  
[0m14:31:20.273052 [debug] [Thread-5 (]: SQL status: OK in 3.330 seconds
[0m14:31:20.273052 [debug] [Thread-5 (]: Databricks adapter: Cursor(session-id=01f1ac4a-59ae-1203-b1e3-25ebb6e33000, command-id=01f1ac4a-5a29-145b-b3b2-f49173e85a8a) - Closing
[0m14:31:20.273052 [debug] [Thread-5 (]: Applying tags to relation None
[0m14:31:20.273052 [debug] [Thread-5 (]: On model.dbt_steam_api.bridge_game_languages: Close
[0m14:31:20.273052 [debug] [Thread-5 (]: Databricks adapter: Connection(session-id=01f1ac4a-59ae-1203-b1e3-25ebb6e33000) - Closing
[0m14:31:20.476166 [debug] [Thread-5 (]: Sending event: {'category': 'dbt', 'action': 'run_model', 'label': '77a7215e-0fe4-4a77-b535-4bd0dea7b51a', 'context': [<snowplow_tracker.self_describing_json.SelfDescribingJson object at 0x000001F44FF52A50>]}
[0m14:31:20.476166 [info ] [Thread-5 (]: 3 of 7 OK created sql table model raw_steam_staging.bridge_game_languages ...... [[32mOK[0m in 4.97s]
[0m14:31:20.491788 [debug] [Thread-5 (]: Finished running node model.dbt_steam_api.bridge_game_languages
[0m14:31:20.491788 [debug] [Thread-5 (]: Began running node model.dbt_steam_api.bridge_game_tags
[0m14:31:20.491788 [info ] [Thread-5 (]: 4 of 7 START sql table model raw_steam_staging.bridge_game_tags ................ [RUN]
[0m14:31:20.491788 [debug] [Thread-5 (]: Databricks adapter: DatabricksDBTConnection(session-id=None, name=model.dbt_steam_api.bridge_game_tags) - Creating connection
[0m14:31:20.507732 [debug] [Thread-5 (]: Acquiring new databricks connection 'model.dbt_steam_api.bridge_game_tags'
[0m14:31:20.510138 [debug] [Thread-5 (]: Began compiling node model.dbt_steam_api.bridge_game_tags
[0m14:31:20.550800 [debug] [Thread-5 (]: Writing injected SQL for node "model.dbt_steam_api.bridge_game_tags"
[0m14:31:20.554800 [debug] [Thread-5 (]: Began executing node model.dbt_steam_api.bridge_game_tags
[0m14:31:20.560418 [debug] [Thread-5 (]: MATERIALIZING TABLE
[0m14:31:20.562417 [debug] [Thread-5 (]: Using databricks connection "model.dbt_steam_api.bridge_game_tags"
[0m14:31:20.563417 [debug] [Thread-5 (]: On model.dbt_steam_api.bridge_game_tags: /* {"app": "dbt", "dbt_version": "1.11.12", "dbt_databricks_version": "1.12.5", "databricks_sql_connector_version": "4.2.6", "profile_name": "databricks_free", "target_name": "dev", "invocation_id": "77a7215e-0fe4-4a77-b535-4bd0dea7b51a", "node_id": "model.dbt_steam_api.bridge_game_tags"} */
SELECT
    table_catalog,
    table_schema,
    table_name,
    filter_name,
    target_columns
  FROM `workspace`.`information_schema`.`row_filters`
  WHERE table_catalog = 'workspace'
    AND table_schema = 'raw_steam_staging'
    AND table_name = 'bridge_game_tags'
[0m14:31:20.565416 [debug] [Thread-5 (]: Opening a new connection, currently in state init
[0m14:31:21.370722 [debug] [Thread-5 (]: Databricks adapter: Connection(session-id=01f1ac4a-5ca9-1939-af5c-61d88be74281) - Created
[0m14:31:21.920256 [debug] [Thread-5 (]: SQL status: OK in 1.360 seconds
[0m14:31:21.935811 [debug] [Thread-5 (]: Databricks adapter: Cursor(session-id=01f1ac4a-5ca9-1939-af5c-61d88be74281, command-id=01f1ac4a-5ccd-1f6a-afc3-4853328188fc) - Closing
[0m14:31:21.951444 [debug] [Thread-5 (]: Writing runtime sql for node "model.dbt_steam_api.bridge_game_tags"
[0m14:31:21.951444 [debug] [Thread-5 (]: Using databricks connection "model.dbt_steam_api.bridge_game_tags"
[0m14:31:21.951444 [debug] [Thread-5 (]: On model.dbt_steam_api.bridge_game_tags: /* {"app": "dbt", "dbt_version": "1.11.12", "dbt_databricks_version": "1.12.5", "databricks_sql_connector_version": "4.2.6", "profile_name": "databricks_free", "target_name": "dev", "invocation_id": "77a7215e-0fe4-4a77-b535-4bd0dea7b51a", "node_id": "model.dbt_steam_api.bridge_game_tags"} */

  
    
        create or replace table `workspace`.`raw_steam_staging`.`bridge_game_tags`
      
      
    using delta
  
      
      
      
      
      
      
      
      
      as
      WITH exploded AS (
    SELECT
        appid,
        game_name,
        estimated_owners,
        avg_playtime_minutes,
        price,
        success_category,
        TRIM(tag) AS tag
    FROM `workspace`.`raw_steam_staging`.`stg_steam_apps`,
    LATERAL EXPLODE(tag_list) AS t(tag)
)

SELECT
    appid,
    game_name,
    tag,
    estimated_owners,
    avg_playtime_minutes,
    price,
    success_category,
    COUNT(*) OVER (PARTITION BY tag) AS games_with_tag
FROM exploded
WHERE tag IS NOT NULL AND tag != ''
  
[0m14:31:25.161172 [debug] [Thread-5 (]: SQL status: OK in 3.190 seconds
[0m14:31:25.164170 [debug] [Thread-5 (]: Databricks adapter: Cursor(session-id=01f1ac4a-5ca9-1939-af5c-61d88be74281, command-id=01f1ac4a-5d27-194c-b411-95500a8262cc) - Closing
[0m14:31:25.166169 [debug] [Thread-5 (]: Applying tags to relation None
[0m14:31:25.170167 [debug] [Thread-5 (]: On model.dbt_steam_api.bridge_game_tags: Close
[0m14:31:25.171166 [debug] [Thread-5 (]: Databricks adapter: Connection(session-id=01f1ac4a-5ca9-1939-af5c-61d88be74281) - Closing
[0m14:31:25.345274 [debug] [Thread-5 (]: Sending event: {'category': 'dbt', 'action': 'run_model', 'label': '77a7215e-0fe4-4a77-b535-4bd0dea7b51a', 'context': [<snowplow_tracker.self_describing_json.SelfDescribingJson object at 0x000001F4506D4920>]}
[0m14:31:25.345274 [info ] [Thread-5 (]: 4 of 7 OK created sql table model raw_steam_staging.bridge_game_tags ........... [[32mOK[0m in 4.84s]
[0m14:31:25.345274 [debug] [Thread-5 (]: Finished running node model.dbt_steam_api.bridge_game_tags
[0m14:31:25.360900 [debug] [Thread-5 (]: Began running node model.dbt_steam_api.dim_games
[0m14:31:25.364830 [info ] [Thread-5 (]: 5 of 7 START sql table model raw_steam_staging.dim_games ....................... [RUN]
[0m14:31:25.365193 [debug] [Thread-5 (]: Databricks adapter: DatabricksDBTConnection(session-id=None, name=model.dbt_steam_api.dim_games) - Creating connection
[0m14:31:25.365193 [debug] [Thread-5 (]: Acquiring new databricks connection 'model.dbt_steam_api.dim_games'
[0m14:31:25.365193 [debug] [Thread-5 (]: Began compiling node model.dbt_steam_api.dim_games
[0m14:31:25.373894 [debug] [Thread-5 (]: Writing injected SQL for node "model.dbt_steam_api.dim_games"
[0m14:31:25.389038 [debug] [Thread-5 (]: Began executing node model.dbt_steam_api.dim_games
[0m14:31:25.391720 [debug] [Thread-5 (]: MATERIALIZING TABLE
[0m14:31:25.391720 [debug] [Thread-5 (]: Using databricks connection "model.dbt_steam_api.dim_games"
[0m14:31:25.391720 [debug] [Thread-5 (]: On model.dbt_steam_api.dim_games: /* {"app": "dbt", "dbt_version": "1.11.12", "dbt_databricks_version": "1.12.5", "databricks_sql_connector_version": "4.2.6", "profile_name": "databricks_free", "target_name": "dev", "invocation_id": "77a7215e-0fe4-4a77-b535-4bd0dea7b51a", "node_id": "model.dbt_steam_api.dim_games"} */
SELECT
    table_catalog,
    table_schema,
    table_name,
    filter_name,
    target_columns
  FROM `workspace`.`information_schema`.`row_filters`
  WHERE table_catalog = 'workspace'
    AND table_schema = 'raw_steam_staging'
    AND table_name = 'dim_games'
[0m14:31:25.391720 [debug] [Thread-5 (]: Opening a new connection, currently in state init
[0m14:31:26.248621 [debug] [Thread-5 (]: Databricks adapter: Connection(session-id=01f1ac4a-5f8e-1ed4-9353-b9894bf643b3) - Created
[0m14:31:26.779985 [debug] [Thread-5 (]: SQL status: OK in 1.390 seconds
[0m14:31:26.795583 [debug] [Thread-5 (]: Databricks adapter: Cursor(session-id=01f1ac4a-5f8e-1ed4-9353-b9894bf643b3, command-id=01f1ac4a-5fb6-1571-ad50-ffce50028861) - Closing
[0m14:31:26.795583 [debug] [Thread-5 (]: Writing runtime sql for node "model.dbt_steam_api.dim_games"
[0m14:31:26.795583 [debug] [Thread-5 (]: Using databricks connection "model.dbt_steam_api.dim_games"
[0m14:31:26.795583 [debug] [Thread-5 (]: On model.dbt_steam_api.dim_games: /* {"app": "dbt", "dbt_version": "1.11.12", "dbt_databricks_version": "1.12.5", "databricks_sql_connector_version": "4.2.6", "profile_name": "databricks_free", "target_name": "dev", "invocation_id": "77a7215e-0fe4-4a77-b535-4bd0dea7b51a", "node_id": "model.dbt_steam_api.dim_games"} */

  
    
        create or replace table `workspace`.`raw_steam_staging`.`dim_games`
      
      
    using delta
  
      
      
      
      
      
      
      
      
      as
      SELECT
    appid,
    game_name,
    developer,
    publisher,
    price_tier,
    engagement_tier,
    success_category,
    tags,
    languages,
    genre,
    CURRENT_TIMESTAMP() AS loaded_at
FROM `workspace`.`raw_steam_staging`.`stg_steam_apps`
  
[0m14:31:30.080950 [debug] [Thread-5 (]: SQL status: OK in 3.290 seconds
[0m14:31:30.096507 [debug] [Thread-5 (]: Databricks adapter: Cursor(session-id=01f1ac4a-5f8e-1ed4-9353-b9894bf643b3, command-id=01f1ac4a-600b-119c-aaaf-04fd2d9a0f80) - Closing
[0m14:31:30.096507 [debug] [Thread-5 (]: Applying tags to relation None
[0m14:31:30.096507 [debug] [Thread-5 (]: On model.dbt_steam_api.dim_games: Close
[0m14:31:30.112130 [debug] [Thread-5 (]: Databricks adapter: Connection(session-id=01f1ac4a-5f8e-1ed4-9353-b9894bf643b3) - Closing
[0m14:31:30.299615 [debug] [Thread-5 (]: Sending event: {'category': 'dbt', 'action': 'run_model', 'label': '77a7215e-0fe4-4a77-b535-4bd0dea7b51a', 'context': [<snowplow_tracker.self_describing_json.SelfDescribingJson object at 0x000001F450EBF3E0>]}
[0m14:31:30.299615 [info ] [Thread-5 (]: 5 of 7 OK created sql table model raw_steam_staging.dim_games .................. [[32mOK[0m in 4.93s]
[0m14:31:30.299615 [debug] [Thread-5 (]: Finished running node model.dbt_steam_api.dim_games
[0m14:31:30.299615 [debug] [Thread-5 (]: Began running node model.dbt_steam_api.fct_game_performance
[0m14:31:30.299615 [info ] [Thread-5 (]: 6 of 7 START sql table model raw_steam_staging.fct_game_performance ............ [RUN]
[0m14:31:30.315245 [debug] [Thread-5 (]: Databricks adapter: DatabricksDBTConnection(session-id=None, name=model.dbt_steam_api.fct_game_performance) - Creating connection
[0m14:31:30.322068 [debug] [Thread-5 (]: Acquiring new databricks connection 'model.dbt_steam_api.fct_game_performance'
[0m14:31:30.324535 [debug] [Thread-5 (]: Began compiling node model.dbt_steam_api.fct_game_performance
[0m14:31:30.339112 [debug] [Thread-5 (]: Writing injected SQL for node "model.dbt_steam_api.fct_game_performance"
[0m14:31:30.339112 [debug] [Thread-5 (]: Began executing node model.dbt_steam_api.fct_game_performance
[0m14:31:30.356138 [debug] [Thread-5 (]: MATERIALIZING TABLE
[0m14:31:30.358136 [debug] [Thread-5 (]: Using databricks connection "model.dbt_steam_api.fct_game_performance"
[0m14:31:30.360135 [debug] [Thread-5 (]: On model.dbt_steam_api.fct_game_performance: /* {"app": "dbt", "dbt_version": "1.11.12", "dbt_databricks_version": "1.12.5", "databricks_sql_connector_version": "4.2.6", "profile_name": "databricks_free", "target_name": "dev", "invocation_id": "77a7215e-0fe4-4a77-b535-4bd0dea7b51a", "node_id": "model.dbt_steam_api.fct_game_performance"} */
SELECT
    table_catalog,
    table_schema,
    table_name,
    filter_name,
    target_columns
  FROM `workspace`.`information_schema`.`row_filters`
  WHERE table_catalog = 'workspace'
    AND table_schema = 'raw_steam_staging'
    AND table_name = 'fct_game_performance'
[0m14:31:30.361134 [debug] [Thread-5 (]: Opening a new connection, currently in state init
[0m14:31:31.232366 [debug] [Thread-5 (]: Databricks adapter: Connection(session-id=01f1ac4a-6287-1d3b-b343-fe309a66458b) - Created
[0m14:31:31.781318 [debug] [Thread-5 (]: SQL status: OK in 1.420 seconds
[0m14:31:31.796942 [debug] [Thread-5 (]: Databricks adapter: Cursor(session-id=01f1ac4a-6287-1d3b-b343-fe309a66458b, command-id=01f1ac4a-62ae-1d3f-b131-a04817d4474c) - Closing
[0m14:31:31.812604 [debug] [Thread-5 (]: Writing runtime sql for node "model.dbt_steam_api.fct_game_performance"
[0m14:31:31.812604 [debug] [Thread-5 (]: Using databricks connection "model.dbt_steam_api.fct_game_performance"
[0m14:31:31.812604 [debug] [Thread-5 (]: On model.dbt_steam_api.fct_game_performance: /* {"app": "dbt", "dbt_version": "1.11.12", "dbt_databricks_version": "1.12.5", "databricks_sql_connector_version": "4.2.6", "profile_name": "databricks_free", "target_name": "dev", "invocation_id": "77a7215e-0fe4-4a77-b535-4bd0dea7b51a", "node_id": "model.dbt_steam_api.fct_game_performance"} */

  
    
        create or replace table `workspace`.`raw_steam_staging`.`fct_game_performance`
      
      
    using delta
  
      
      
      
      
      
      
      
      
      as
      SELECT
    appid,
    game_name,
    developer,
    publisher,
    genre,
    price_tier,
    engagement_tier,
    success_category,

    -- Financial metrics
    price,
    original_price,
    COALESCE(discount, 0) AS discount,
    estimated_owners,
    ROUND(price * estimated_owners, 2) AS estimated_revenue,

    -- Engagement metrics
    avg_playtime_minutes,
    median_playtime_minutes,
    peak_concurrent_users,

    -- Ratios
    ROUND(avg_playtime_minutes / NULLIF(price, 0), 2) AS playtime_per_dollar,
    ROUND(peak_concurrent_users / NULLIF(estimated_owners, 0) * 100, 4) AS ccu_conversion_rate,

    CURRENT_DATE() AS snapshot_date

FROM `workspace`.`raw_steam_staging`.`stg_steam_apps`
  
[0m14:31:35.137138 [debug] [Thread-5 (]: SQL status: OK in 3.320 seconds
[0m14:31:35.152691 [debug] [Thread-5 (]: Databricks adapter: Cursor(session-id=01f1ac4a-6287-1d3b-b343-fe309a66458b, command-id=01f1ac4a-6308-1932-8a63-7a684611c9f2) - Closing
[0m14:31:35.152691 [debug] [Thread-5 (]: Applying tags to relation None
[0m14:31:35.152691 [debug] [Thread-5 (]: On model.dbt_steam_api.fct_game_performance: Close
[0m14:31:35.152691 [debug] [Thread-5 (]: Databricks adapter: Connection(session-id=01f1ac4a-6287-1d3b-b343-fe309a66458b) - Closing
[0m14:31:35.340176 [debug] [Thread-5 (]: Sending event: {'category': 'dbt', 'action': 'run_model', 'label': '77a7215e-0fe4-4a77-b535-4bd0dea7b51a', 'context': [<snowplow_tracker.self_describing_json.SelfDescribingJson object at 0x000001F450E93350>]}
[0m14:31:35.340176 [info ] [Thread-5 (]: 6 of 7 OK created sql table model raw_steam_staging.fct_game_performance ....... [[32mOK[0m in 5.02s]
[0m14:31:35.340176 [debug] [Thread-5 (]: Finished running node model.dbt_steam_api.fct_game_performance
[0m14:31:35.355835 [debug] [Thread-5 (]: Began running node model.dbt_steam_api.mart_valve_recommendations
[0m14:31:35.360588 [info ] [Thread-5 (]: 7 of 7 START sql table model raw_steam_marts.mart_valve_recommendations ........ [RUN]
[0m14:31:35.362546 [debug] [Thread-5 (]: Databricks adapter: DatabricksDBTConnection(session-id=None, name=model.dbt_steam_api.mart_valve_recommendations) - Creating connection
[0m14:31:35.362546 [debug] [Thread-5 (]: Acquiring new databricks connection 'model.dbt_steam_api.mart_valve_recommendations'
[0m14:31:35.371302 [debug] [Thread-5 (]: Began compiling node model.dbt_steam_api.mart_valve_recommendations
[0m14:31:35.390709 [debug] [Thread-5 (]: Writing injected SQL for node "model.dbt_steam_api.mart_valve_recommendations"
[0m14:31:35.390709 [debug] [Thread-5 (]: Began executing node model.dbt_steam_api.mart_valve_recommendations
[0m14:31:35.405945 [debug] [Thread-5 (]: MATERIALIZING TABLE
[0m14:31:35.405945 [debug] [Thread-5 (]: Using databricks connection "model.dbt_steam_api.mart_valve_recommendations"
[0m14:31:35.405945 [debug] [Thread-5 (]: On model.dbt_steam_api.mart_valve_recommendations: /* {"app": "dbt", "dbt_version": "1.11.12", "dbt_databricks_version": "1.12.5", "databricks_sql_connector_version": "4.2.6", "profile_name": "databricks_free", "target_name": "dev", "invocation_id": "77a7215e-0fe4-4a77-b535-4bd0dea7b51a", "node_id": "model.dbt_steam_api.mart_valve_recommendations"} */
SELECT
    table_catalog,
    table_schema,
    table_name,
    filter_name,
    target_columns
  FROM `workspace`.`information_schema`.`row_filters`
  WHERE table_catalog = 'workspace'
    AND table_schema = 'raw_steam_marts'
    AND table_name = 'mart_valve_recommendations'
[0m14:31:35.405945 [debug] [Thread-5 (]: Opening a new connection, currently in state init
[0m14:31:36.297537 [debug] [Thread-5 (]: Databricks adapter: Connection(session-id=01f1ac4a-6590-1c51-b2ab-42d31f0f690f) - Created
[0m14:31:36.799365 [debug] [Thread-5 (]: SQL status: OK in 1.390 seconds
[0m14:31:36.815025 [debug] [Thread-5 (]: Databricks adapter: Cursor(session-id=01f1ac4a-6590-1c51-b2ab-42d31f0f690f, command-id=01f1ac4a-65b5-19f3-a852-7f97fdbbd925) - Closing
[0m14:31:36.830650 [debug] [Thread-5 (]: Writing runtime sql for node "model.dbt_steam_api.mart_valve_recommendations"
[0m14:31:36.830650 [debug] [Thread-5 (]: Using databricks connection "model.dbt_steam_api.mart_valve_recommendations"
[0m14:31:36.830650 [debug] [Thread-5 (]: On model.dbt_steam_api.mart_valve_recommendations: /* {"app": "dbt", "dbt_version": "1.11.12", "dbt_databricks_version": "1.12.5", "databricks_sql_connector_version": "4.2.6", "profile_name": "databricks_free", "target_name": "dev", "invocation_id": "77a7215e-0fe4-4a77-b535-4bd0dea7b51a", "node_id": "model.dbt_steam_api.mart_valve_recommendations"} */

  
    
        create or replace table `workspace`.`raw_steam_marts`.`mart_valve_recommendations`
      
      
    using delta
  
      
      
      
      
      
      
      
      
      as
      -- ============================================
-- VALVE GAME DEVELOPMENT RECOMMENDATIONS
-- Uses bridge tables for many-to-many analysis
-- ============================================

-- 1. GENRE PERFORMANCE (from bridge table)
WITH genre_analysis AS (
    SELECT
        genre,
        COUNT(DISTINCT appid) AS game_count,
        ROUND(AVG(price), 2) AS avg_price,
        ROUND(AVG(estimated_owners), 0) AS avg_owners,
        ROUND(AVG(avg_playtime_minutes), 0) AS avg_playtime,
        SUM(CASE WHEN success_category = 'Hit' THEN 1 ELSE 0 END) AS hit_games,
        ROUND(100.0 * SUM(CASE WHEN success_category = 'Hit' THEN 1 ELSE 0 END) / COUNT(*), 2) AS hit_rate_pct
    FROM `workspace`.`raw_steam_staging`.`bridge_game_genres`
    WHERE genre IS NOT NULL AND genre != ''
    GROUP BY genre
),

-- 2. TAG PERFORMANCE (from bridge table)
tag_analysis AS (
    SELECT
        tag,
        COUNT(DISTINCT appid) AS game_count,
        ROUND(AVG(estimated_owners), 0) AS avg_owners,
        ROUND(AVG(price), 2) AS avg_price,
        SUM(CASE WHEN success_category = 'Hit' THEN 1 ELSE 0 END) AS hit_games,
        ROUND(100.0 * SUM(CASE WHEN success_category = 'Hit' THEN 1 ELSE 0 END) / COUNT(*), 2) AS hit_rate_pct
    FROM `workspace`.`raw_steam_staging`.`bridge_game_tags`
    WHERE tag IS NOT NULL AND tag != ''
    GROUP BY tag
    HAVING COUNT(DISTINCT appid) >= 5  -- Only tags with 5+ games
),

-- 3. LANGUAGE PERFORMANCE (from bridge table)
language_analysis AS (
    SELECT
        language,
        COUNT(DISTINCT appid) AS game_count,
        ROUND(AVG(estimated_owners), 0) AS avg_owners,
        ROUND(AVG(price), 2) AS avg_price,
        SUM(CASE WHEN success_category = 'Hit' THEN 1 ELSE 0 END) AS hit_games,
        ROUND(100.0 * SUM(CASE WHEN success_category = 'Hit' THEN 1 ELSE 0 END) / COUNT(*), 2) AS hit_rate_pct
    FROM `workspace`.`raw_steam_staging`.`bridge_game_languages`
    WHERE language IS NOT NULL AND language != ''
    GROUP BY language
    HAVING COUNT(DISTINCT appid) >= 5
),

-- 4. PRICE TIER PERFORMANCE (from fact table - single value per game)
price_analysis AS (
    SELECT
        price_tier,
        COUNT(*) AS game_count,
        ROUND(AVG(estimated_owners), 0) AS avg_owners,
        ROUND(AVG(discount), 0) AS avg_discount,
        SUM(CASE WHEN success_category IN ('Hit', 'Successful') THEN 1 ELSE 0 END) AS successful_games,
        ROUND(100.0 * SUM(CASE WHEN success_category IN ('Hit', 'Successful') THEN 1 ELSE 0 END) / COUNT(*), 2) AS success_rate_pct
    FROM `workspace`.`raw_steam_staging`.`fct_game_performance`
    GROUP BY price_tier
),

-- 5. ENGAGEMENT PERFORMANCE (from fact table - single value per game)
engagement_analysis AS (
    SELECT
        engagement_tier,
        COUNT(*) AS game_count,
        ROUND(AVG(price), 2) AS avg_price,
        ROUND(AVG(peak_concurrent_users), 0) AS avg_peak_ccu
    FROM `workspace`.`raw_steam_staging`.`fct_game_performance`
    GROUP BY engagement_tier
)

-- ============================================
-- FINAL OUTPUT: Separate sections for clarity
-- ============================================

-- Genre recommendations
SELECT
    'GENRE' AS category,
    genre AS item,
    hit_rate_pct AS score,
    CONCAT(
        'Genre "', genre, '" has ', hit_rate_pct, 
        '% hit rate (', hit_games, '/', game_count, ' games). ',
        'Avg price: $', avg_price, '. Avg owners: ', avg_owners,
        CASE WHEN hit_rate_pct >= 30 THEN ' ⭐ STRONG RECOMMENDATION'
             WHEN hit_rate_pct >= 15 THEN ' ✓ MODERATE POTENTIAL'
             ELSE ' ▪ NICHE MARKET' END
    ) AS recommendation
FROM genre_analysis
WHERE hit_rate_pct > 0

UNION ALL

-- Tag recommendations
SELECT
    'TAG' AS category,
    tag AS item,
    hit_rate_pct AS score,
    CONCAT(
        'Tag "', tag, '" appears in ', game_count, 
        ' games with ', hit_rate_pct, '% hit rate. ',
        'Avg owners: ', avg_owners
    ) AS recommendation
FROM tag_analysis
WHERE hit_rate_pct > 0

UNION ALL

-- Language recommendations
SELECT
    'LANGUAGE' AS category,
    language AS item,
    hit_rate_pct AS score,
    CONCAT(
        'Language "', language, '" in ', game_count, 
        ' games with ', hit_rate_pct, '% hit rate. ',
        CASE WHEN hit_rate_pct >= 30 THEN 'Prioritize localization!'
             WHEN hit_rate_pct >= 15 THEN 'Include if budget allows.'
             ELSE 'Consider post-launch.' END
    ) AS recommendation
FROM language_analysis
WHERE hit_rate_pct > 0

UNION ALL

-- Price tier recommendations
SELECT
    'PRICE' AS category,
    price_tier AS item,
    success_rate_pct AS score,
    CONCAT(
        'Price tier "', price_tier, '": ', success_rate_pct,
        '% success (', successful_games, '/', game_count, '). ',
        'Avg owners: ', avg_owners,
        CASE WHEN avg_discount > 20 THEN ' Heavy discounting.' ELSE ' Minimal discounting.' END
    ) AS recommendation
FROM price_analysis

UNION ALL

-- Engagement recommendations
SELECT
    'ENGAGEMENT' AS category,
    engagement_tier AS item,
    avg_peak_ccu AS score,
    CONCAT(
        'Games with "', engagement_tier, '" engagement: ',
        avg_peak_ccu, ' avg peak CCU. ',
        'Avg price: $', avg_price
    ) AS recommendation
FROM engagement_analysis
  
[0m14:31:43.445490 [debug] [Thread-5 (]: SQL status: OK in 6.600 seconds
[0m14:31:43.445490 [debug] [Thread-5 (]: Databricks adapter: Cursor(session-id=01f1ac4a-6590-1c51-b2ab-42d31f0f690f, command-id=01f1ac4a-6607-181a-baff-fca1a4ebfe15) - Closing
[0m14:31:43.650655 [debug] [Thread-5 (]: Applying tags to relation None
[0m14:31:43.650655 [debug] [Thread-5 (]: On model.dbt_steam_api.mart_valve_recommendations: Close
[0m14:31:43.666210 [debug] [Thread-5 (]: Databricks adapter: Connection(session-id=01f1ac4a-6590-1c51-b2ab-42d31f0f690f) - Closing
[0m14:31:43.838107 [debug] [Thread-5 (]: Sending event: {'category': 'dbt', 'action': 'run_model', 'label': '77a7215e-0fe4-4a77-b535-4bd0dea7b51a', 'context': [<snowplow_tracker.self_describing_json.SelfDescribingJson object at 0x000001F450F2BA10>]}
[0m14:31:43.838107 [info ] [Thread-5 (]: 7 of 7 OK created sql table model raw_steam_marts.mart_valve_recommendations ... [[32mOK[0m in 8.48s]
[0m14:31:43.838107 [debug] [Thread-5 (]: Finished running node model.dbt_steam_api.mart_valve_recommendations
[0m14:31:43.853700 [debug] [MainThread]: Databricks adapter: DatabricksDBTConnection(session-id=None, name=master) - Creating connection
[0m14:31:43.859682 [debug] [MainThread]: Acquiring new databricks connection 'master'
[0m14:31:43.861790 [info ] [MainThread]: 
[0m14:31:43.861790 [info ] [MainThread]: Finished running 1 incremental model, 6 table models in 0 hours 1 minutes and 9.32 seconds (69.32s).
[0m14:31:43.872234 [debug] [MainThread]: Command end result
[0m14:31:43.986229 [debug] [MainThread]: Wrote artifact WritableManifest to C:\Users\KaelThas\Documents\steam_analytics_api\dbt_steam_api\target\manifest.json
[0m14:31:43.986229 [debug] [MainThread]: Wrote artifact SemanticManifest to C:\Users\KaelThas\Documents\steam_analytics_api\dbt_steam_api\target\semantic_manifest.json
[0m14:31:44.001853 [debug] [MainThread]: Wrote artifact RunExecutionResult to C:\Users\KaelThas\Documents\steam_analytics_api\dbt_steam_api\target\run_results.json
[0m14:31:44.001853 [info ] [MainThread]: 
[0m14:31:44.001853 [info ] [MainThread]: [32mCompleted successfully[0m
[0m14:31:44.001853 [info ] [MainThread]: 
[0m14:31:44.001853 [info ] [MainThread]: Done. PASS=7 WARN=0 ERROR=0 SKIP=0 NO-OP=0 TOTAL=7
[0m14:31:44.001853 [debug] [MainThread]: Command `dbt run` succeeded at 14:31:44.001853 after 80.22 seconds
[0m14:31:44.001853 [debug] [MainThread]: Sending event: {'category': 'dbt', 'action': 'invocation', 'label': 'end', 'context': [<snowplow_tracker.self_describing_json.SelfDescribingJson object at 0x000001F442B2DE80>, <snowplow_tracker.self_describing_json.SelfDescribingJson object at 0x000001F442B08F80>, <snowplow_tracker.self_describing_json.SelfDescribingJson object at 0x000001F442A30B30>]}
[0m14:31:44.017463 [debug] [MainThread]: Flushing usage events
[0m14:31:45.061014 [debug] [MainThread]: An error was encountered while trying to flush usage events
[0m12:41:21.719186 [debug] [MainThread]: Sending event: {'category': 'dbt', 'action': 'invocation', 'label': 'start', 'context': [<snowplow_tracker.self_describing_json.SelfDescribingJson object at 0x0000022BAA821F10>, <snowplow_tracker.self_describing_json.SelfDescribingJson object at 0x0000022BAAC363F0>, <snowplow_tracker.self_describing_json.SelfDescribingJson object at 0x0000022BAAC350A0>]}


============================== 12:41:21.750455 | c823ec37-4cf8-4e53-8dee-f41dc99692f6 ==============================
[0m12:41:21.750455 [info ] [MainThread]: Running with dbt=1.11.12
[0m12:41:21.766061 [debug] [MainThread]: running dbt with arguments {'version_check': 'True', 'no_print': 'None', 'static_parser': 'True', 'warn_error_options': 'WarnErrorOptionsV2(error=[], warn=[], silence=[])', 'target_path': 'None', 'printer_width': '80', 'write_json': 'True', 'empty': 'False', 'log_cache_events': 'False', 'introspect': 'True', 'cache_selected_only': 'False', 'fail_fast': 'False', 'debug': 'False', 'log_format': 'default', 'partial_parse': 'True', 'send_anonymous_usage_stats': 'True', 'quiet': 'False', 'warn_error': 'None', 'profiles_dir': 'C:\\Users\\KaelThas\\.dbt', 'invocation_command': 'dbt run --full-refresh', 'indirect_selection': 'eager', 'use_colors': 'True', 'use_experimental_parser': 'False', 'log_path': 'C:\\Users\\KaelThas\\Documents\\steam_analytics_api\\dbt_steam_api\\logs'}
[0m12:41:21.766061 [error] [MainThread]: Encountered an error:
Runtime Error
  Could not find profile named 'dbt_steam_api'
[0m12:41:21.776605 [debug] [MainThread]: Command `dbt run` failed at 12:41:21.776605 after 0.30 seconds
[0m12:41:21.777622 [debug] [MainThread]: Sending event: {'category': 'dbt', 'action': 'invocation', 'label': 'end', 'context': [<snowplow_tracker.self_describing_json.SelfDescribingJson object at 0x0000022BAB94F4A0>, <snowplow_tracker.self_describing_json.SelfDescribingJson object at 0x0000022BABF2B020>, <snowplow_tracker.self_describing_json.SelfDescribingJson object at 0x0000022BAC625250>]}
[0m12:41:21.779417 [debug] [MainThread]: Flushing usage events
[0m12:41:22.710393 [debug] [MainThread]: An error was encountered while trying to flush usage events
[0m12:43:09.216801 [debug] [MainThread]: Sending event: {'category': 'dbt', 'action': 'invocation', 'label': 'start', 'context': [<snowplow_tracker.self_describing_json.SelfDescribingJson object at 0x000001FA9470C2C0>, <snowplow_tracker.self_describing_json.SelfDescribingJson object at 0x000001FA95D7DDC0>, <snowplow_tracker.self_describing_json.SelfDescribingJson object at 0x000001FA906EC170>]}


============================== 12:43:09.233970 | 1335af3b-18c2-4014-a3e1-2bca5520fca4 ==============================
[0m12:43:09.233970 [info ] [MainThread]: Running with dbt=1.11.12
[0m12:43:09.235953 [debug] [MainThread]: running dbt with arguments {'static_parser': 'True', 'no_print': 'None', 'version_check': 'True', 'warn_error_options': 'WarnErrorOptionsV2(error=[], warn=[], silence=[])', 'target_path': 'None', 'printer_width': '80', 'write_json': 'True', 'introspect': 'True', 'log_cache_events': 'False', 'empty': 'False', 'cache_selected_only': 'False', 'fail_fast': 'False', 'debug': 'False', 'log_format': 'default', 'profiles_dir': 'C:\\Users\\KaelThas\\.dbt', 'send_anonymous_usage_stats': 'True', 'quiet': 'False', 'warn_error': 'None', 'partial_parse': 'True', 'invocation_command': 'dbt run --full-refresh', 'use_colors': 'True', 'indirect_selection': 'eager', 'use_experimental_parser': 'False', 'log_path': 'C:\\Users\\KaelThas\\Documents\\steam_analytics_api\\dbt_steam_api\\logs'}
[0m12:43:09.240951 [error] [MainThread]: Encountered an error:
Runtime Error
  Could not find profile named 'dbt_steam_api'
[0m12:43:09.245128 [debug] [MainThread]: Command `dbt run` failed at 12:43:09.245128 after 0.21 seconds
[0m12:43:09.246258 [debug] [MainThread]: Sending event: {'category': 'dbt', 'action': 'invocation', 'label': 'end', 'context': [<snowplow_tracker.self_describing_json.SelfDescribingJson object at 0x000001FA906EC170>, <snowplow_tracker.self_describing_json.SelfDescribingJson object at 0x000001FA9609D2E0>, <snowplow_tracker.self_describing_json.SelfDescribingJson object at 0x000001FA9470C2C0>]}
[0m12:43:09.247539 [debug] [MainThread]: Flushing usage events
[0m12:43:10.141185 [debug] [MainThread]: An error was encountered while trying to flush usage events
[0m12:44:31.082139 [debug] [MainThread]: Sending event: {'category': 'dbt', 'action': 'invocation', 'label': 'start', 'context': [<snowplow_tracker.self_describing_json.SelfDescribingJson object at 0x0000022680431F10>, <snowplow_tracker.self_describing_json.SelfDescribingJson object at 0x00000226806481A0>, <snowplow_tracker.self_describing_json.SelfDescribingJson object at 0x000002267FFEF740>]}


============================== 12:44:31.082139 | b27a022a-8394-4af5-8c3f-47f7ead4428f ==============================
[0m12:44:31.082139 [info ] [MainThread]: Running with dbt=1.11.12
[0m12:44:31.082139 [debug] [MainThread]: running dbt with arguments {'static_parser': 'True', 'no_print': 'None', 'version_check': 'True', 'warn_error_options': 'WarnErrorOptionsV2(error=[], warn=[], silence=[])', 'target_path': 'None', 'printer_width': '80', 'write_json': 'True', 'introspect': 'True', 'log_cache_events': 'False', 'empty': 'None', 'cache_selected_only': 'False', 'fail_fast': 'False', 'debug': 'False', 'log_format': 'default', 'profiles_dir': 'C:\\Users\\KaelThas\\.dbt', 'send_anonymous_usage_stats': 'True', 'quiet': 'False', 'warn_error': 'None', 'partial_parse': 'True', 'invocation_command': 'dbt debug --config-dir', 'indirect_selection': 'eager', 'use_colors': 'True', 'use_experimental_parser': 'False', 'log_path': 'C:\\Users\\KaelThas\\Documents\\steam_analytics_api\\dbt_steam_api\\logs'}
[0m12:44:31.173336 [info ] [MainThread]: To view your profiles.yml file, run:

start C:\Users\KaelThas\.dbt
[0m12:44:31.173336 [debug] [MainThread]: Command `dbt debug` succeeded at 12:44:31.173336 after 0.29 seconds
[0m12:44:31.173336 [debug] [MainThread]: Sending event: {'category': 'dbt', 'action': 'invocation', 'label': 'end', 'context': [<snowplow_tracker.self_describing_json.SelfDescribingJson object at 0x0000022680FAD9A0>, <snowplow_tracker.self_describing_json.SelfDescribingJson object at 0x000002268058B5F0>, <snowplow_tracker.self_describing_json.SelfDescribingJson object at 0x0000022680C0B230>]}
[0m12:44:31.173336 [debug] [MainThread]: Flushing usage events
[0m12:44:32.117556 [debug] [MainThread]: An error was encountered while trying to flush usage events
[0m12:45:06.251751 [debug] [MainThread]: Sending event: {'category': 'dbt', 'action': 'invocation', 'label': 'start', 'context': [<snowplow_tracker.self_describing_json.SelfDescribingJson object at 0x0000025386C21D00>, <snowplow_tracker.self_describing_json.SelfDescribingJson object at 0x0000025382DEC170>, <snowplow_tracker.self_describing_json.SelfDescribingJson object at 0x0000025387D3C200>]}


============================== 12:45:06.267381 | 5e75a782-ade0-4762-8b2f-b218b068ea01 ==============================
[0m12:45:06.267381 [info ] [MainThread]: Running with dbt=1.11.12
[0m12:45:06.267381 [debug] [MainThread]: running dbt with arguments {'static_parser': 'True', 'no_print': 'None', 'version_check': 'True', 'warn_error_options': 'WarnErrorOptionsV2(error=[], warn=[], silence=[])', 'target_path': 'None', 'printer_width': '80', 'write_json': 'True', 'empty': 'False', 'log_cache_events': 'False', 'introspect': 'True', 'cache_selected_only': 'False', 'fail_fast': 'False', 'debug': 'False', 'log_format': 'default', 'partial_parse': 'True', 'send_anonymous_usage_stats': 'True', 'quiet': 'False', 'warn_error': 'None', 'profiles_dir': 'C:\\Users\\KaelThas\\.dbt', 'indirect_selection': 'eager', 'invocation_command': 'dbt run --full-refresh', 'use_colors': 'True', 'use_experimental_parser': 'False', 'log_path': 'C:\\Users\\KaelThas\\Documents\\steam_analytics_api\\dbt_steam_api\\logs'}
[0m12:45:06.267381 [error] [MainThread]: Encountered an error:
Runtime Error
  Could not find profile named 'dbt_steam_api'
[0m12:45:06.287557 [debug] [MainThread]: Command `dbt run` failed at 12:45:06.287557 after 0.21 seconds
[0m12:45:06.289136 [debug] [MainThread]: Sending event: {'category': 'dbt', 'action': 'invocation', 'label': 'end', 'context': [<snowplow_tracker.self_describing_json.SelfDescribingJson object at 0x000002538700FD40>, <snowplow_tracker.self_describing_json.SelfDescribingJson object at 0x00000253883F4CB0>, <snowplow_tracker.self_describing_json.SelfDescribingJson object at 0x0000025388A25190>]}
[0m12:45:06.290136 [debug] [MainThread]: Flushing usage events
[0m12:45:07.146683 [debug] [MainThread]: An error was encountered while trying to flush usage events
[0m12:49:23.633374 [debug] [MainThread]: Sending event: {'category': 'dbt', 'action': 'invocation', 'label': 'start', 'context': [<snowplow_tracker.self_describing_json.SelfDescribingJson object at 0x0000020EFE50F7D0>, <snowplow_tracker.self_describing_json.SelfDescribingJson object at 0x0000020E8228FEC0>, <snowplow_tracker.self_describing_json.SelfDescribingJson object at 0x0000020E8228E300>]}


============================== 12:49:23.648994 | 36f42977-9e56-4211-920a-2aaffda432a3 ==============================
[0m12:49:23.648994 [info ] [MainThread]: Running with dbt=1.11.12
[0m12:49:23.648994 [debug] [MainThread]: running dbt with arguments {'static_parser': 'True', 'no_print': 'None', 'version_check': 'True', 'target_path': 'None', 'warn_error_options': 'WarnErrorOptionsV2(error=[], warn=[], silence=[])', 'printer_width': '80', 'write_json': 'True', 'empty': 'False', 'log_cache_events': 'False', 'introspect': 'True', 'cache_selected_only': 'False', 'fail_fast': 'False', 'debug': 'False', 'log_format': 'default', 'partial_parse': 'True', 'send_anonymous_usage_stats': 'True', 'quiet': 'False', 'warn_error': 'None', 'profiles_dir': 'C:\\Users\\KaelThas\\.dbt', 'use_colors': 'True', 'indirect_selection': 'eager', 'invocation_command': 'dbt run --full-refresh', 'use_experimental_parser': 'False', 'log_path': 'C:\\Users\\KaelThas\\Documents\\steam_analytics_api\\dbt_steam_api\\logs'}
[0m12:49:25.999771 [debug] [MainThread]: Spark adapter: Setting pyhive.hive logging to ERROR
[0m12:49:25.999771 [debug] [MainThread]: Spark adapter: Setting thrift.transport logging to ERROR
[0m12:49:25.999771 [debug] [MainThread]: Spark adapter: Setting thrift.protocol logging to ERROR
[0m12:49:28.758815 [debug] [MainThread]: Sending event: {'category': 'dbt', 'action': 'project_id', 'label': '36f42977-9e56-4211-920a-2aaffda432a3', 'context': [<snowplow_tracker.self_describing_json.SelfDescribingJson object at 0x0000020E854EE600>]}
[0m12:49:28.917099 [debug] [MainThread]: Sending event: {'category': 'dbt', 'action': 'adapter_info', 'label': '36f42977-9e56-4211-920a-2aaffda432a3', 'context': [<snowplow_tracker.self_describing_json.SelfDescribingJson object at 0x0000020E8E51D1C0>]}
[0m12:49:28.917099 [info ] [MainThread]: Registered adapter: databricks=1.12.5
[0m12:49:31.769890 [debug] [MainThread]: checksum: f368f5348cf42803b94ef7fb8257ecf3bf9a9a16dd9c8c51fe5172f2dbeb457f, vars: {}, profile: , target: , version: 1.11.12
[0m12:49:31.973001 [info ] [MainThread]: Unable to do partial parsing because a project config has changed
[0m12:49:31.973001 [debug] [MainThread]: Sending event: {'category': 'dbt', 'action': 'partial_parser', 'label': '36f42977-9e56-4211-920a-2aaffda432a3', 'context': [<snowplow_tracker.self_describing_json.SelfDescribingJson object at 0x0000020E8E3F9370>]}
[0m12:49:36.317238 [debug] [MainThread]: Sending event: {'category': 'dbt', 'action': 'load_project', 'label': '36f42977-9e56-4211-920a-2aaffda432a3', 'context': [<snowplow_tracker.self_describing_json.SelfDescribingJson object at 0x0000020E8F6C5220>]}
[0m12:49:36.520329 [debug] [MainThread]: Wrote artifact WritableManifest to C:\Users\KaelThas\Documents\steam_analytics_api\dbt_steam_api\target\manifest.json
[0m12:49:36.535954 [debug] [MainThread]: Wrote artifact SemanticManifest to C:\Users\KaelThas\Documents\steam_analytics_api\dbt_steam_api\target\semantic_manifest.json
[0m12:49:36.614073 [debug] [MainThread]: Sending event: {'category': 'dbt', 'action': 'resource_counts', 'label': '36f42977-9e56-4211-920a-2aaffda432a3', 'context': [<snowplow_tracker.self_describing_json.SelfDescribingJson object at 0x0000020E8F6D84A0>]}
[0m12:49:36.614073 [info ] [MainThread]: Found 7 models, 4 data tests, 1 source, 773 macros
[0m12:49:36.614073 [debug] [MainThread]: Sending event: {'category': 'dbt', 'action': 'runnable_timing', 'label': '36f42977-9e56-4211-920a-2aaffda432a3', 'context': [<snowplow_tracker.self_describing_json.SelfDescribingJson object at 0x0000020E8F259340>]}
[0m12:49:36.614073 [info ] [MainThread]: 
[0m12:49:36.614073 [info ] [MainThread]: Concurrency: 1 threads (target='dev')
[0m12:49:36.614073 [info ] [MainThread]: 
[0m12:49:36.628016 [debug] [MainThread]: Databricks adapter: DatabricksDBTConnection(session-id=None, name=master) - Creating connection
[0m12:49:36.629268 [debug] [MainThread]: Acquiring new databricks connection 'master'
[0m12:49:36.636001 [debug] [ThreadPool]: Databricks adapter: DatabricksDBTConnection(session-id=None, name=list_workspace) - Creating connection
[0m12:49:36.636001 [debug] [ThreadPool]: Acquiring new databricks connection 'list_workspace'
[0m12:49:36.669446 [debug] [ThreadPool]: Using databricks connection "list_workspace"
[0m12:49:36.669446 [debug] [ThreadPool]: On list_workspace: /* {"app": "dbt", "dbt_version": "1.11.12", "dbt_databricks_version": "1.12.5", "databricks_sql_connector_version": "4.2.6", "profile_name": "databricks_free", "target_name": "dev", "invocation_id": "36f42977-9e56-4211-920a-2aaffda432a3", "connection_name": "list_workspace"} */

    

  SHOW SCHEMAS IN `workspace`


  
[0m12:49:36.669446 [debug] [ThreadPool]: Opening a new connection, currently in state init
[0m12:49:40.143177 [debug] [ThreadPool]: Databricks adapter: Connection(session-id=01f1ad05-5211-1060-9041-4afed97742ea) - Created
[0m12:49:49.000451 [debug] [ThreadPool]: SQL status: OK in 12.320 seconds
[0m12:49:49.048030 [debug] [ThreadPool]: Databricks adapter: Cursor(session-id=01f1ad05-5211-1060-9041-4afed97742ea, command-id=01f1ad05-529a-1b84-8b0b-cd4ff3911965) - Closing
[0m12:49:49.251194 [debug] [ThreadPool]: On list_workspace: Close
[0m12:49:49.266791 [debug] [ThreadPool]: Databricks adapter: Connection(session-id=01f1ad05-5211-1060-9041-4afed97742ea) - Closing
[0m12:49:49.447074 [debug] [ThreadPool]: Databricks adapter: DatabricksDBTConnection(session-id=None, name=list_workspace) - Creating connection
[0m12:49:49.447074 [debug] [ThreadPool]: Acquiring new databricks connection 'list_workspace'
[0m12:49:49.462665 [debug] [ThreadPool]: Using databricks connection "list_workspace"
[0m12:49:49.462665 [debug] [ThreadPool]: On list_workspace: /* {"app": "dbt", "dbt_version": "1.11.12", "dbt_databricks_version": "1.12.5", "databricks_sql_connector_version": "4.2.6", "profile_name": "databricks_free", "target_name": "dev", "invocation_id": "36f42977-9e56-4211-920a-2aaffda432a3", "connection_name": "list_workspace"} */

    

  SHOW SCHEMAS IN `workspace`


  
[0m12:49:49.462665 [debug] [ThreadPool]: Opening a new connection, currently in state init
[0m12:49:50.364822 [debug] [ThreadPool]: Databricks adapter: Connection(session-id=01f1ad05-5887-18f0-bf79-502896cd4c59) - Created
[0m12:49:51.306385 [debug] [ThreadPool]: SQL status: OK in 1.840 seconds
[0m12:49:51.306385 [debug] [ThreadPool]: Databricks adapter: Cursor(session-id=01f1ad05-5887-18f0-bf79-502896cd4c59, command-id=01f1ad05-58b0-1b0d-bc1a-21676c2b6042) - Closing
[0m12:49:51.322010 [debug] [ThreadPool]: On list_workspace: Close
[0m12:49:51.322010 [debug] [ThreadPool]: Databricks adapter: Connection(session-id=01f1ad05-5887-18f0-bf79-502896cd4c59) - Closing
[0m12:49:51.509496 [debug] [ThreadPool]: Databricks adapter: DatabricksDBTConnection(session-id=None, name=list_workspace_raw_steam_staging) - Creating connection
[0m12:49:51.509496 [debug] [ThreadPool]: Acquiring new databricks connection 'list_workspace_raw_steam_staging'
[0m12:49:51.556401 [debug] [ThreadPool]: Using databricks connection "list_workspace_raw_steam_staging"
[0m12:49:51.556401 [debug] [ThreadPool]: On list_workspace_raw_steam_staging: /* {"app": "dbt", "dbt_version": "1.11.12", "dbt_databricks_version": "1.12.5", "databricks_sql_connector_version": "4.2.6", "profile_name": "databricks_free", "target_name": "dev", "invocation_id": "36f42977-9e56-4211-920a-2aaffda432a3", "connection_name": "list_workspace_raw_steam_staging"} */

    
SELECT
  table_name,
  if(table_type IN ('EXTERNAL', 'MANAGED', 'MANAGED_SHALLOW_CLONE', 'EXTERNAL_SHALLOW_CLONE'), 'table', lower(table_type)) AS table_type,
  lower(data_source_format) AS file_format,
  table_owner,
  if(
    table_type IN (
      'EXTERNAL',
      'MANAGED',
      'MANAGED_SHALLOW_CLONE',
      'EXTERNAL_SHALLOW_CLONE'
    ),
    lower(table_type),
    NULL
  ) AS databricks_table_type
FROM `system`.`information_schema`.`tables`
WHERE table_catalog = 'workspace'
  AND table_schema = 'raw_steam_staging'

  
[0m12:49:51.556401 [debug] [ThreadPool]: Opening a new connection, currently in state init
[0m12:49:52.418791 [debug] [ThreadPool]: Databricks adapter: Connection(session-id=01f1ad05-59c4-1ec0-ad05-b4169be92fbd) - Created
[0m12:49:54.785349 [debug] [ThreadPool]: SQL status: OK in 3.230 seconds
[0m12:49:54.800914 [debug] [ThreadPool]: Databricks adapter: Cursor(session-id=01f1ad05-59c4-1ec0-ad05-b4169be92fbd, command-id=01f1ad05-59ea-1b53-a94f-1ddc0f26ba84) - Closing
[0m12:49:54.800914 [debug] [ThreadPool]: On list_workspace_raw_steam_staging: Close
[0m12:49:54.800914 [debug] [ThreadPool]: Databricks adapter: Connection(session-id=01f1ad05-59c4-1ec0-ad05-b4169be92fbd) - Closing
[0m12:49:54.990370 [debug] [ThreadPool]: Databricks adapter: DatabricksDBTConnection(session-id=None, name=list_workspace_raw_steam_marts) - Creating connection
[0m12:49:55.005926 [debug] [ThreadPool]: Acquiring new databricks connection 'list_workspace_raw_steam_marts'
[0m12:49:55.021549 [debug] [ThreadPool]: Using databricks connection "list_workspace_raw_steam_marts"
[0m12:49:55.021549 [debug] [ThreadPool]: On list_workspace_raw_steam_marts: /* {"app": "dbt", "dbt_version": "1.11.12", "dbt_databricks_version": "1.12.5", "databricks_sql_connector_version": "4.2.6", "profile_name": "databricks_free", "target_name": "dev", "invocation_id": "36f42977-9e56-4211-920a-2aaffda432a3", "connection_name": "list_workspace_raw_steam_marts"} */

    
SELECT
  table_name,
  if(table_type IN ('EXTERNAL', 'MANAGED', 'MANAGED_SHALLOW_CLONE', 'EXTERNAL_SHALLOW_CLONE'), 'table', lower(table_type)) AS table_type,
  lower(data_source_format) AS file_format,
  table_owner,
  if(
    table_type IN (
      'EXTERNAL',
      'MANAGED',
      'MANAGED_SHALLOW_CLONE',
      'EXTERNAL_SHALLOW_CLONE'
    ),
    lower(table_type),
    NULL
  ) AS databricks_table_type
FROM `system`.`information_schema`.`tables`
WHERE table_catalog = 'workspace'
  AND table_schema = 'raw_steam_marts'

  
[0m12:49:55.021549 [debug] [ThreadPool]: Opening a new connection, currently in state init
[0m12:49:55.931426 [debug] [ThreadPool]: Databricks adapter: Connection(session-id=01f1ad05-5bdc-1a9a-b381-9ac3f75f0d57) - Created
[0m12:49:56.683831 [debug] [ThreadPool]: SQL status: OK in 1.660 seconds
[0m12:49:56.683831 [debug] [ThreadPool]: Databricks adapter: Cursor(session-id=01f1ad05-5bdc-1a9a-b381-9ac3f75f0d57, command-id=01f1ad05-5c04-1f01-88cd-2812bb1c0b16) - Closing
[0m12:49:56.683831 [debug] [ThreadPool]: On list_workspace_raw_steam_marts: Close
[0m12:49:56.683831 [debug] [ThreadPool]: Databricks adapter: Connection(session-id=01f1ad05-5bdc-1a9a-b381-9ac3f75f0d57) - Closing
[0m12:49:56.871273 [debug] [MainThread]: Sending event: {'category': 'dbt', 'action': 'runnable_timing', 'label': '36f42977-9e56-4211-920a-2aaffda432a3', 'context': [<snowplow_tracker.self_describing_json.SelfDescribingJson object at 0x0000020E8F26FB30>]}
[0m12:49:56.918168 [debug] [Thread-5 (]: Began running node model.dbt_steam_api.stg_steam_apps
[0m12:49:56.918168 [info ] [Thread-5 (]: 1 of 7 START sql incremental model raw_steam_staging.stg_steam_apps ............ [RUN]
[0m12:49:56.918168 [debug] [Thread-5 (]: Databricks adapter: DatabricksDBTConnection(session-id=None, name=model.dbt_steam_api.stg_steam_apps) - Creating connection
[0m12:49:56.918168 [debug] [Thread-5 (]: Acquiring new databricks connection 'model.dbt_steam_api.stg_steam_apps'
[0m12:49:56.918168 [debug] [Thread-5 (]: Began compiling node model.dbt_steam_api.stg_steam_apps
[0m12:49:56.965788 [debug] [Thread-5 (]: Writing injected SQL for node "model.dbt_steam_api.stg_steam_apps"
[0m12:49:56.968528 [debug] [Thread-5 (]: Began executing node model.dbt_steam_api.stg_steam_apps
[0m12:49:57.065174 [debug] [Thread-5 (]: MATERIALIZING INCREMENTAL
[0m12:49:57.174544 [debug] [Thread-5 (]: Using databricks connection "model.dbt_steam_api.stg_steam_apps"
[0m12:49:57.174544 [debug] [Thread-5 (]: On model.dbt_steam_api.stg_steam_apps: /* {"app": "dbt", "dbt_version": "1.11.12", "dbt_databricks_version": "1.12.5", "databricks_sql_connector_version": "4.2.6", "profile_name": "databricks_free", "target_name": "dev", "invocation_id": "36f42977-9e56-4211-920a-2aaffda432a3", "node_id": "model.dbt_steam_api.stg_steam_apps"} */
SELECT
    table_catalog,
    table_schema,
    table_name,
    filter_name,
    target_columns
  FROM `workspace`.`information_schema`.`row_filters`
  WHERE table_catalog = 'workspace'
    AND table_schema = 'raw_steam_staging'
    AND table_name = 'stg_steam_apps'
[0m12:49:57.174544 [debug] [Thread-5 (]: Opening a new connection, currently in state init
[0m12:49:58.063490 [debug] [Thread-5 (]: Databricks adapter: Connection(session-id=01f1ad05-5d25-1304-ac9b-69f6a52c67a4) - Created
[0m12:49:58.894167 [debug] [Thread-5 (]: SQL status: OK in 1.720 seconds
[0m12:49:58.909826 [debug] [Thread-5 (]: Databricks adapter: Cursor(session-id=01f1ad05-5d25-1304-ac9b-69f6a52c67a4, command-id=01f1ad05-5d49-1e4c-9a03-9a8e8770b85e) - Closing
[0m12:49:58.972303 [debug] [Thread-5 (]: Writing runtime sql for node "model.dbt_steam_api.stg_steam_apps"
[0m12:49:58.972303 [debug] [Thread-5 (]: Using databricks connection "model.dbt_steam_api.stg_steam_apps"
[0m12:49:58.972303 [debug] [Thread-5 (]: On model.dbt_steam_api.stg_steam_apps: /* {"app": "dbt", "dbt_version": "1.11.12", "dbt_databricks_version": "1.12.5", "databricks_sql_connector_version": "4.2.6", "profile_name": "databricks_free", "target_name": "dev", "invocation_id": "36f42977-9e56-4211-920a-2aaffda432a3", "node_id": "model.dbt_steam_api.stg_steam_apps"} */

  
    
        create or replace table `workspace`.`raw_steam_staging`.`stg_steam_apps`
      
      
    using delta
  
      
      
      
      
      
      
      
      
      as
      WITH parsed AS (
    SELECT
        appid,
        TRIM(name) AS game_name,
        TRIM(developer) AS developer,
        TRIM(publisher) AS publisher,
        score_rank,
        owners,
        average_forever AS avg_playtime_minutes,
        average_2weeks AS avg_playtime_2weeks,
        median_forever AS median_playtime_minutes,
        median_2weeks AS median_playtime_2weeks,
        ccu AS peak_concurrent_users,
        price,
        initialprice AS original_price,
        discount,
        tags,
        languages,
        genre,
        
        -- Fix: Clean owners string before parsing
        -- Remove commas and extract numbers
        REGEXP_EXTRACT(owners, '([0-9,]+)', 1) AS owners_min_str,
        REGEXP_EXTRACT(owners, '\\.\\. ([0-9,]+)', 1) AS owners_max_str,
        
        -- Fix: Remove commas and cast to BIGINT
        CAST(REPLACE(REGEXP_EXTRACT(owners, '([0-9,]+)', 1), ',', '') AS BIGINT) AS owners_min,
        CAST(REPLACE(REGEXP_EXTRACT(owners, '\\.\\. ([0-9,]+)', 1), ',', '') AS BIGINT) AS owners_max,
        
        -- Calculate estimated owners (midpoint of range)
        ROUND((
            CAST(REPLACE(REGEXP_EXTRACT(owners, '([0-9,]+)', 1), ',', '') AS BIGINT) + 
            CAST(REPLACE(REGEXP_EXTRACT(owners, '\\.\\. ([0-9,]+)', 1), ',', '') AS BIGINT)
        ) / 2, 0) AS estimated_owners,
        
        -- Price categories
        CASE 
            WHEN price = 0 THEN 'Free'
            WHEN price <= 10 THEN 'Budget ($0-10)'
            WHEN price > 10 AND price <= 30 THEN 'Mid-tier ($10-30)'
            WHEN price > 30 AND price <= 60 THEN 'Premium ($30-60)'
            ELSE 'Ultra-Tier ($60+)'
        END AS price_tier,
        
        -- Engagement categories
        CASE
            WHEN average_forever < 60 THEN 'Casual (<1h)'
            WHEN average_forever < 600 THEN 'Moderate (1-10h)'
            WHEN average_forever < 3000 THEN 'Engaged (10-50h)'
            ELSE 'Hardcore (50h+)'
        END AS engagement_tier,
        
        -- Discount flag
        CASE WHEN discount > 0 THEN TRUE ELSE FALSE END AS is_discounted,
        
        -- Parse tags into array for analysis
        SPLIT(tags, ',') AS tag_list,
        
        -- Parse languages
        SPLIT(languages, ',') AS language_list,
        
        -- Parse genres
        SPLIT(genre, ',') AS genre_list,
        
        -- Success indicators
        CASE 
            WHEN ROUND((
                CAST(REPLACE(REGEXP_EXTRACT(owners, '([0-9,]+)', 1), ',', '') AS BIGINT) + 
                CAST(REPLACE(REGEXP_EXTRACT(owners, '\\.\\. ([0-9,]+)', 1), ',', '') AS BIGINT)
            ) / 2, 0) > 1000000 AND average_forever > 600 THEN 'Hit'
            WHEN ROUND((
                CAST(REPLACE(REGEXP_EXTRACT(owners, '([0-9,]+)', 1), ',', '') AS BIGINT) + 
                CAST(REPLACE(REGEXP_EXTRACT(owners, '\\.\\. ([0-9,]+)', 1), ',', '') AS BIGINT)
            ) / 2, 0) > 100000 THEN 'Successful'
            WHEN ROUND((
                CAST(REPLACE(REGEXP_EXTRACT(owners, '([0-9,]+)', 1), ',', '') AS BIGINT) + 
                CAST(REPLACE(REGEXP_EXTRACT(owners, '\\.\\. ([0-9,]+)', 1), ',', '') AS BIGINT)
            ) / 2, 0) > 10000 THEN 'Moderate'
            ELSE 'Niche'
        END AS success_category

    FROM `workspace`.`raw_steam`.`raw_apps`
    WHERE name IS NOT NULL AND name != ''
)

SELECT * FROM parsed
  
[0m12:50:11.185036 [debug] [Thread-5 (]: SQL status: OK in 12.210 seconds
[0m12:50:11.185036 [debug] [Thread-5 (]: Databricks adapter: Cursor(session-id=01f1ad05-5d25-1304-ac9b-69f6a52c67a4, command-id=01f1ad05-5dd4-1f12-965f-25340383c8ed) - Closing
[0m12:50:11.452744 [debug] [Thread-5 (]: Applying tags to relation None
[0m12:50:11.483987 [debug] [Thread-5 (]: On model.dbt_steam_api.stg_steam_apps: Close
[0m12:50:11.483987 [debug] [Thread-5 (]: Databricks adapter: Connection(session-id=01f1ad05-5d25-1304-ac9b-69f6a52c67a4) - Closing
[0m12:50:11.702725 [debug] [Thread-5 (]: Sending event: {'category': 'dbt', 'action': 'run_model', 'label': '36f42977-9e56-4211-920a-2aaffda432a3', 'context': [<snowplow_tracker.self_describing_json.SelfDescribingJson object at 0x0000020E81936B10>]}
[0m12:50:11.702725 [info ] [Thread-5 (]: 1 of 7 OK created sql incremental model raw_steam_staging.stg_steam_apps ....... [[32mOK[0m in 14.75s]
[0m12:50:11.702725 [debug] [Thread-5 (]: Finished running node model.dbt_steam_api.stg_steam_apps
[0m12:50:11.702725 [debug] [Thread-5 (]: Began running node model.dbt_steam_api.bridge_game_genres
[0m12:50:11.718384 [info ] [Thread-5 (]: 2 of 7 START sql table model raw_steam_staging.bridge_game_genres .............. [RUN]
[0m12:50:11.720870 [debug] [Thread-5 (]: Databricks adapter: DatabricksDBTConnection(session-id=None, name=model.dbt_steam_api.bridge_game_genres) - Creating connection
[0m12:50:11.722541 [debug] [Thread-5 (]: Acquiring new databricks connection 'model.dbt_steam_api.bridge_game_genres'
[0m12:50:11.723545 [debug] [Thread-5 (]: Began compiling node model.dbt_steam_api.bridge_game_genres
[0m12:50:11.732560 [debug] [Thread-5 (]: Writing injected SQL for node "model.dbt_steam_api.bridge_game_genres"
[0m12:50:11.732560 [debug] [Thread-5 (]: Began executing node model.dbt_steam_api.bridge_game_genres
[0m12:50:11.781438 [debug] [Thread-5 (]: MATERIALIZING TABLE
[0m12:50:11.781438 [debug] [Thread-5 (]: Using databricks connection "model.dbt_steam_api.bridge_game_genres"
[0m12:50:11.781438 [debug] [Thread-5 (]: On model.dbt_steam_api.bridge_game_genres: /* {"app": "dbt", "dbt_version": "1.11.12", "dbt_databricks_version": "1.12.5", "databricks_sql_connector_version": "4.2.6", "profile_name": "databricks_free", "target_name": "dev", "invocation_id": "36f42977-9e56-4211-920a-2aaffda432a3", "node_id": "model.dbt_steam_api.bridge_game_genres"} */
SELECT
    table_catalog,
    table_schema,
    table_name,
    filter_name,
    target_columns
  FROM `workspace`.`information_schema`.`row_filters`
  WHERE table_catalog = 'workspace'
    AND table_schema = 'raw_steam_staging'
    AND table_name = 'bridge_game_genres'
[0m12:50:11.781438 [debug] [Thread-5 (]: Opening a new connection, currently in state init
[0m12:50:12.628626 [debug] [Thread-5 (]: Databricks adapter: Connection(session-id=01f1ad05-65d4-1286-9339-66a40e492ab5) - Created
[0m12:50:13.240057 [debug] [Thread-5 (]: SQL status: OK in 1.460 seconds
[0m12:50:13.255678 [debug] [Thread-5 (]: Databricks adapter: Cursor(session-id=01f1ad05-65d4-1286-9339-66a40e492ab5, command-id=01f1ad05-65f5-1e61-a38f-108e08397ac5) - Closing
[0m12:50:13.255678 [debug] [Thread-5 (]: Writing runtime sql for node "model.dbt_steam_api.bridge_game_genres"
[0m12:50:13.255678 [debug] [Thread-5 (]: Using databricks connection "model.dbt_steam_api.bridge_game_genres"
[0m12:50:13.255678 [debug] [Thread-5 (]: On model.dbt_steam_api.bridge_game_genres: /* {"app": "dbt", "dbt_version": "1.11.12", "dbt_databricks_version": "1.12.5", "databricks_sql_connector_version": "4.2.6", "profile_name": "databricks_free", "target_name": "dev", "invocation_id": "36f42977-9e56-4211-920a-2aaffda432a3", "node_id": "model.dbt_steam_api.bridge_game_genres"} */

  
    
        create or replace table `workspace`.`raw_steam_staging`.`bridge_game_genres`
      
      
    using delta
  
      
      
      
      
      
      
      
      
      as
      WITH exploded AS (
    SELECT
        appid,
        game_name,
        estimated_owners,
        avg_playtime_minutes,
        price,
        success_category,
        TRIM(g) AS genre
    FROM `workspace`.`raw_steam_staging`.`stg_steam_apps`,
    LATERAL EXPLODE(genre_list) AS t(g)
)

SELECT
    appid,
    game_name,
    genre,
    estimated_owners,
    avg_playtime_minutes,
    price,
    success_category,
    COUNT(*) OVER (PARTITION BY genre) AS games_in_genre
FROM exploded
WHERE genre IS NOT NULL AND genre != ''
  
[0m12:50:17.771876 [debug] [Thread-5 (]: SQL status: OK in 4.520 seconds
[0m12:50:17.771876 [debug] [Thread-5 (]: Databricks adapter: Cursor(session-id=01f1ad05-65d4-1286-9339-66a40e492ab5, command-id=01f1ad05-6657-1cd1-be3d-55f2d679e302) - Closing
[0m12:50:17.787442 [debug] [Thread-5 (]: Applying tags to relation None
[0m12:50:17.787442 [debug] [Thread-5 (]: On model.dbt_steam_api.bridge_game_genres: Close
[0m12:50:17.787442 [debug] [Thread-5 (]: Databricks adapter: Connection(session-id=01f1ad05-65d4-1286-9339-66a40e492ab5) - Closing
[0m12:50:17.974937 [debug] [Thread-5 (]: Sending event: {'category': 'dbt', 'action': 'run_model', 'label': '36f42977-9e56-4211-920a-2aaffda432a3', 'context': [<snowplow_tracker.self_describing_json.SelfDescribingJson object at 0x0000020E8F7FDE50>]}
[0m12:50:17.974937 [info ] [Thread-5 (]: 2 of 7 OK created sql table model raw_steam_staging.bridge_game_genres ......... [[32mOK[0m in 6.25s]
[0m12:50:17.974937 [debug] [Thread-5 (]: Finished running node model.dbt_steam_api.bridge_game_genres
[0m12:50:17.990566 [debug] [Thread-5 (]: Began running node model.dbt_steam_api.bridge_game_languages
[0m12:50:17.990566 [info ] [Thread-5 (]: 3 of 7 START sql table model raw_steam_staging.bridge_game_languages ........... [RUN]
[0m12:50:17.990566 [debug] [Thread-5 (]: Databricks adapter: DatabricksDBTConnection(session-id=None, name=model.dbt_steam_api.bridge_game_languages) - Creating connection
[0m12:50:18.004155 [debug] [Thread-5 (]: Acquiring new databricks connection 'model.dbt_steam_api.bridge_game_languages'
[0m12:50:18.007749 [debug] [Thread-5 (]: Began compiling node model.dbt_steam_api.bridge_game_languages
[0m12:50:18.018012 [debug] [Thread-5 (]: Writing injected SQL for node "model.dbt_steam_api.bridge_game_languages"
[0m12:50:18.030283 [debug] [Thread-5 (]: Began executing node model.dbt_steam_api.bridge_game_languages
[0m12:50:18.046401 [debug] [Thread-5 (]: MATERIALIZING TABLE
[0m12:50:18.049400 [debug] [Thread-5 (]: Using databricks connection "model.dbt_steam_api.bridge_game_languages"
[0m12:50:18.050399 [debug] [Thread-5 (]: On model.dbt_steam_api.bridge_game_languages: /* {"app": "dbt", "dbt_version": "1.11.12", "dbt_databricks_version": "1.12.5", "databricks_sql_connector_version": "4.2.6", "profile_name": "databricks_free", "target_name": "dev", "invocation_id": "36f42977-9e56-4211-920a-2aaffda432a3", "node_id": "model.dbt_steam_api.bridge_game_languages"} */
SELECT
    table_catalog,
    table_schema,
    table_name,
    filter_name,
    target_columns
  FROM `workspace`.`information_schema`.`row_filters`
  WHERE table_catalog = 'workspace'
    AND table_schema = 'raw_steam_staging'
    AND table_name = 'bridge_game_languages'
[0m12:50:18.051399 [debug] [Thread-5 (]: Opening a new connection, currently in state init
[0m12:50:18.933084 [debug] [Thread-5 (]: Databricks adapter: Connection(session-id=01f1ad05-698e-16a6-be89-4eafb7cf4047) - Created
[0m12:50:19.511285 [debug] [Thread-5 (]: SQL status: OK in 1.460 seconds
[0m12:50:19.511285 [debug] [Thread-5 (]: Databricks adapter: Cursor(session-id=01f1ad05-698e-16a6-be89-4eafb7cf4047, command-id=01f1ad05-69b8-1739-a03d-953af9eeca90) - Closing
[0m12:50:19.511285 [debug] [Thread-5 (]: Writing runtime sql for node "model.dbt_steam_api.bridge_game_languages"
[0m12:50:19.511285 [debug] [Thread-5 (]: Using databricks connection "model.dbt_steam_api.bridge_game_languages"
[0m12:50:19.511285 [debug] [Thread-5 (]: On model.dbt_steam_api.bridge_game_languages: /* {"app": "dbt", "dbt_version": "1.11.12", "dbt_databricks_version": "1.12.5", "databricks_sql_connector_version": "4.2.6", "profile_name": "databricks_free", "target_name": "dev", "invocation_id": "36f42977-9e56-4211-920a-2aaffda432a3", "node_id": "model.dbt_steam_api.bridge_game_languages"} */

  
    
        create or replace table `workspace`.`raw_steam_staging`.`bridge_game_languages`
      
      
    using delta
  
      
      
      
      
      
      
      
      
      as
      WITH exploded AS (
    SELECT
        appid,
        game_name,
        estimated_owners,
        avg_playtime_minutes,
        price,
        success_category,
        TRIM(lang) AS language
    FROM `workspace`.`raw_steam_staging`.`stg_steam_apps`,
    LATERAL EXPLODE(language_list) AS t(lang)
)

SELECT
    appid,
    game_name,
    language,
    estimated_owners,
    avg_playtime_minutes,
    price,
    success_category,
    COUNT(*) OVER (PARTITION BY language) AS games_with_language
FROM exploded
WHERE language IS NOT NULL AND language != ''
  
[0m12:50:23.495448 [debug] [Thread-5 (]: SQL status: OK in 3.980 seconds
[0m12:50:23.495448 [debug] [Thread-5 (]: Databricks adapter: Cursor(session-id=01f1ad05-698e-16a6-be89-4eafb7cf4047, command-id=01f1ad05-6a12-1467-8802-20a795127a2b) - Closing
[0m12:50:23.511070 [debug] [Thread-5 (]: Applying tags to relation None
[0m12:50:23.511070 [debug] [Thread-5 (]: On model.dbt_steam_api.bridge_game_languages: Close
[0m12:50:23.511070 [debug] [Thread-5 (]: Databricks adapter: Connection(session-id=01f1ad05-698e-16a6-be89-4eafb7cf4047) - Closing
[0m12:50:23.698556 [debug] [Thread-5 (]: Sending event: {'category': 'dbt', 'action': 'run_model', 'label': '36f42977-9e56-4211-920a-2aaffda432a3', 'context': [<snowplow_tracker.self_describing_json.SelfDescribingJson object at 0x0000020E8FA28740>]}
[0m12:50:23.698556 [info ] [Thread-5 (]: 3 of 7 OK created sql table model raw_steam_staging.bridge_game_languages ...... [[32mOK[0m in 5.71s]
[0m12:50:23.714183 [debug] [Thread-5 (]: Finished running node model.dbt_steam_api.bridge_game_languages
[0m12:50:23.714183 [debug] [Thread-5 (]: Began running node model.dbt_steam_api.bridge_game_tags
[0m12:50:23.714183 [info ] [Thread-5 (]: 4 of 7 START sql table model raw_steam_staging.bridge_game_tags ................ [RUN]
[0m12:50:23.714183 [debug] [Thread-5 (]: Databricks adapter: DatabricksDBTConnection(session-id=None, name=model.dbt_steam_api.bridge_game_tags) - Creating connection
[0m12:50:23.722736 [debug] [Thread-5 (]: Acquiring new databricks connection 'model.dbt_steam_api.bridge_game_tags'
[0m12:50:23.724511 [debug] [Thread-5 (]: Began compiling node model.dbt_steam_api.bridge_game_tags
[0m12:50:23.731444 [debug] [Thread-5 (]: Writing injected SQL for node "model.dbt_steam_api.bridge_game_tags"
[0m12:50:23.731444 [debug] [Thread-5 (]: Began executing node model.dbt_steam_api.bridge_game_tags
[0m12:50:23.746202 [debug] [Thread-5 (]: MATERIALIZING TABLE
[0m12:50:23.746202 [debug] [Thread-5 (]: Using databricks connection "model.dbt_steam_api.bridge_game_tags"
[0m12:50:23.746202 [debug] [Thread-5 (]: On model.dbt_steam_api.bridge_game_tags: /* {"app": "dbt", "dbt_version": "1.11.12", "dbt_databricks_version": "1.12.5", "databricks_sql_connector_version": "4.2.6", "profile_name": "databricks_free", "target_name": "dev", "invocation_id": "36f42977-9e56-4211-920a-2aaffda432a3", "node_id": "model.dbt_steam_api.bridge_game_tags"} */
SELECT
    table_catalog,
    table_schema,
    table_name,
    filter_name,
    target_columns
  FROM `workspace`.`information_schema`.`row_filters`
  WHERE table_catalog = 'workspace'
    AND table_schema = 'raw_steam_staging'
    AND table_name = 'bridge_game_tags'
[0m12:50:23.746202 [debug] [Thread-5 (]: Opening a new connection, currently in state init
[0m12:50:24.607134 [debug] [Thread-5 (]: Databricks adapter: Connection(session-id=01f1ad05-6cf2-130c-a0b4-dfedc832db79) - Created
[0m12:50:25.136654 [debug] [Thread-5 (]: SQL status: OK in 1.390 seconds
[0m12:50:25.152288 [debug] [Thread-5 (]: Databricks adapter: Cursor(session-id=01f1ad05-6cf2-130c-a0b4-dfedc832db79, command-id=01f1ad05-6d19-1d09-ad3f-f5c371e2e4f1) - Closing
[0m12:50:25.152288 [debug] [Thread-5 (]: Writing runtime sql for node "model.dbt_steam_api.bridge_game_tags"
[0m12:50:25.152288 [debug] [Thread-5 (]: Using databricks connection "model.dbt_steam_api.bridge_game_tags"
[0m12:50:25.152288 [debug] [Thread-5 (]: On model.dbt_steam_api.bridge_game_tags: /* {"app": "dbt", "dbt_version": "1.11.12", "dbt_databricks_version": "1.12.5", "databricks_sql_connector_version": "4.2.6", "profile_name": "databricks_free", "target_name": "dev", "invocation_id": "36f42977-9e56-4211-920a-2aaffda432a3", "node_id": "model.dbt_steam_api.bridge_game_tags"} */

  
    
        create or replace table `workspace`.`raw_steam_staging`.`bridge_game_tags`
      
      
    using delta
  
      
      
      
      
      
      
      
      
      as
      WITH exploded AS (
    SELECT
        appid,
        game_name,
        estimated_owners,
        avg_playtime_minutes,
        price,
        success_category,
        TRIM(tag) AS tag
    FROM `workspace`.`raw_steam_staging`.`stg_steam_apps`,
    LATERAL EXPLODE(tag_list) AS t(tag)
)

SELECT
    appid,
    game_name,
    tag,
    estimated_owners,
    avg_playtime_minutes,
    price,
    success_category,
    COUNT(*) OVER (PARTITION BY tag) AS games_with_tag
FROM exploded
WHERE tag IS NOT NULL AND tag != ''
  
[0m12:50:28.181112 [debug] [Thread-5 (]: SQL status: OK in 3.030 seconds
[0m12:50:28.181112 [debug] [Thread-5 (]: Databricks adapter: Cursor(session-id=01f1ad05-6cf2-130c-a0b4-dfedc832db79, command-id=01f1ad05-6d6f-135f-bd5c-2fe9d59a5dbf) - Closing
[0m12:50:28.181112 [debug] [Thread-5 (]: Applying tags to relation None
[0m12:50:28.181112 [debug] [Thread-5 (]: On model.dbt_steam_api.bridge_game_tags: Close
[0m12:50:28.196718 [debug] [Thread-5 (]: Databricks adapter: Connection(session-id=01f1ad05-6cf2-130c-a0b4-dfedc832db79) - Closing
[0m12:50:28.370294 [debug] [Thread-5 (]: Sending event: {'category': 'dbt', 'action': 'run_model', 'label': '36f42977-9e56-4211-920a-2aaffda432a3', 'context': [<snowplow_tracker.self_describing_json.SelfDescribingJson object at 0x0000020E8FA5E600>]}
[0m12:50:28.385849 [info ] [Thread-5 (]: 4 of 7 OK created sql table model raw_steam_staging.bridge_game_tags ........... [[32mOK[0m in 4.66s]
[0m12:50:28.385849 [debug] [Thread-5 (]: Finished running node model.dbt_steam_api.bridge_game_tags
[0m12:50:28.385849 [debug] [Thread-5 (]: Began running node model.dbt_steam_api.dim_games
[0m12:50:28.385849 [info ] [Thread-5 (]: 5 of 7 START sql table model raw_steam_staging.dim_games ....................... [RUN]
[0m12:50:28.401472 [debug] [Thread-5 (]: Databricks adapter: DatabricksDBTConnection(session-id=None, name=model.dbt_steam_api.dim_games) - Creating connection
[0m12:50:28.407020 [debug] [Thread-5 (]: Acquiring new databricks connection 'model.dbt_steam_api.dim_games'
[0m12:50:28.408011 [debug] [Thread-5 (]: Began compiling node model.dbt_steam_api.dim_games
[0m12:50:28.416091 [debug] [Thread-5 (]: Writing injected SQL for node "model.dbt_steam_api.dim_games"
[0m12:50:28.416091 [debug] [Thread-5 (]: Began executing node model.dbt_steam_api.dim_games
[0m12:50:28.428902 [debug] [Thread-5 (]: MATERIALIZING TABLE
[0m12:50:28.428902 [debug] [Thread-5 (]: Using databricks connection "model.dbt_steam_api.dim_games"
[0m12:50:28.428902 [debug] [Thread-5 (]: On model.dbt_steam_api.dim_games: /* {"app": "dbt", "dbt_version": "1.11.12", "dbt_databricks_version": "1.12.5", "databricks_sql_connector_version": "4.2.6", "profile_name": "databricks_free", "target_name": "dev", "invocation_id": "36f42977-9e56-4211-920a-2aaffda432a3", "node_id": "model.dbt_steam_api.dim_games"} */
SELECT
    table_catalog,
    table_schema,
    table_name,
    filter_name,
    target_columns
  FROM `workspace`.`information_schema`.`row_filters`
  WHERE table_catalog = 'workspace'
    AND table_schema = 'raw_steam_staging'
    AND table_name = 'dim_games'
[0m12:50:28.428902 [debug] [Thread-5 (]: Opening a new connection, currently in state init
[0m12:50:29.593277 [debug] [Thread-5 (]: Databricks adapter: Connection(session-id=01f1ad05-6fe6-1bc1-9d50-2570884c4839) - Created
[0m12:50:30.125535 [debug] [Thread-5 (]: SQL status: OK in 1.700 seconds
[0m12:50:30.141160 [debug] [Thread-5 (]: Databricks adapter: Cursor(session-id=01f1ad05-6fe6-1bc1-9d50-2570884c4839, command-id=01f1ad05-7012-176f-9363-28097924e3ef) - Closing
[0m12:50:30.156785 [debug] [Thread-5 (]: Writing runtime sql for node "model.dbt_steam_api.dim_games"
[0m12:50:30.156785 [debug] [Thread-5 (]: Using databricks connection "model.dbt_steam_api.dim_games"
[0m12:50:30.156785 [debug] [Thread-5 (]: On model.dbt_steam_api.dim_games: /* {"app": "dbt", "dbt_version": "1.11.12", "dbt_databricks_version": "1.12.5", "databricks_sql_connector_version": "4.2.6", "profile_name": "databricks_free", "target_name": "dev", "invocation_id": "36f42977-9e56-4211-920a-2aaffda432a3", "node_id": "model.dbt_steam_api.dim_games"} */

  
    
        create or replace table `workspace`.`raw_steam_staging`.`dim_games`
      
      
    using delta
  
      
      
      
      
      
      
      
      
      as
      SELECT
    appid,
    game_name,
    developer,
    publisher,
    price_tier,
    engagement_tier,
    success_category,
    tags,
    languages,
    genre,
    CURRENT_TIMESTAMP() AS loaded_at
FROM `workspace`.`raw_steam_staging`.`stg_steam_apps`
  
[0m12:50:33.230508 [debug] [Thread-5 (]: SQL status: OK in 3.070 seconds
[0m12:50:33.246064 [debug] [Thread-5 (]: Databricks adapter: Cursor(session-id=01f1ad05-6fe6-1bc1-9d50-2570884c4839, command-id=01f1ad05-7069-1285-a340-2496bbd504e4) - Closing
[0m12:50:33.246064 [debug] [Thread-5 (]: Applying tags to relation None
[0m12:50:33.246064 [debug] [Thread-5 (]: On model.dbt_steam_api.dim_games: Close
[0m12:50:33.246064 [debug] [Thread-5 (]: Databricks adapter: Connection(session-id=01f1ad05-6fe6-1bc1-9d50-2570884c4839) - Closing
[0m12:50:33.433620 [debug] [Thread-5 (]: Sending event: {'category': 'dbt', 'action': 'run_model', 'label': '36f42977-9e56-4211-920a-2aaffda432a3', 'context': [<snowplow_tracker.self_describing_json.SelfDescribingJson object at 0x0000020E8FAECA70>]}
[0m12:50:33.449174 [info ] [Thread-5 (]: 5 of 7 OK created sql table model raw_steam_staging.dim_games .................. [[32mOK[0m in 5.03s]
[0m12:50:33.449174 [debug] [Thread-5 (]: Finished running node model.dbt_steam_api.dim_games
[0m12:50:33.449174 [debug] [Thread-5 (]: Began running node model.dbt_steam_api.fct_game_performance
[0m12:50:33.449174 [info ] [Thread-5 (]: 6 of 7 START sql table model raw_steam_staging.fct_game_performance ............ [RUN]
[0m12:50:33.464798 [debug] [Thread-5 (]: Databricks adapter: DatabricksDBTConnection(session-id=None, name=model.dbt_steam_api.fct_game_performance) - Creating connection
[0m12:50:33.468493 [debug] [Thread-5 (]: Acquiring new databricks connection 'model.dbt_steam_api.fct_game_performance'
[0m12:50:33.472490 [debug] [Thread-5 (]: Began compiling node model.dbt_steam_api.fct_game_performance
[0m12:50:33.481528 [debug] [Thread-5 (]: Writing injected SQL for node "model.dbt_steam_api.fct_game_performance"
[0m12:50:33.481528 [debug] [Thread-5 (]: Began executing node model.dbt_steam_api.fct_game_performance
[0m12:50:33.495042 [debug] [Thread-5 (]: MATERIALIZING TABLE
[0m12:50:33.495042 [debug] [Thread-5 (]: Using databricks connection "model.dbt_steam_api.fct_game_performance"
[0m12:50:33.495042 [debug] [Thread-5 (]: On model.dbt_steam_api.fct_game_performance: /* {"app": "dbt", "dbt_version": "1.11.12", "dbt_databricks_version": "1.12.5", "databricks_sql_connector_version": "4.2.6", "profile_name": "databricks_free", "target_name": "dev", "invocation_id": "36f42977-9e56-4211-920a-2aaffda432a3", "node_id": "model.dbt_steam_api.fct_game_performance"} */
SELECT
    table_catalog,
    table_schema,
    table_name,
    filter_name,
    target_columns
  FROM `workspace`.`information_schema`.`row_filters`
  WHERE table_catalog = 'workspace'
    AND table_schema = 'raw_steam_staging'
    AND table_name = 'fct_game_performance'
[0m12:50:33.495042 [debug] [Thread-5 (]: Opening a new connection, currently in state init
[0m12:50:34.359326 [debug] [Thread-5 (]: Databricks adapter: Connection(session-id=01f1ad05-72c4-1717-afde-9df401ec2245) - Created
[0m12:50:34.970735 [debug] [Thread-5 (]: SQL status: OK in 1.480 seconds
[0m12:50:34.970735 [debug] [Thread-5 (]: Databricks adapter: Cursor(session-id=01f1ad05-72c4-1717-afde-9df401ec2245, command-id=01f1ad05-72eb-130c-93b7-fa8b1354bb58) - Closing
[0m12:50:34.986397 [debug] [Thread-5 (]: Writing runtime sql for node "model.dbt_steam_api.fct_game_performance"
[0m12:50:34.986397 [debug] [Thread-5 (]: Using databricks connection "model.dbt_steam_api.fct_game_performance"
[0m12:50:35.002018 [debug] [Thread-5 (]: On model.dbt_steam_api.fct_game_performance: /* {"app": "dbt", "dbt_version": "1.11.12", "dbt_databricks_version": "1.12.5", "databricks_sql_connector_version": "4.2.6", "profile_name": "databricks_free", "target_name": "dev", "invocation_id": "36f42977-9e56-4211-920a-2aaffda432a3", "node_id": "model.dbt_steam_api.fct_game_performance"} */

  
    
        create or replace table `workspace`.`raw_steam_staging`.`fct_game_performance`
      
      
    using delta
  
      
      
      
      
      
      
      
      
      as
      SELECT
    appid,
    game_name,
    developer,
    publisher,
    genre,
    price_tier,
    engagement_tier,
    success_category,

    -- Financial metrics
    price,
    original_price,
    COALESCE(discount, 0) AS discount,
    estimated_owners,
    ROUND(price * estimated_owners, 2) AS estimated_revenue,

    -- Engagement metrics
    avg_playtime_minutes,
    median_playtime_minutes,
    peak_concurrent_users,

    -- Ratios
    ROUND(avg_playtime_minutes / NULLIF(price, 0), 2) AS playtime_per_dollar,
    ROUND(peak_concurrent_users / NULLIF(estimated_owners, 0) * 100, 4) AS ccu_conversion_rate,

    CURRENT_DATE() AS snapshot_date

FROM `workspace`.`raw_steam_staging`.`stg_steam_apps`
  
[0m12:50:40.708727 [debug] [Thread-5 (]: SQL status: OK in 5.710 seconds
[0m12:50:40.724354 [debug] [Thread-5 (]: Databricks adapter: Cursor(session-id=01f1ad05-72c4-1717-afde-9df401ec2245, command-id=01f1ad05-734c-167c-a79d-74690d9c8cdc) - Closing
[0m12:50:40.911854 [debug] [Thread-5 (]: Applying tags to relation None
[0m12:50:40.911854 [debug] [Thread-5 (]: On model.dbt_steam_api.fct_game_performance: Close
[0m12:50:40.911854 [debug] [Thread-5 (]: Databricks adapter: Connection(session-id=01f1ad05-72c4-1717-afde-9df401ec2245) - Closing
[0m12:50:41.085211 [debug] [Thread-5 (]: Sending event: {'category': 'dbt', 'action': 'run_model', 'label': '36f42977-9e56-4211-920a-2aaffda432a3', 'context': [<snowplow_tracker.self_describing_json.SelfDescribingJson object at 0x0000020E8EDED0A0>]}
[0m12:50:41.085211 [info ] [Thread-5 (]: 6 of 7 OK created sql table model raw_steam_staging.fct_game_performance ....... [[32mOK[0m in 7.64s]
[0m12:50:41.085211 [debug] [Thread-5 (]: Finished running node model.dbt_steam_api.fct_game_performance
[0m12:50:41.085211 [debug] [Thread-5 (]: Began running node model.dbt_steam_api.mart_valve_recommendations
[0m12:50:41.085211 [info ] [Thread-5 (]: 7 of 7 START sql table model raw_steam_marts.mart_valve_recommendations ........ [RUN]
[0m12:50:41.085211 [debug] [Thread-5 (]: Databricks adapter: DatabricksDBTConnection(session-id=None, name=model.dbt_steam_api.mart_valve_recommendations) - Creating connection
[0m12:50:41.085211 [debug] [Thread-5 (]: Acquiring new databricks connection 'model.dbt_steam_api.mart_valve_recommendations'
[0m12:50:41.085211 [debug] [Thread-5 (]: Began compiling node model.dbt_steam_api.mart_valve_recommendations
[0m12:50:41.110916 [debug] [Thread-5 (]: Writing injected SQL for node "model.dbt_steam_api.mart_valve_recommendations"
[0m12:50:41.110916 [debug] [Thread-5 (]: Began executing node model.dbt_steam_api.mart_valve_recommendations
[0m12:50:41.110916 [debug] [Thread-5 (]: MATERIALIZING TABLE
[0m12:50:41.110916 [debug] [Thread-5 (]: Using databricks connection "model.dbt_steam_api.mart_valve_recommendations"
[0m12:50:41.127818 [debug] [Thread-5 (]: On model.dbt_steam_api.mart_valve_recommendations: /* {"app": "dbt", "dbt_version": "1.11.12", "dbt_databricks_version": "1.12.5", "databricks_sql_connector_version": "4.2.6", "profile_name": "databricks_free", "target_name": "dev", "invocation_id": "36f42977-9e56-4211-920a-2aaffda432a3", "node_id": "model.dbt_steam_api.mart_valve_recommendations"} */
SELECT
    table_catalog,
    table_schema,
    table_name,
    filter_name,
    target_columns
  FROM `workspace`.`information_schema`.`row_filters`
  WHERE table_catalog = 'workspace'
    AND table_schema = 'raw_steam_marts'
    AND table_name = 'mart_valve_recommendations'
[0m12:50:41.127818 [debug] [Thread-5 (]: Opening a new connection, currently in state init
[0m12:50:42.019135 [debug] [Thread-5 (]: Databricks adapter: Connection(session-id=01f1ad05-7751-187f-b918-6bb140217644) - Created
[0m12:50:42.543945 [debug] [Thread-5 (]: SQL status: OK in 1.420 seconds
[0m12:50:42.559571 [debug] [Thread-5 (]: Databricks adapter: Cursor(session-id=01f1ad05-7751-187f-b918-6bb140217644, command-id=01f1ad05-777b-1292-9b74-cef4cba8a6ec) - Closing
[0m12:50:42.575202 [debug] [Thread-5 (]: Writing runtime sql for node "model.dbt_steam_api.mart_valve_recommendations"
[0m12:50:42.575202 [debug] [Thread-5 (]: Using databricks connection "model.dbt_steam_api.mart_valve_recommendations"
[0m12:50:42.575202 [debug] [Thread-5 (]: On model.dbt_steam_api.mart_valve_recommendations: /* {"app": "dbt", "dbt_version": "1.11.12", "dbt_databricks_version": "1.12.5", "databricks_sql_connector_version": "4.2.6", "profile_name": "databricks_free", "target_name": "dev", "invocation_id": "36f42977-9e56-4211-920a-2aaffda432a3", "node_id": "model.dbt_steam_api.mart_valve_recommendations"} */

  
    
        create or replace table `workspace`.`raw_steam_marts`.`mart_valve_recommendations`
      
      
    using delta
  
      
      
      
      
      
      
      
      
      as
      -- ============================================
-- VALVE GAME DEVELOPMENT RECOMMENDATIONS
-- Uses bridge tables for many-to-many analysis
-- ============================================

-- 1. GENRE PERFORMANCE (from bridge table)
WITH genre_analysis AS (
    SELECT
        genre,
        COUNT(DISTINCT appid) AS game_count,
        ROUND(AVG(price), 2) AS avg_price,
        ROUND(AVG(estimated_owners), 0) AS avg_owners,
        ROUND(AVG(avg_playtime_minutes), 0) AS avg_playtime,
        SUM(CASE WHEN success_category = 'Hit' THEN 1 ELSE 0 END) AS hit_games,
        ROUND(100.0 * SUM(CASE WHEN success_category = 'Hit' THEN 1 ELSE 0 END) / COUNT(*), 2) AS hit_rate_pct
    FROM `workspace`.`raw_steam_staging`.`bridge_game_genres`
    WHERE genre IS NOT NULL AND genre != ''
    GROUP BY genre
),

-- 2. TAG PERFORMANCE (from bridge table)
tag_analysis AS (
    SELECT
        tag,
        COUNT(DISTINCT appid) AS game_count,
        ROUND(AVG(estimated_owners), 0) AS avg_owners,
        ROUND(AVG(price), 2) AS avg_price,
        SUM(CASE WHEN success_category = 'Hit' THEN 1 ELSE 0 END) AS hit_games,
        ROUND(100.0 * SUM(CASE WHEN success_category = 'Hit' THEN 1 ELSE 0 END) / COUNT(*), 2) AS hit_rate_pct
    FROM `workspace`.`raw_steam_staging`.`bridge_game_tags`
    WHERE tag IS NOT NULL AND tag != ''
    GROUP BY tag
    HAVING COUNT(DISTINCT appid) >= 5  -- Only tags with 5+ games
),

-- 3. LANGUAGE PERFORMANCE (from bridge table)
language_analysis AS (
    SELECT
        language,
        COUNT(DISTINCT appid) AS game_count,
        ROUND(AVG(estimated_owners), 0) AS avg_owners,
        ROUND(AVG(price), 2) AS avg_price,
        SUM(CASE WHEN success_category = 'Hit' THEN 1 ELSE 0 END) AS hit_games,
        ROUND(100.0 * SUM(CASE WHEN success_category = 'Hit' THEN 1 ELSE 0 END) / COUNT(*), 2) AS hit_rate_pct
    FROM `workspace`.`raw_steam_staging`.`bridge_game_languages`
    WHERE language IS NOT NULL AND language != ''
    GROUP BY language
    HAVING COUNT(DISTINCT appid) >= 5
),

-- 4. PRICE TIER PERFORMANCE (from fact table - single value per game)
price_analysis AS (
    SELECT
        price_tier,
        COUNT(*) AS game_count,
        ROUND(AVG(estimated_owners), 0) AS avg_owners,
        ROUND(AVG(discount), 0) AS avg_discount,
        SUM(CASE WHEN success_category IN ('Hit', 'Successful') THEN 1 ELSE 0 END) AS successful_games,
        ROUND(100.0 * SUM(CASE WHEN success_category IN ('Hit', 'Successful') THEN 1 ELSE 0 END) / COUNT(*), 2) AS success_rate_pct
    FROM `workspace`.`raw_steam_staging`.`fct_game_performance`
    GROUP BY price_tier
),

-- 5. ENGAGEMENT PERFORMANCE (from fact table - single value per game)
engagement_analysis AS (
    SELECT
        engagement_tier,
        COUNT(*) AS game_count,
        ROUND(AVG(price), 2) AS avg_price,
        ROUND(AVG(peak_concurrent_users), 0) AS avg_peak_ccu
    FROM `workspace`.`raw_steam_staging`.`fct_game_performance`
    GROUP BY engagement_tier
)

-- ============================================
-- FINAL OUTPUT: Separate sections for clarity
-- ============================================

-- Genre recommendations
SELECT
    'GENRE' AS category,
    genre AS item,
    hit_rate_pct AS score,
    CONCAT(
        'Genre "', genre, '" has ', hit_rate_pct, 
        '% hit rate (', hit_games, '/', game_count, ' games). ',
        'Avg price: $', avg_price, '. Avg owners: ', avg_owners,
        CASE WHEN hit_rate_pct >= 30 THEN ' ⭐ STRONG RECOMMENDATION'
             WHEN hit_rate_pct >= 15 THEN ' ✓ MODERATE POTENTIAL'
             ELSE ' ▪ NICHE MARKET' END
    ) AS recommendation
FROM genre_analysis
WHERE hit_rate_pct > 0

UNION ALL

-- Tag recommendations
SELECT
    'TAG' AS category,
    tag AS item,
    hit_rate_pct AS score,
    CONCAT(
        'Tag "', tag, '" appears in ', game_count, 
        ' games with ', hit_rate_pct, '% hit rate. ',
        'Avg owners: ', avg_owners
    ) AS recommendation
FROM tag_analysis
WHERE hit_rate_pct > 0

UNION ALL

-- Language recommendations
SELECT
    'LANGUAGE' AS category,
    language AS item,
    hit_rate_pct AS score,
    CONCAT(
        'Language "', language, '" in ', game_count, 
        ' games with ', hit_rate_pct, '% hit rate. ',
        CASE WHEN hit_rate_pct >= 30 THEN 'Prioritize localization!'
             WHEN hit_rate_pct >= 15 THEN 'Include if budget allows.'
             ELSE 'Consider post-launch.' END
    ) AS recommendation
FROM language_analysis
WHERE hit_rate_pct > 0

UNION ALL

-- Price tier recommendations
SELECT
    'PRICE' AS category,
    price_tier AS item,
    success_rate_pct AS score,
    CONCAT(
        'Price tier "', price_tier, '": ', success_rate_pct,
        '% success (', successful_games, '/', game_count, '). ',
        'Avg owners: ', avg_owners,
        CASE WHEN avg_discount > 20 THEN ' Heavy discounting.' ELSE ' Minimal discounting.' END
    ) AS recommendation
FROM price_analysis

UNION ALL

-- Engagement recommendations
SELECT
    'ENGAGEMENT' AS category,
    engagement_tier AS item,
    avg_peak_ccu AS score,
    CONCAT(
        'Games with "', engagement_tier, '" engagement: ',
        avg_peak_ccu, ' avg peak CCU. ',
        'Avg price: $', avg_price
    ) AS recommendation
FROM engagement_analysis
  
[0m12:50:47.404601 [debug] [Thread-5 (]: SQL status: OK in 4.830 seconds
[0m12:50:47.404601 [debug] [Thread-5 (]: Databricks adapter: Cursor(session-id=01f1ad05-7751-187f-b918-6bb140217644, command-id=01f1ad05-77ee-1e7a-b50e-ed7f92b6466a) - Closing
[0m12:50:47.420228 [debug] [Thread-5 (]: Applying tags to relation None
[0m12:50:47.420228 [debug] [Thread-5 (]: On model.dbt_steam_api.mart_valve_recommendations: Close
[0m12:50:47.420228 [debug] [Thread-5 (]: Databricks adapter: Connection(session-id=01f1ad05-7751-187f-b918-6bb140217644) - Closing
[0m12:50:47.654587 [debug] [Thread-5 (]: Sending event: {'category': 'dbt', 'action': 'run_model', 'label': '36f42977-9e56-4211-920a-2aaffda432a3', 'context': [<snowplow_tracker.self_describing_json.SelfDescribingJson object at 0x0000020E8FA446E0>]}
[0m12:50:47.654587 [info ] [Thread-5 (]: 7 of 7 OK created sql table model raw_steam_marts.mart_valve_recommendations ... [[32mOK[0m in 6.57s]
[0m12:50:47.670217 [debug] [Thread-5 (]: Finished running node model.dbt_steam_api.mart_valve_recommendations
[0m12:50:47.670217 [debug] [MainThread]: Databricks adapter: DatabricksDBTConnection(session-id=None, name=master) - Creating connection
[0m12:50:47.670217 [debug] [MainThread]: Acquiring new databricks connection 'master'
[0m12:50:47.670217 [info ] [MainThread]: 
[0m12:50:47.685877 [info ] [MainThread]: Finished running 1 incremental model, 6 table models in 0 hours 1 minutes and 11.04 seconds (71.04s).
[0m12:50:47.698675 [debug] [MainThread]: Command end result
[0m12:50:47.793272 [debug] [MainThread]: Wrote artifact WritableManifest to C:\Users\KaelThas\Documents\steam_analytics_api\dbt_steam_api\target\manifest.json
[0m12:50:47.808899 [debug] [MainThread]: Wrote artifact SemanticManifest to C:\Users\KaelThas\Documents\steam_analytics_api\dbt_steam_api\target\semantic_manifest.json
[0m12:50:47.808899 [debug] [MainThread]: Wrote artifact RunExecutionResult to C:\Users\KaelThas\Documents\steam_analytics_api\dbt_steam_api\target\run_results.json
[0m12:50:47.808899 [info ] [MainThread]: 
[0m12:50:47.808899 [info ] [MainThread]: [32mCompleted successfully[0m
[0m12:50:47.808899 [info ] [MainThread]: 
[0m12:50:47.808899 [info ] [MainThread]: Done. PASS=7 WARN=0 ERROR=0 SKIP=0 NO-OP=0 TOTAL=7
[0m12:50:47.828082 [debug] [MainThread]: Command `dbt run` succeeded at 12:50:47.828082 after 84.39 seconds
[0m12:50:47.829081 [debug] [MainThread]: Sending event: {'category': 'dbt', 'action': 'invocation', 'label': 'end', 'context': [<snowplow_tracker.self_describing_json.SelfDescribingJson object at 0x0000020E82E9E3C0>, <snowplow_tracker.self_describing_json.SelfDescribingJson object at 0x0000020E822EA030>, <snowplow_tracker.self_describing_json.SelfDescribingJson object at 0x0000020E819E5610>]}
[0m12:50:47.829081 [debug] [MainThread]: Flushing usage events
[0m12:50:50.210613 [debug] [MainThread]: An error was encountered while trying to flush usage events
